date,close,updown,comp,change,open,high,low,volume,amount,marcap,index_type
2018-07-02,2271.54,2,-54.59,-0.0235,2322.23,2327.59,2271.53,393265550,5990017994764,1518812068344080.0,KOSPI
2018-07-03,2272.76,1,1.22,0.0005,2285.88,2287.39,2252.36,366027823,6002085994344,1519169824625884.0,KOSPI
2018-07-04,2265.46,2,-7.3,-0.0032,2270.95,2280.81,2261.34,315103306,4880994735621,1514392988362243.0,KOSPI
2018-07-05,2257.55,2,-7.91,-0.0034999999999999,2264.74,2274.74,2243.9,346883778,5166569348330,1509639741725747.0,KOSPI
2018-07-06,2272.87,1,15.32,0.0068,2261.44,2283.75,2247.35,344433123,6358357730172,1519066699871086.0,KOSPI
2018-07-09,2285.8,1,12.93,0.0056999999999999,2276.92,2294.61,2267.25,352638929,5796356280980,1527555839535755.0,KOSPI
2018-07-10,2294.16,1,8.36,0.0037,2299.09,2305.84,2292.13,339918901,5038809435862,1533821000789050.0,KOSPI
2018-07-11,2280.62,2,-13.54,-0.0059,2277.22,2287.08,2262.77,422988851,5700944882684,1524675252177269.0,KOSPI
2018-07-12,2285.06,1,4.44,0.0019,2285.93,2298.56,2277.73,364407858,6157666591795,1527075839846068.0,KOSPI
2018-07-13,2310.9,1,25.84,0.0113,2293.07,2313.8,2293.07,291562667,6500717751063,1543892667554058.0,KOSPI
2018-07-16,2301.99,2,-8.91,-0.0039,2312.26,2317.84,2299.79,297122349,4968950237698,1538124413558617.0,KOSPI
2018-07-17,2297.92,2,-4.07,-0.0018,2302.95,2306.07,2290.24,379033611,4897898599332,1535441962423983.0,KOSPI
2018-07-18,2290.11,2,-7.81,-0.0034,2313.78,2319.39,2287.1,402771770,5032249001766,1531112599552728.0,KOSPI
2018-07-19,2282.29,2,-7.82,-0.0034,2298.91,2300.18,2278.94,464516252,5431161926643,1526048346516196.0,KOSPI
2018-07-20,2289.19,1,6.9,0.003,2281.36,2293.34,2269.55,353236050,4910685111632,1531651201045245.0,KOSPI
2018-07-23,2269.31,2,-19.88,-0.0087,2289.61,2289.61,2264.42,334290969,5549481739595,1517777198303028.0,KOSPI
2018-07-24,2280.2,1,10.89,0.0048,2273.15,2284.43,2263.13,436133079,5831914348041,1525094802386671.0,KOSPI
2018-07-25,2273.03,2,-7.17,-0.0031,2284.38,2292.61,2269.67,309319890,6142619801742,1520152854352159.0,KOSPI
2018-07-26,2289.06,1,16.03,0.0070999999999999,2284.51,2297.16,2276.54,303334181,6357106063496,1530914783783147.0,KOSPI
2018-07-27,2294.99,1,5.93,0.0026,2292.33,2295.27,2284.44,262143886,5091586506669,1535382663209649.0,KOSPI
2018-07-30,2293.51,2,-1.48,-0.0006,2290.18,2296.91,2283.29,206497608,4552317501764,1534963942393224.0,KOSPI
2018-07-31,2295.26,1,1.75,0.0008,2292.23,2296.6,2286.02,223927490,4878429087333,1536034531292007.0,KOSPI
2018-08-01,2307.07,1,11.81,0.0051,2301.17,2312.65,2301.13,219034945,4832858786781,1544459954630534.0,KOSPI
2018-08-02,2270.2,2,-36.87,-0.016,2304.14,2306.72,2265.46,352056565,5042803042239,1519901925772783.0,KOSPI
2018-08-03,2287.68,1,17.48,0.0077,2278.33,2288.93,2272.94,270494062,4312568032947,1531545566171179.0,KOSPI
2018-08-06,2286.5,2,-1.18,-0.0005,2288.51,2300.38,2283.26,244548774,4607350821441,1529611886744554.0,KOSPI
2018-08-07,2300.16,1,13.66,0.006,2290.85,2301.27,2279.55,230339675,4748559015112,1538743025266743.0,KOSPI
2018-08-08,2301.45,1,1.29,0.0006,2305.73,2308.6,2298.41,299691489,5518133744814,1540110623764887.0,KOSPI
2018-08-09,2303.71,1,2.26,0.001,2303.04,2303.71,2291.91,244882986,5985859284788,1541180722770705.0,KOSPI
2018-08-10,2282.79,2,-20.92,-0.0091,2295.21,2295.62,2277.89,286161078,6186206254325,1526683423245996.0,KOSPI
2018-08-13,2248.45,2,-34.34,-0.015,2266.43,2271.82,2238.55,335380511,5950055509959,1503939154352444.0,KOSPI
2018-08-14,2258.91,1,10.46,0.0046999999999999,2249.86,2262.52,2247.37,255216014,4872038898111,1510814983062929.0,KOSPI
2018-08-16,2240.8,2,-18.11,-0.008,2233.05,2244.08,2218.09,312519375,6021648650166,1497924103769965.0,KOSPI
2018-08-17,2247.05,1,6.25,0.0028,2244.61,2250.92,2240.14,238377527,4645284152168,1502273893640325.0,KOSPI
2018-08-20,2247.88,1,0.83,0.0004,2257.35,2264.42,2245.06,271600351,4418976884905,1502923724234727.0,KOSPI
2018-08-21,2270.06,1,22.18,0.0098999999999999,2248.04,2272.86,2244.59,294337213,5182953755161,1518199753227447.0,KOSPI
2018-08-22,2273.33,1,3.27,0.0014,2273.68,2280.31,2268.91,269270912,5425019391021,1521284193501082.0,KOSPI
2018-08-23,2282.6,1,9.27,0.0040999999999999,2282.57,2282.88,2268.06,338386224,5238289843965,1527487740875470.0,KOSPI
2018-08-24,2293.21,1,10.61,0.0046,2276.16,2295.22,2271.35,347291597,5136917947450,1534269101931912.0,KOSPI
2018-08-27,2299.3,1,6.09,0.0027,2297.32,2302.87,2289.41,307044931,5766323251561,1538348009819780.0,KOSPI
2018-08-28,2303.12,1,3.82,0.0017,2312.14,2314.6,2299.45,276889044,5503107308117,1540990367787281.0,KOSPI
2018-08-29,2309.03,1,5.91,0.0026,2304.66,2309.88,2300.21,268214663,4807772689423,1545071113164630.0,KOSPI
2018-08-30,2307.35,2,-1.68,-0.0007,2313.11,2320.85,2305.46,286926328,5252383391374,1544327569839559.0,KOSPI
2018-08-31,2322.88,1,15.53,0.0067,2298.13,2322.88,2295.72,255908832,5525835420504,1554873150915856.0,KOSPI
2018-09-03,2307.03,2,-15.85,-0.0068,2317.93,2318.72,2302.17,230513226,4096555310237,1543779721299269.0,KOSPI
2018-09-04,2315.72,1,8.69,0.0038,2308.96,2317.74,2302.17,277014039,4551220959913,1549614964045074.0,KOSPI
2018-09-05,2291.77,2,-23.95,-0.0103,2310.9,2315.43,2288.01,358187171,5390488672546,1533312914002780.0,KOSPI
2018-09-06,2287.61,2,-4.16,-0.0018,2288.8,2298.47,2284.5,387510638,5679574007389,1529906806560863.0,KOSPI
2018-09-07,2281.58,2,-6.03,-0.0026,2278.08,2286.82,2264.9,357560508,6263720900565,1525066818464548.0,KOSPI
2018-09-10,2288.66,1,7.08,0.0031,2277.35,2289.38,2276.6,312612746,5599499357387,1529962355040679.0,KOSPI
2018-09-11,2283.2,2,-5.46,-0.0024,2286.91,2295.76,2275.13,368210972,6188337337979,1525866107953332.0,KOSPI
2018-09-12,2282.92,2,-0.28,-0.0001,2286.28,2289.66,2271.0,336830263,6445490499188,1525237664943277.0,KOSPI
2018-09-13,2286.23,1,3.31,0.0014,2285.28,2291.51,2281.63,301308674,6598920994447,1526997038011347.0,KOSPI
2018-09-14,2318.25,1,32.02,0.0139999999999999,2304.7,2318.65,2304.15,292236044,5839237669833,1549484910540028.0,KOSPI
2018-09-17,2303.01,2,-15.24,-0.0066,2314.55,2314.55,2295.26,343167026,5079753892653,1538974309539551.0,KOSPI
2018-09-18,2308.98,1,5.97,0.0026,2287.73,2310.97,2287.42,309235497,5794170442618,1544113849239324.0,KOSPI
2018-09-19,2308.46,2,-0.52,-0.0002,2319.22,2319.22,2301.79,350949190,6382677284847,1544270948811315.0,KOSPI
2018-09-20,2323.45,1,14.99,0.0065,2314.41,2334.04,2311.56,289085599,6468799318884,1554805558664798.0,KOSPI
2018-09-21,2339.17,1,15.72,0.0068,2332.04,2339.17,2325.12,321703947,8286570453356,1565411083749636.0,KOSPI
2018-09-27,2355.43,1,16.26,0.0069999999999999,2331.7,2355.43,2331.7,279230447,7299705654606,1576072562770882.0,KOSPI
2018-09-28,2343.07,2,-12.36,-0.0052,2356.13,2356.62,2337.47,317870220,7215237062038,1567600410138137.0,KOSPI
2018-10-01,2338.88,2,-4.19,-0.0018,2349.64,2352.11,2333.32,278310244,5541730106068,1565088147353786.0,KOSPI
2018-10-02,2309.57,2,-29.31,-0.0125,2338.28,2341.55,2308.9,287868231,6394764332660,1545687250472083.0,KOSPI
2018-10-04,2274.49,2,-35.08,-0.0152,2311.06,2311.06,2270.22,309502297,7606334609281,1522077631611312.0,KOSPI
2018-10-05,2267.52,2,-6.97,-0.0031,2269.94,2278.12,2250.99,282139132,6398398547215,1516687626221016.0,KOSPI
2018-10-08,2253.83,2,-13.69,-0.006,2258.73,2273.71,2253.83,214644406,4478791949552,1507728175260388.0,KOSPI
2018-10-10,2228.61,2,-25.22,-0.0112,2256.03,2257.52,2222.95,365683910,8836407999393,1491298711172330.0,KOSPI
2018-10-11,2129.67,2,-98.94,-0.0444,2176.16,2186.69,2129.67,411919150,8335698664127,1425862543562146.0,KOSPI
2018-10-12,2161.85,1,32.18,0.0151,2131.66,2173.01,2129.13,292573680,6085083782185,1447954874236682.0,KOSPI
2018-10-15,2145.12,2,-16.73,-0.0077,2155.34,2159.23,2141.28,259176039,4708940231111,1436393187257125.0,KOSPI
2018-10-16,2145.12,3,0.0,0.0,2156.0,2161.76,2140.19,222512420,3936707732065,1436739589906666.0,KOSPI
2018-10-17,2167.51,1,22.39,0.0104,2169.44,2182.77,2159.37,275159713,5284969143372,1451605025541725.0,KOSPI
2018-10-18,2148.31,2,-19.2,-0.0089,2158.8,2168.01,2146.61,321762515,4229126676336,1438938480767734.0,KOSPI
2018-10-19,2156.26,1,7.95,0.0037,2130.06,2158.78,2117.62,351771056,4875051374475,1444034122500876.0,KOSPI
2018-10-22,2161.71,1,5.45,0.0025,2143.08,2163.21,2136.92,308740360,3910411312536,1447338908438749.0,KOSPI
2018-10-23,2106.1,2,-55.61,-0.0256999999999999,2147.3,2148.8,2094.69,373468365,6995701616997,1410671809809999.0,KOSPI
2018-10-24,2097.58,2,-8.52,-0.004,2119.19,2121.36,2092.1,399734277,6490106611511,1404498958966607.0,KOSPI
2018-10-25,2063.3,2,-34.28,-0.0163,2046.67,2066.06,2033.81,376014931,7607756030640,1381218885031170.0,KOSPI
2018-10-26,2027.15,2,-36.15,-0.0175,2066.57,2066.57,2008.86,449197781,6688109371676,1357749078363398.0,KOSPI
2018-10-29,1996.05,2,-31.1,-0.0153,2026.68,2045.76,1993.77,427304809,6359734182920,1337548193254955.0,KOSPI
2018-10-30,2014.69,1,18.64,0.0093,1985.95,2028.84,1985.95,441585024,7022060477564,1350728242365493.0,KOSPI
2018-10-31,2029.69,1,15.0,0.0074,2022.84,2030.5,2006.63,373027917,6347335573367,1361478009940289.0,KOSPI
2018-11-01,2024.46,2,-5.23,-0.0026,2035.11,2054.22,2023.43,343813982,5965853225311,1357721489101201.0,KOSPI
2018-11-02,2096.0,1,71.54,0.0353,2046.61,2096.63,2044.94,371978982,6798069287128,1405334524247641.0,KOSPI
2018-11-05,2076.92,2,-19.08,-0.0091,2079.81,2080.49,2052.67,361302495,4917286105689,1392607295640860.0,KOSPI
2018-11-06,2089.62,1,12.7,0.0060999999999999,2085.81,2092.61,2068.59,315816036,5143563252043,1400793160025069.0,KOSPI
2018-11-07,2078.69,2,-10.93,-0.0052,2090.32,2107.63,2072.48,485225008,6452003891470,1394112654139746.0,KOSPI
2018-11-08,2092.63,1,13.94,0.0067,2109.97,2120.88,2092.36,328034643,5987514683033,1403264488522132.0,KOSPI
2018-11-09,2086.09,2,-6.54,-0.0031,2093.89,2101.92,2082.47,298072439,5260639742532,1399495753141431.0,KOSPI
2018-11-12,2080.44,2,-5.65,-0.0027,2065.92,2087.24,2065.52,295528834,5542962416785,1396015015368220.0,KOSPI
2018-11-13,2071.23,2,-9.21,-0.0044,2047.62,2072.03,2032.05,383421096,5865351205238,1389821571154802.0,KOSPI
2018-11-14,2068.05,2,-3.18,-0.0015,2071.41,2075.12,2060.86,339046421,5561968951963,1387531772647114.0,KOSPI
2018-11-15,2088.06,1,20.01,0.0097,2061.47,2088.61,2058.73,351042679,4828619809984,1400644704481109.0,KOSPI
2018-11-16,2092.4,1,4.34,0.0021,2097.94,2103.11,2086.54,301604800,4837651605403,1403214070108003.0,KOSPI
2018-11-19,2100.56,1,8.16,0.0039,2096.13,2111.39,2089.37,273198192,4703756708323,1407580890523356.0,KOSPI
2018-11-20,2082.58,2,-17.98,-0.0086,2074.67,2089.54,2074.67,281685483,5043725349437,1394320913235383.0,KOSPI
2018-11-21,2076.55,2,-6.03,-0.0029,2057.07,2077.49,2049.76,267903665,5151648692417,1389907927315249.0,KOSPI
2018-11-22,2069.95,2,-6.6,-0.0032,2079.01,2081.75,2066.2,242498695,4152745756544,1385804543649564.0,KOSPI
2018-11-23,2057.48,2,-12.47,-0.006,2073.26,2075.91,2047.96,227202249,3774227154814,1377477156503286.0,KOSPI
2018-11-26,2083.02,1,25.54,0.0124,2060.17,2083.96,2060.17,237710998,4482314159182,1394139023522661.0,KOSPI
2018-11-27,2099.42,1,16.4,0.0079,2091.75,2102.29,2079.49,239211333,4554649438449,1405263073694450.0,KOSPI
2018-11-28,2108.22,1,8.8,0.0042,2104.13,2108.65,2094.32,300075899,4793983447025,1410935094058994.0,KOSPI
2018-11-29,2114.1,1,5.88,0.0028,2133.95,2136.74,2108.9,307230147,5304158577124,1414953063757803.0,KOSPI
2018-11-30,2096.86,2,-17.24,-0.0081999999999999,2116.83,2122.33,2093.83,427354687,7316750950445,1403482457591888.0,KOSPI
2018-12-03,2131.93,1,35.07,0.0167,2127.78,2136.64,2113.6,436588354,5571246218013,1427528842890565.0,KOSPI
2018-12-04,2114.35,2,-17.58,-0.0081999999999999,2125.67,2128.94,2105.45,507517915,5539552759800,1414637237271263.0,KOSPI
2018-12-05,2101.31,2,-13.04,-0.0062,2086.57,2107.69,2086.57,492716302,4802792506076,1405505401513177.0,KOSPI
2018-12-06,2068.69,2,-32.62,-0.0155,2094.62,2094.62,2064.0,537409666,5606457270821,1383505179302256.0,KOSPI
2018-12-07,2075.76,1,7.07,0.0034,2081.68,2086.84,2065.62,371590518,4318800488614,1389034610099779.0,KOSPI
2018-12-10,2053.79,2,-21.97,-0.0106,2048.45,2061.78,2043.21,344164081,4697529196041,1373936929456377.0,KOSPI
2018-12-11,2052.97,2,-0.82,-0.0004,2058.16,2060.94,2047.17,273932724,5020321840385,1373342570134826.0,KOSPI
2018-12-12,2082.57,1,29.6,0.0144,2062.77,2084.77,2061.13,457126806,5613049104300,1371559153619690.0,KOSPI
2018-12-13,2095.55,1,12.98,0.0062,2087.43,2104.43,2084.37,379818934,7941965801885,1379759767753823.0,KOSPI
2018-12-14,2069.38,2,-26.17,-0.0125,2095.64,2095.64,2061.4,448237566,5784241998914,1362231208465947.0,KOSPI
2018-12-17,2071.09,1,1.71,0.0008,2071.21,2075.93,2065.51,444522436,4764477303856,1363331838169250.0,KOSPI
2018-12-18,2062.11,2,-8.98,-0.0043,2057.39,2074.31,2054.26,429530034,5241610268028,1358110562555382.0,KOSPI
2018-12-19,2078.84,1,16.73,0.0081,2068.95,2080.65,2063.01,418796781,5124894547204,1368928570752260.0,KOSPI
2018-12-20,2060.12,2,-18.72,-0.009,2063.7,2071.08,2047.52,421064811,5483090122031,1356169265732605.0,KOSPI
2018-12-21,2061.49,1,1.37,0.0007,2052.7,2061.51,2049.76,311388830,5492537998707,1357352795408644.0,KOSPI
2018-12-24,2055.01,2,-6.48,-0.0031,2050.38,2059.94,2046.18,285275041,3843849185884,1352900455817700.0,KOSPI
2018-12-26,2028.01,2,-27.0,-0.0131,2028.81,2037.83,2014.28,321499356,5424078195801,1336757289211058.0,KOSPI
2018-12-27,2028.44,1,0.43,0.0002,2032.09,2035.57,2021.39,398021312,5351003742272,1335555861715532.0,KOSPI
2018-12-28,2041.04,1,12.6,0.0062,2036.7,2046.97,2035.41,352677713,4120695824217,1343971857985694.0,KOSPI
2019-01-02,2010.0,2,-31.04,-0.0152,2050.55,2053.45,2004.27,326367773,4295871822881,1323645396533233.0,KOSPI
2019-01-03,1993.7,2,-16.3,-0.0081,2011.81,2014.72,1991.65,427976017,5358519356361,1312758913016841.0,KOSPI
2019-01-04,2010.25,1,16.55,0.0083,1992.4,2011.56,1984.53,408990897,5490147620731,1323719372668579.0,KOSPI
2019-01-07,2037.1,1,26.85,0.0134,2034.24,2048.06,2030.9,440191435,5301385184683,1342381870636242.0,KOSPI
2019-01-08,2025.27,2,-11.83,-0.0058,2038.68,2042.7,2023.59,397831202,4826641977635,1333996220969886.0,KOSPI
2019-01-09,2064.71,1,39.44,0.0195,2034.19,2068.23,2034.19,386247767,5532688944833,1360852002032056.0,KOSPI
2019-01-10,2063.28,2,-1.43,-0.0007,2065.73,2072.81,2057.16,382877104,5434257496719,1359857820274138.0,KOSPI
2019-01-11,2075.57,1,12.29,0.006,2070.36,2076.99,2063.99,380061043,4592460536252,1368311381419713.0,KOSPI
2019-01-14,2064.52,2,-11.05,-0.0053,2070.49,2073.94,2059.46,432890569,4941021266486,1360565230505129.0,KOSPI
2019-01-15,2097.18,1,32.66,0.0158,2069.14,2098.01,2067.58,439488652,5236963734010,1382450777672374.0,KOSPI
2019-01-16,2106.1,1,8.92,0.0043,2098.65,2106.35,2091.92,500078131,5352467226713,1388695520077813.0,KOSPI
2019-01-17,2107.06,1,0.96,0.0005,2110.14,2117.43,2101.7,475884760,5857766808901,1389975886942780.0,KOSPI
2019-01-18,2124.28,1,17.22,0.0081999999999999,2116.43,2124.5,2113.44,456737721,5356125356124,1401233933236199.0,KOSPI
2019-01-21,2124.61,1,0.33,0.0002,2133.87,2134.17,2114.45,398034986,5320635085503,1401780023623738.0,KOSPI
2019-01-22,2117.77,2,-6.84,-0.0032,2126.03,2129.37,2108.91,419441359,4897406432421,1397318461758313.0,KOSPI
2019-01-23,2127.78,1,10.01,0.0046999999999999,2108.72,2131.05,2106.74,408600062,5170561792658,1403936953766212.0,KOSPI
2019-01-24,2145.03,1,17.25,0.0081,2127.88,2145.08,2125.48,413652271,6035836296861,1415738357524606.0,KOSPI
2019-01-25,2177.73,1,32.7,0.0152,2147.92,2178.01,2146.64,410001961,7065652406289,1437842917491483.0,KOSPI
2019-01-28,2177.3,2,-0.43,-0.0002,2184.41,2188.15,2169.17,371618518,6060559291829,1437491622562736.0,KOSPI
2019-01-29,2183.36,1,6.06,0.0028,2172.83,2183.36,2162.53,552586618,6504582924510,1441345148964529.0,KOSPI
2019-01-30,2206.2,1,22.84,0.0105,2183.49,2206.2,2177.88,480390487,6875692507420,1456059990001788.0,KOSPI
2019-01-31,2204.85,2,-1.35,-0.0006,2222.88,2222.88,2201.22,545247910,7762306856437,1455505296056499.0,KOSPI
2019-02-01,2203.46,2,-1.39,-0.0006,2211.93,2218.78,2201.41,479378556,6873999624152,1454699810793706.0,KOSPI
2019-02-07,2203.42,2,-0.04,0.0,2215.77,2215.79,2196.77,427842793,6339360759652,1454323219046604.0,KOSPI
2019-02-08,2177.05,2,-26.37,-0.012,2192.01,2192.48,2171.96,391029097,5728529606483,1436388008944814.0,KOSPI
2019-02-11,2180.73,1,3.68,0.0017,2180.54,2181.58,2167.36,406059815,5327610302057,1438816002281247.0,KOSPI
2019-02-12,2190.47,1,9.74,0.0045,2182.71,2195.05,2178.59,429940461,5929463237358,1446167642881578.0,KOSPI
2019-02-13,2201.48,1,11.01,0.005,2200.0,2203.71,2194.75,421989698,5585494555665,1453501270517371.0,KOSPI
2019-02-14,2225.85,1,24.37,0.0111,2195.92,2225.85,2186.09,573362007,6426022765504,1469357630739561.0,KOSPI
2019-02-15,2196.09,2,-29.76,-0.0134,2210.94,2210.94,2187.71,400591521,5097630832616,1449296807078938.0,KOSPI
2019-02-18,2210.89,1,14.8,0.0067,2207.36,2217.32,2203.0,314370950,4668186939202,1458936951056956.0,KOSPI
2019-02-19,2205.63,2,-5.26,-0.0024,2208.96,2213.87,2193.34,389093896,4534559338232,1455230606553823.0,KOSPI
2019-02-20,2229.76,1,24.13,0.0109,2216.74,2234.68,2213.83,374342331,5948416944791,1471936799830701.0,KOSPI
2019-02-21,2228.66,2,-1.1,-0.0005,2224.26,2234.31,2213.19,382510920,5480909639767,1471404502700458.0,KOSPI
2019-02-22,2230.5,1,1.84,0.0008,2222.32,2230.5,2217.08,409310838,4645184004326,1472581253373874.0,KOSPI
2019-02-25,2232.56,1,2.06,0.0009,2241.13,2241.76,2224.64,339233786,4689860737887,1473911027224693.0,KOSPI
2019-02-26,2226.6,2,-5.96,-0.0027,2230.37,2235.7,2221.76,331962323,5024237669533,1469933629795979.0,KOSPI
2019-02-27,2234.79,1,8.19,0.0037,2234.46,2237.77,2228.16,301513165,4914612941695,1475176574151260.0,KOSPI
2019-02-28,2195.44,2,-39.35,-0.0176,2231.58,2233.93,2195.44,510022158,8307295774617,1448767023638722.0,KOSPI
2019-03-04,2190.66,2,-4.78,-0.0022,2210.97,2216.02,2188.56,373166073,6405237020767,1445642000022302.0,KOSPI
2019-03-05,2179.23,2,-11.43,-0.0052,2183.35,2185.74,2171.33,313145801,4980940796207,1437785625516105.0,KOSPI
2019-03-06,2175.6,2,-3.63,-0.0017,2177.11,2179.01,2168.46,328943179,4828088089894,1435423976972670.0,KOSPI
2019-03-07,2165.79,2,-9.81,-0.0045,2173.19,2181.19,2155.19,292578442,4858918520562,1429496101537032.0,KOSPI
2019-03-08,2137.44,2,-28.35,-0.0131,2152.8,2159.67,2137.44,313314909,4497331235658,1410568349920833.0,KOSPI
2019-03-11,2138.1,1,0.66,0.0003,2140.29,2145.31,2125.54,272103487,4077476409974,1410561695000350.0,KOSPI
2019-03-12,2157.18,1,19.08,0.0089,2154.61,2161.69,2150.96,355282965,4222805054027,1424679600994820.0,KOSPI
2019-03-13,2148.41,2,-8.77,-0.0040999999999999,2152.66,2154.11,2134.16,285600820,4088450721573,1419083069943012.0,KOSPI
2019-03-14,2155.68,1,7.27,0.0034,2154.35,2158.34,2142.31,341009699,5882524412188,1423787458371483.0,KOSPI
2019-03-15,2176.11,1,20.43,0.0095,2152.96,2181.77,2152.59,387135808,6821323565354,1437037920963024.0,KOSPI
2019-03-18,2179.49,1,3.38,0.0016,2179.69,2183.9,2172.34,257951275,4093226224639,1439426927693641.0,KOSPI
2019-03-19,2177.62,2,-1.87,-0.0009,2183.03,2183.76,2171.05,319702553,3867859299559,1438506503408298.0,KOSPI
2019-03-20,2177.1,2,-0.52,-0.0002,2171.41,2177.19,2152.21,317606686,4175741034585,1438253702940605.0,KOSPI
2019-03-21,2184.88,1,7.78,0.0036,2183.11,2200.32,2173.7,342747152,6229925336110,1445055041479256.0,KOSPI
2019-03-22,2186.95,1,2.07,0.0009,2192.72,2195.42,2178.77,333617567,6881722527179,1446842699649707.0,KOSPI
2019-03-25,2144.86,2,-42.09,-0.0192,2158.8,2159.25,2143.7,307071247,4136472112423,1418438626634458.0,KOSPI
2019-03-26,2148.8,1,3.94,0.0018,2152.98,2153.9,2143.63,301253574,4248900137963,1421123429431263.0,KOSPI
2019-03-27,2145.62,2,-3.18,-0.0015,2147.19,2152.91,2132.42,363169415,4490155588700,1419130931621688.0,KOSPI
2019-03-28,2128.1,2,-17.52,-0.0081999999999999,2131.25,2136.4,2120.93,288036217,4403905967205,1409454255770860.0,KOSPI
2019-03-29,2140.67,1,12.57,0.0059,2138.45,2143.3,2124.07,364618638,5248941127868,1417246090700786.0,KOSPI
2019-04-01,2168.28,1,27.61,0.0129,2153.31,2171.49,2153.31,263312768,4365111400005,1435481137484246.0,KOSPI
2019-04-02,2177.18,1,8.9,0.0040999999999999,2177.2,2181.37,2171.84,257453028,4247457375716,1441635794811690.0,KOSPI
2019-04-03,2203.27,1,26.09,0.012,2176.81,2203.29,2172.83,358644921,5466968835112,1458945250841842.0,KOSPI
2019-04-04,2206.53,1,3.26,0.0015,2201.04,2216.15,2198.66,431013240,4857554113287,1461266733697704.0,KOSPI
2019-04-05,2209.61,1,3.08,0.0014,2206.36,2214.82,2205.26,517153053,4215786976690,1463238721453826.0,KOSPI
2019-04-08,2210.6,1,0.99,0.0004,2217.66,2217.87,2202.49,347910204,4660047203880,1464185952042604.0,KOSPI
2019-04-09,2213.56,1,2.96,0.0013,2212.32,2221.62,2203.54,414809277,4904129876338,1466472414510091.0,KOSPI
2019-04-10,2224.39,1,10.83,0.0049,2206.2,2225.02,2203.82,399694690,5135093645085,1473098586564393.0,KOSPI
2019-04-11,2224.44,1,0.05,0.0,2227.69,2230.41,2217.18,402016393,6022086522472,1473103445557845.0,KOSPI
2019-04-12,2233.45,1,9.01,0.0040999999999999,2221.1,2233.45,2212.88,449634273,6098417861762,1479300934871201.0,KOSPI
2019-04-15,2242.88,1,9.43,0.0042,2242.31,2251.22,2240.29,404160070,6668128939191,1485758717089295.0,KOSPI
2019-04-16,2248.63,1,5.75,0.0026,2241.06,2249.89,2235.72,569056241,7083490839974,1489660939148968.0,KOSPI
2019-04-17,2245.89,2,-2.74,-0.0012,2249.05,2252.05,2242.01,452474829,5586183776794,1488430885486793.0,KOSPI
2019-04-18,2213.77,2,-32.12,-0.0143,2248.8,2250.11,2210.43,573343371,6501103720627,1467185238379835.0,KOSPI
2019-04-19,2216.15,1,2.38,0.0011,2223.42,2225.37,2215.58,525263603,4965672211178,1468420930045869.0,KOSPI
2019-04-22,2216.65,1,0.5,0.0002,2218.5,2227.94,2207.25,493984426,4639971396933,1468803476988435.0,KOSPI
2019-04-23,2220.51,1,3.86,0.0017,2217.61,2223.92,2212.14,481177693,4922937803418,1471093767629332.0,KOSPI
2019-04-24,2201.03,2,-19.48,-0.0088,2229.75,2229.75,2190.29,575099947,6342430060053,1459265698733680.0,KOSPI
2019-04-25,2190.5,2,-10.53,-0.0048,2195.47,2200.89,2187.44,441137220,5610697148270,1452279955041841.0,KOSPI
2019-04-26,2179.31,2,-11.19,-0.0051,2178.13,2186.52,2168.15,570172114,5346145628898,1445304534300290.0,KOSPI
2019-04-29,2216.43,1,37.12,0.017,2183.41,2216.43,2181.82,380823202,4985905996916,1469579228609255.0,KOSPI
2019-04-30,2203.59,2,-12.84,-0.0058,2213.43,2215.77,2186.33,381413638,5697107343143,1461526970030485.0,KOSPI
2019-05-02,2212.75,1,9.16,0.0042,2192.94,2217.03,2191.3,369059331,5026634171010,1467462906862524.0,KOSPI
2019-05-03,2196.32,2,-16.43,-0.0074,2209.44,2211.36,2192.36,617877728,5297907288528,1456663139182857.0,KOSPI
2019-05-07,2176.99,2,-19.33,-0.0088,2172.39,2179.51,2160.44,484097411,5467056820124,1443681620648764.0,KOSPI
2019-05-08,2168.01,2,-8.98,-0.0040999999999999,2151.34,2179.34,2151.34,456333730,5170590567606,1437428069486080.0,KOSPI
2019-05-09,2102.01,2,-66.0,-0.0304,2159.79,2164.98,2102.01,743506582,8236437835734,1393596819333551.0,KOSPI
2019-05-10,2108.04,1,6.03,0.0029,2118.42,2124.92,2090.39,714766047,6407849437506,1397898972342239.0,KOSPI
2019-05-13,2079.01,2,-29.03,-0.0138,2091.8,2101.09,2077.72,505750965,4601110960483,1378695078971849.0,KOSPI
2019-05-14,2081.84,1,2.83,0.0014,2060.24,2093.41,2056.74,696195115,5865911939540,1379906842807898.0,KOSPI
2019-05-15,2092.78,1,10.94,0.0053,2081.92,2100.01,2076.46,577794538,5052873495733,1386708606204295.0,KOSPI
2019-05-16,2067.69,2,-25.09,-0.012,2094.88,2095.58,2062.44,745164325,6042439759139,1369732050106538.0,KOSPI
2019-05-17,2055.8,2,-11.89,-0.0058,2081.57,2082.83,2053.79,537380478,5378895113211,1361632447436614.0,KOSPI
2019-05-20,2055.71,2,-0.09,0.0,2066.53,2077.1,2051.69,640195314,4889671212570,1361781952181663.0,KOSPI
2019-05-21,2061.25,1,5.54,0.0027,2056.95,2076.47,2053.69,526858525,5272368951235,1366112085429248.0,KOSPI
2019-05-22,2064.86,1,3.61,0.0018,2068.65,2070.8,2048.01,509974355,4637965353551,1368593282436184.0,KOSPI
2019-05-23,2059.59,2,-5.27,-0.0026,2063.25,2065.86,2046.82,509268840,4819255464431,1365939860322670.0,KOSPI
2019-05-24,2045.31,2,-14.28,-0.0069,2047.3,2057.38,2035.98,480647785,4581385647751,1356099663065172.0,KOSPI
2019-05-27,2044.21,2,-1.1,-0.0005,2044.25,2055.13,2035.87,351616397,3506626756142,1355615535137494.0,KOSPI
2019-05-28,2048.83,1,4.62,0.0023,2044.77,2058.42,2038.52,494478506,8080272646290,1358437863665667.0,KOSPI
2019-05-29,2023.32,2,-25.51,-0.0125,2046.71,2046.71,2016.25,380893908,4686652421993,1345376066236881.0,KOSPI
2019-05-30,2038.8,1,15.48,0.0077,2024.33,2040.66,2023.91,461850038,4978843426528,1356387791900666.0,KOSPI
2019-05-31,2041.74,1,2.94,0.0014,2029.03,2048.9,2022.97,439181700,5039081178642,1358693515769970.0,KOSPI
2019-06-03,2067.85,1,26.11,0.0128,2031.03,2070.58,2029.17,387145916,4640456999164,1376865465427038.0,KOSPI
2019-06-04,2066.97,2,-0.88,-0.0004,2066.78,2072.19,2060.98,435991771,4841760568903,1376101514669566.0,KOSPI
2019-06-05,2069.11,1,2.14,0.001,2084.16,2086.49,2065.71,380156934,4506227704256,1377885042288038.0,KOSPI
2019-06-07,2072.33,1,3.22,0.0016,2070.78,2081.16,2057.97,368392099,4347351437913,1380064127113859.0,KOSPI
2019-06-10,2099.49,1,27.16,0.0131,2087.37,2099.65,2075.51,457640868,4214043636528,1398084995736478.0,KOSPI
2019-06-11,2111.81,1,12.32,0.0059,2096.09,2114.57,2094.6,550740467,4276695054674,1406104185676976.0,KOSPI
2019-06-12,2108.75,2,-3.06,-0.0014,2111.66,2118.89,2104.41,693507706,4661009625755,1404084076348163.0,KOSPI
2019-06-13,2103.15,2,-5.6,-0.0027,2104.46,2108.01,2081.92,553393426,5998223016935,1400059107793614.0,KOSPI
2019-06-14,2095.41,2,-7.74,-0.0037,2096.32,2103.02,2087.47,473370326,4716415804710,1395025949435908.0,KOSPI
2019-06-17,2090.73,2,-4.68,-0.0022,2091.71,2103.59,2087.25,561550094,4255706319709,1391569061376270.0,KOSPI
2019-06-18,2098.71,1,7.98,0.0038,2089.31,2103.02,2089.31,600964477,4579592121214,1397358727371354.0,KOSPI
2019-06-19,2124.78,1,26.07,0.0124,2119.54,2126.74,2117.64,862980408,4984533534690,1414680218091750.0,KOSPI
2019-06-20,2131.29,1,6.51,0.0031,2121.78,2131.77,2120.42,1007158995,3994784100460,1419450952962012.0,KOSPI
2019-06-21,2125.62,2,-5.67,-0.0027,2132.38,2132.68,2120.15,692027953,5226303238863,1415602954777338.0,KOSPI
2019-06-24,2126.33,1,0.71,0.0003,2130.32,2134.48,2123.88,669639947,4054920629380,1416221253476645.0,KOSPI
2019-06-25,2121.64,2,-4.69,-0.0022,2125.74,2136.24,2115.11,642999230,4249731983881,1413099198036989.0,KOSPI
2019-06-26,2121.85,1,0.21,0.0001,2120.2,2128.25,2115.72,736851548,4455865231022,1413592489240463.0,KOSPI
2019-06-27,2134.32,1,12.47,0.0059,2120.73,2141.27,2118.22,644900239,5122462360257,1421656474616490.0,KOSPI
2019-06-28,2130.62,2,-3.7,-0.0017,2135.06,2139.24,2123.97,537274612,4282404579120,1419520754393242.0,KOSPI
2019-07-01,2129.74,2,-0.88,-0.0004,2147.24,2147.24,2126.87,412291132,4730192766096,1419133353748724.0,KOSPI
2019-07-02,2122.02,2,-7.72,-0.0036,2122.07,2130.86,2112.52,460830079,4107541802523,1413906577386491.0,KOSPI
2019-07-03,2096.02,2,-26.0,-0.0123,2120.75,2127.71,2093.32,522709122,4615984289060,1396737258553866.0,KOSPI
2019-07-04,2108.73,1,12.71,0.0060999999999999,2102.36,2108.8,2088.97,446932809,4542737856067,1405237689270569.0,KOSPI
2019-07-05,2110.59,1,1.86,0.0009,2111.0,2115.43,2096.23,459391351,4025814142961,1405984668360227.0,KOSPI
2019-07-08,2064.17,2,-46.42,-0.022,2091.91,2092.54,2063.78,515950186,4349730300900,1375390948206713.0,KOSPI
2019-07-09,2052.03,2,-12.14,-0.0059,2070.35,2075.3,2052.03,440122152,4439841139763,1367889452286573.0,KOSPI
2019-07-10,2058.78,1,6.75,0.0033,2061.55,2068.2,2056.48,355677692,3938556515348,1372819300454448.0,KOSPI
2019-07-11,2080.58,1,21.8,0.0106,2070.59,2088.24,2070.21,376675258,5057466110194,1387530387969924.0,KOSPI
2019-07-12,2086.66,1,6.08,0.0029,2083.53,2090.43,2077.35,403935256,3775268693354,1391297124253375.0,KOSPI
2019-07-15,2082.48,2,-4.18,-0.002,2083.39,2088.34,2073.1,463519822,3740179786626,1388670529494367.0,KOSPI
2019-07-16,2091.87,1,9.39,0.0045,2084.46,2096.67,2078.74,682802883,5284192503571,1394462438582037.0,KOSPI
2019-07-17,2072.92,2,-18.95,-0.0091,2079.91,2080.01,2063.49,761626214,4643511817295,1381856023931305.0,KOSPI
2019-07-18,2066.55,2,-6.37,-0.0031,2068.66,2073.2,2061.33,446644261,3939883928809,1377591720176989.0,KOSPI
2019-07-19,2094.36,1,27.81,0.0135,2080.21,2096.73,2076.51,394904496,4198431742061,1396345455409810.0,KOSPI
2019-07-22,2093.34,2,-1.02,-0.0005,2090.35,2099.34,2087.51,332629659,3206206972692,1395686187722320.0,KOSPI
2019-07-23,2101.45,1,8.11,0.0039,2095.76,2106.39,2095.38,648123964,4601029966914,1401179455863691.0,KOSPI
2019-07-24,2082.3,2,-19.15,-0.0091,2097.16,2105.68,2080.66,851392616,4233306335221,1387937020110742.0,KOSPI
2019-07-25,2074.48,2,-7.82,-0.0038,2085.67,2088.81,2061.08,598634494,5207429586665,1383500621064489.0,KOSPI
2019-07-26,2066.26,2,-8.22,-0.004,2063.35,2068.16,2054.64,589074008,5138752090160,1378062580766348.0,KOSPI
2019-07-29,2029.48,2,-36.78,-0.0178,2059.13,2063.13,2025.01,608670823,4681216489006,1353730489286975.0,KOSPI
2019-07-30,2038.68,1,9.2,0.0045,2035.32,2044.59,2032.61,547029568,3877489154438,1359687443391970.0,KOSPI
2019-07-31,2024.55,2,-14.13,-0.0069,2036.46,2041.16,2010.95,589386215,5532912844793,1349751511726427.0,KOSPI
2019-08-01,2017.34,2,-7.21,-0.0036,2015.09,2032.23,2009.33,461743301,4443149841476,1344605608058001.0,KOSPI
2019-08-02,1998.13,2,-19.21,-0.0095,1995.31,2005.31,1987.12,438538034,5338221152118,1331726020788260.0,KOSPI
2019-08-05,1946.98,2,-51.15,-0.0256,1985.93,1987.64,1945.39,639603860,6599770833210,1298224308531082.0,KOSPI
2019-08-06,1917.5,2,-29.48,-0.0151,1900.36,1948.53,1891.81,739588000,7179083067752,1278708145720892.0,KOSPI
2019-08-07,1909.71,2,-7.79,-0.0040999999999999,1925.33,1929.29,1901.61,760777428,5373398012266,1273695153746569.0,KOSPI
2019-08-08,1920.61,1,10.9,0.0056999999999999,1926.28,1937.95,1915.81,777165791,6769546464363,1280853901512378.0,KOSPI
2019-08-09,1937.75,1,17.14,0.0089,1940.06,1946.94,1936.14,654344213,5051265070927,1292314441538221.0,KOSPI
2019-08-12,1942.29,1,4.54,0.0023,1941.53,1949.19,1933.25,427140753,3997754683679,1295503767211319.0,KOSPI
2019-08-13,1925.83,2,-16.46,-0.0085,1928.76,1937.68,1923.58,660040626,4340208917859,1284457198078696.0,KOSPI
2019-08-14,1938.37,1,12.54,0.0065,1946.18,1952.22,1937.23,699585019,5076486427994,1293001856990476.0,KOSPI
2019-08-16,1927.17,2,-11.2,-0.0058,1921.49,1927.7,1911.72,421682099,4274269397700,1286042560145130.0,KOSPI
2019-08-19,1939.9,1,12.73,0.0066,1936.64,1943.09,1931.44,481022288,3771542443910,1294140224486057.0,KOSPI
2019-08-20,1960.25,1,20.35,0.0105,1942.99,1964.16,1937.53,463604646,4130252993012,1308076037423150.0,KOSPI
2019-08-21,1964.65,1,4.4,0.0022,1954.57,1971.12,1954.47,391567810,3821800903409,1310906717019207.0,KOSPI
2019-08-22,1951.01,2,-13.64,-0.0069,1966.6,1967.96,1951.01,435564555,4095130339760,1301909073653730.0,KOSPI
2019-08-23,1948.3,2,-2.71,-0.0014,1942.42,1953.85,1940.6,381086832,3498464866062,1299891726431822.0,KOSPI
2019-08-26,1916.31,2,-31.99,-0.0163999999999999,1915.34,1924.49,1909.92,324853162,3751275939269,1278910758650452.0,KOSPI
2019-08-27,1924.6,1,8.29,0.0043,1928.98,1937.42,1919.28,427042158,5037419815890,1284739456203263.0,KOSPI
2019-08-28,1941.09,1,16.49,0.0086,1929.96,1943.62,1926.43,284344281,3288745364966,1295572074441471.0,KOSPI
2019-08-29,1933.41,2,-7.68,-0.004,1943.55,1947.15,1928.49,285103063,3709595768204,1290373159181341.0,KOSPI
2019-08-30,1967.79,1,34.38,0.0178,1951.66,1971.21,1951.3,317733276,4371488503868,1313598665258278.0,KOSPI
2019-09-02,1969.19,1,1.4,0.0007,1961.19,1973.25,1958.59,262154290,2924232192062,1314134426075348.0,KOSPI
2019-09-03,1965.69,2,-3.5,-0.0018,1966.5,1976.37,1960.15,342077082,3916057996542,1311680052177079.0,KOSPI
2019-09-04,1988.53,1,22.84,0.0116,1962.43,1988.53,1962.08,348722016,4133684498548,1326785677999283.0,KOSPI
2019-09-05,2004.75,1,16.22,0.0081999999999999,1993.62,2015.39,1992.51,488067460,5556532181275,1338476907583737.0,KOSPI
2019-09-06,2009.13,1,4.38,0.0022,2016.11,2017.2,2005.69,384440919,3667155354748,1341565099600064.0,KOSPI
2019-09-09,2019.55,1,10.42,0.0052,2013.38,2029.8,2013.28,511821080,4401821569599,1348800307788299.0,KOSPI
2019-09-10,2032.08,1,12.53,0.0062,2024.79,2034.28,2021.58,504390675,4458784974942,1356956832532173.0,KOSPI
2019-09-11,2049.2,1,17.12,0.0084,2043.72,2050.8,2040.04,429075391,5997521226847,1368161366688447.0,KOSPI
2019-09-16,2062.22,1,13.02,0.0064,2056.26,2062.22,2044.8,493516015,5676634123849,1376560744085651.0,KOSPI
2019-09-17,2062.33,1,0.11,0.0001,2058.72,2066.33,2055.17,507995193,4572240815084,1376689373343846.0,KOSPI
2019-09-18,2070.73,1,8.4,0.0040999999999999,2064.42,2075.63,2058.52,613147930,4849403756630,1382698755389613.0,KOSPI
2019-09-19,2080.35,1,9.62,0.0046,2070.53,2089.81,2070.53,493037906,4796838356382,1390937570288631.0,KOSPI
2019-09-20,2091.52,1,11.17,0.0054,2080.86,2092.37,2077.3,589919812,5401656950633,1398474981721940.0,KOSPI
2019-09-23,2091.7,1,0.18,0.0001,2087.7,2095.54,2085.6,420948452,4095773985804,1398458459189431.0,KOSPI
2019-09-24,2101.04,1,9.34,0.0045,2090.19,2101.63,2085.91,535771028,4406729259064,1404448758965775.0,KOSPI
2019-09-25,2073.39,2,-27.65,-0.0132,2093.47,2095.27,2072.41,651551743,5181991511224,1386072581864125.0,KOSPI
2019-09-26,2074.52,1,1.13,0.0005,2082.66,2087.33,2064.34,430577353,4656831355926,1387334938947795.0,KOSPI
2019-09-27,2049.93,2,-24.59,-0.0118999999999999,2066.96,2066.96,2044.75,285943315,3489260824871,1370704841116332.0,KOSPI
2019-09-30,2063.05,1,13.12,0.0064,2045.77,2064.99,2042.01,327625088,3709169292668,1379383990482194.0,KOSPI
2019-10-01,2072.42,1,9.37,0.0045,2062.44,2077.48,2057.91,389336196,3869998424287,1385453397293141.0,KOSPI
2019-10-02,2031.91,2,-40.51,-0.0195,2058.23,2058.23,2031.91,414460340,3933921932793,1358586984595908.0,KOSPI
2019-10-04,2020.69,2,-11.22,-0.0055,2028.4,2039.43,2020.69,402940876,3963264425877,1351390760877189.0,KOSPI
2019-10-07,2021.73,1,1.04,0.0005,2031.53,2034.94,2016.19,322184598,3412076289043,1351980508689979.0,KOSPI
2019-10-08,2046.25,1,24.52,0.0121,2029.37,2046.81,2024.63,437517313,4256283543301,1368408579392448.0,KOSPI
2019-10-10,2028.15,2,-18.1,-0.0088,2030.13,2040.88,2010.9,445846412,5612446184283,1356703391347914.0,KOSPI
2019-10-11,2044.61,1,16.46,0.0081,2048.08,2053.94,2040.48,381147036,3790613421857,1367727113719942.0,KOSPI
2019-10-14,2067.4,1,22.79,0.0111,2068.13,2075.1,2065.53,511215908,4579415090999,1382961056983902.0,KOSPI
2019-10-15,2068.17,1,0.77,0.0004,2064.78,2073.21,2064.34,464533785,4138985920292,1383418736834437.0,KOSPI
2019-10-16,2082.83,1,14.66,0.0070999999999999,2080.92,2090.01,2073.8,524545161,4463659000161,1393413064808508.0,KOSPI
2019-10-17,2077.94,2,-4.89,-0.0023,2081.76,2087.15,2072.49,314177112,3484053994750,1390071921609544.0,KOSPI
2019-10-18,2060.69,2,-17.25,-0.0083,2082.23,2088.54,2057.89,516687848,5429306546798,1378751961323373.0,KOSPI
2019-10-21,2064.84,1,4.15,0.002,2067.97,2067.97,2059.33,606108725,3598365529933,1381669311538777.0,KOSPI
2019-10-22,2088.86,1,24.02,0.0116,2076.29,2093.81,2073.08,504063331,4811062528761,1398014600027705.0,KOSPI
2019-10-23,2080.62,2,-8.24,-0.0039,2086.81,2088.25,2074.88,429453295,5110883572829,1392517281127201.0,KOSPI
2019-10-24,2085.66,1,5.04,0.0024,2089.85,2089.85,2067.9,367717362,5208814264302,1396059213375811.0,KOSPI
2019-10-25,2087.89,1,2.23,0.0011,2091.16,2091.24,2079.3,348686136,4429328925874,1397792837886505.0,KOSPI
2019-10-28,2093.6,1,5.71,0.0027,2096.67,2104.39,2089.76,269233762,3853804704594,1401486782733967.0,KOSPI
2019-10-29,2092.69,2,-0.91,-0.0004,2103.92,2105.17,2088.04,357662332,4067889827188,1400636741907645.0,KOSPI
2019-10-30,2080.27,2,-12.42,-0.0059,2093.51,2093.51,2075.54,415551707,5051507872111,1395052464655768.0,KOSPI
2019-10-31,2083.48,1,3.21,0.0015,2089.22,2103.71,2083.48,461322641,5777340831340,1397134899920708.0,KOSPI
2019-11-01,2100.2,1,16.72,0.008,2084.79,2100.42,2081.53,418314118,4599472628630,1408824195271186.0,KOSPI
2019-11-04,2130.24,1,30.04,0.0143,2111.32,2130.83,2111.32,476256619,5636693373532,1429190862087146.0,KOSPI
2019-11-05,2142.64,1,12.4,0.0058,2133.66,2143.12,2128.7,400643651,5181344024819,1437952192468307.0,KOSPI
2019-11-06,2144.15,1,1.51,0.0007,2142.69,2156.23,2138.83,410084729,5680104712316,1439014571334566.0,KOSPI
2019-11-07,2144.29,1,0.14,0.0001,2141.05,2147.01,2135.45,425662849,5134908306978,1439008868618916.0,KOSPI
2019-11-08,2137.23,2,-7.06,-0.0033,2154.18,2155.94,2133.75,574127089,5969290119249,1433704068497244.0,KOSPI
2019-11-11,2124.09,2,-13.14,-0.0060999999999999,2139.07,2139.07,2119.07,617265604,5346845749690,1425038219436537.0,KOSPI
2019-11-12,2140.92,1,16.83,0.0079,2131.26,2140.94,2121.8,610428626,5743924329266,1436296710316202.0,KOSPI
2019-11-13,2122.45,2,-18.47,-0.0086,2132.48,2133.37,2118.67,664365647,5376790550529,1425460703380136.0,KOSPI
2019-11-14,2139.23,1,16.78,0.0079,2127.54,2139.23,2121.32,521109826,6080226339496,1435960435240916.0,KOSPI
2019-11-15,2162.18,1,22.95,0.0107,2137.96,2165.02,2135.26,556246041,5694837187629,1451470351501471.0,KOSPI
2019-11-18,2160.69,2,-1.49,-0.0007,2161.89,2165.89,2151.97,489233053,4450920014374,1450349808632151.0,KOSPI
2019-11-19,2153.24,2,-7.45,-0.0034,2151.04,2154.41,2137.01,826885342,5605578491223,1446140184452898.0,KOSPI
2019-11-20,2125.32,2,-27.92,-0.013,2140.06,2145.97,2123.8,581056092,5583376749873,1427359928536582.0,KOSPI
2019-11-21,2096.6,2,-28.72,-0.0135,2123.65,2125.36,2088.19,579554927,5437430115891,1407600550876970.0,KOSPI
2019-11-22,2101.96,1,5.36,0.0026,2098.89,2106.42,2093.99,519852004,4310267738915,1411508256467062.0,KOSPI
2019-11-25,2123.5,1,21.54,0.0102,2117.14,2130.04,2116.07,397676380,4288509009551,1426007086550473.0,KOSPI
2019-11-26,2121.35,2,-2.15,-0.001,2129.27,2139.64,2120.85,532600500,7636050752641,1424956839467106.0,KOSPI
2019-11-27,2127.85,1,6.5,0.0031,2134.47,2136.3,2118.07,367796130,4318299988619,1429134190596897.0,KOSPI
2019-11-28,2118.6,2,-9.25,-0.0043,2116.93,2127.75,2116.58,335227079,4483257318044,1422661068375641.0,KOSPI
2019-11-29,2087.96,2,-30.64,-0.0144999999999999,2125.53,2125.53,2085.1,433260994,5100926942073,1401938201845642.0,KOSPI
2019-12-02,2091.92,1,3.96,0.0019,2097.55,2103.87,2088.92,385343942,4515836173554,1404938498708406.0,KOSPI
2019-12-03,2084.07,2,-7.85,-0.0038,2075.02,2085.71,2066.6,450039650,4709539668026,1399615357936707.0,KOSPI
2019-12-04,2068.89,2,-15.18,-0.0073,2070.84,2072.91,2057.45,347002806,5085778612114,1389618755691825.0,KOSPI
2019-12-05,2060.74,2,-8.15,-0.0039,2078.31,2084.29,2053.56,472188080,4625010545391,1384402799834103.0,KOSPI
2019-12-06,2081.85,1,21.11,0.0102,2072.44,2084.44,2070.17,440188497,4215044189346,1398777599963871.0,KOSPI
2019-12-09,2088.65,1,6.8,0.0033,2091.94,2093.81,2084.31,393126953,3982512343332,1403184168535184.0,KOSPI
2019-12-10,2098.0,1,9.35,0.0045,2081.22,2100.48,2080.16,500064261,4172974520829,1409366036607606.0,KOSPI
2019-12-11,2105.62,1,7.62,0.0036,2098.28,2109.22,2092.48,668731150,4837220508223,1414435813888684.0,KOSPI
2019-12-12,2137.35,1,31.73,0.0151,2120.13,2138.93,2120.13,584636816,8339490220448,1436302523894557.0,KOSPI
2019-12-13,2170.25,1,32.9,0.0154,2164.63,2170.25,2159.45,540027181,6253215577014,1458776009201296.0,KOSPI
2019-12-16,2168.15,2,-2.1,-0.001,2168.05,2175.01,2166.29,377053514,4561208146256,1457529847044934.0,KOSPI
2019-12-17,2195.68,1,27.53,0.0127,2179.4,2196.01,2171.09,599534417,6380891091394,1476694264006596.0,KOSPI
2019-12-18,2194.76,2,-0.92,-0.0004,2194.92,2204.04,2187.32,591106012,5519070176261,1476402879307537.0,KOSPI
2019-12-19,2196.56,1,1.8,0.0008,2199.42,2204.73,2186.59,643143837,5262211883061,1476809948465847.0,KOSPI
2019-12-20,2204.18,1,7.62,0.0034999999999999,2205.57,2206.82,2194.8,646682877,5020842974443,1481266967974889.0,KOSPI
2019-12-23,2203.71,2,-0.47,-0.0002,2208.22,2209.2,2196.43,502034303,4734276390048,1480981911312646.0,KOSPI
2019-12-24,2190.08,2,-13.63,-0.0062,2206.23,2206.23,2187.58,569967811,4756454527367,1472110435243032.0,KOSPI
2019-12-26,2197.93,1,7.85,0.0036,2192.22,2198.01,2183.9,571309392,4795109701596,1477949500778766.0,KOSPI
2019-12-27,2204.21,1,6.28,0.0029,2183.7,2215.55,2177.4,490167721,5429665474516,1480287930817891.0,KOSPI
2019-12-30,2197.67,2,-6.54,-0.003,2202.62,2208.04,2195.65,416403484,4113597620249,1475909365805673.0,KOSPI
2020-01-02,2175.17,2,-22.5,-0.0102,2201.21,2202.32,2171.84,494677752,4638167309579,1461424793589993.0,KOSPI
2020-01-03,2176.46,1,1.29,0.0006,2192.58,2203.38,2165.39,631562785,5763662746548,1462298971774498.0,KOSPI
2020-01-06,2155.07,2,-21.39,-0.0098,2154.97,2164.42,2149.95,592670719,5156540935534,1448385085188395.0,KOSPI
2020-01-07,2175.54,1,20.47,0.0095,2166.6,2181.62,2164.27,568235609,5143511908278,1462298814406954.0,KOSPI
2020-01-08,2151.31,2,-24.23,-0.0111,2156.27,2162.32,2137.72,913830628,8750722208310,1446631314388659.0,KOSPI
2020-01-09,2186.45,1,35.14,0.0163,2182.2,2186.45,2172.16,592603655,7261591245997,1470805018622162.0,KOSPI
2020-01-10,2206.39,1,19.94,0.0091,2189.48,2206.92,2188.1,594536948,6459299778577,1484063380523097.0,KOSPI
2020-01-13,2229.26,1,22.87,0.0104,2204.49,2230.43,2204.49,488288759,6214780461727,1499967180669582.0,KOSPI
2020-01-14,2238.88,1,9.62,0.0043,2243.06,2250.79,2232.94,835899254,7294227861325,1506534496285997.0,KOSPI
2020-01-15,2230.98,2,-7.9,-0.0034999999999999,2229.8,2238.21,2223.39,746156323,5946351320652,1501047629018491.0,KOSPI
2020-01-16,2248.05,1,17.07,0.0077,2231.93,2249.09,2225.41,808331797,6204474418701,1513149909207655.0,KOSPI
2020-01-17,2250.57,1,2.52,0.0011,2261.57,2268.71,2245.58,580816395,5444383530119,1515299753695611.0,KOSPI
2020-01-20,2262.64,1,12.07,0.0054,2261.4,2277.23,2258.09,545491231,5950403033200,1524384083509849.0,KOSPI
2020-01-21,2239.69,2,-22.95,-0.0101,2259.81,2266.31,2238.25,770319899,5569550564922,1508408627687428.0,KOSPI
2020-01-22,2267.25,1,27.56,0.0123,2238.53,2269.27,2235.13,608509908,6365617281303,1526798959055386.0,KOSPI
2020-01-23,2246.13,2,-21.12,-0.0093,2254.54,2260.63,2241.94,509608911,6790103967147,1512629061905415.0,KOSPI
2020-01-28,2176.72,2,-69.41,-0.0308999999999999,2192.22,2199.93,2166.23,808878835,8818232390840,1466083102897148.0,KOSPI
2020-01-29,2185.28,1,8.56,0.0039,2188.18,2195.45,2172.33,692300723,6589949501296,1472171521931855.0,KOSPI
2020-01-30,2148.0,2,-37.28,-0.0171,2181.54,2187.45,2139.72,602838388,7105203082012,1446505817054810.0,KOSPI
2020-01-31,2119.01,2,-28.99,-0.0135,2160.6,2167.23,2119.01,710507814,7226687169037,1427047754939819.0,KOSPI
2020-02-03,2118.88,2,-0.13,-0.0001,2086.61,2126.73,2082.74,836699550,8068704032225,1427133301985757.0,KOSPI
2020-02-04,2157.9,1,39.02,0.0184,2121.22,2162.32,2120.53,624641660,7791178403016,1454235584223968.0,KOSPI
2020-02-05,2165.63,1,7.73,0.0036,2177.26,2181.52,2154.88,574395954,7736275092053,1460243894885127.0,KOSPI
2020-02-06,2227.94,1,62.31,0.0288,2184.77,2229.99,2182.25,695216238,8334737832306,1501460505978003.0,KOSPI
2020-02-07,2211.95,2,-15.99,-0.0072,2221.49,2223.92,2198.14,800342334,8813174418003,1491013321310687.0,KOSPI
2020-02-10,2201.07,2,-10.88,-0.0049,2185.63,2203.39,2180.51,609566457,5471061224066,1483846707096682.0,KOSPI
2020-02-11,2223.12,1,22.05,0.01,2213.5,2233.32,2211.25,526211397,6611195318466,1498338521859173.0,KOSPI
2020-02-12,2238.38,1,15.26,0.0069,2225.95,2242.24,2214.77,632462739,6892197809938,1508346241846750.0,KOSPI
2020-02-13,2232.96,2,-5.42,-0.0024,2245.72,2255.49,2230.3,638666394,8121197408774,1505295816622192.0,KOSPI
2020-02-14,2243.59,1,10.63,0.0048,2232.71,2251.5,2221.9,597224094,6379565384141,1511254622615908.0,KOSPI
2020-02-17,2242.17,2,-1.42,-0.0006,2243.07,2250.05,2230.26,458247876,5639200666983,1510109679102093.0,KOSPI
2020-02-18,2208.88,2,-33.29,-0.0148,2225.98,2232.93,2205.21,470424959,6411451075683,1487436220977309.0,KOSPI
2020-02-19,2210.34,1,1.46,0.0007,2222.51,2226.0,2191.2,591155345,7107033607258,1488454958761049.0,KOSPI
2020-02-20,2195.5,2,-14.84,-0.0067,2223.55,2228.18,2186.72,709563653,7677672112579,1478574047802416.0,KOSPI
2020-02-21,2162.84,2,-32.66,-0.0149,2165.65,2184.43,2160.28,635474020,7105856138500,1456692607497773.0,KOSPI
2020-02-24,2079.04,2,-83.8,-0.0387,2114.04,2120.06,2079.03,948620568,9315474824162,1400516367868853.0,KOSPI
2020-02-25,2103.61,1,24.57,0.0118,2075.55,2105.49,2071.5,1565588378,8952278187621,1417275415217287.0,KOSPI
2020-02-26,2076.77,2,-26.84,-0.0128,2064.07,2089.64,2059.13,810937954,8060327456461,1398569205665041.0,KOSPI
2020-02-27,2054.89,2,-21.88,-0.0105,2073.87,2085.4,2049.15,562775389,7241174418670,1383776360997792.0,KOSPI
2020-02-28,1987.01,2,-67.88,-0.033,2020.17,2031.01,1980.82,671551554,9927960489404,1337716963290314.0,KOSPI
2020-03-02,2002.51,1,15.5,0.0078,1997.03,2017.07,1969.34,528103441,7811002803335,1348109552183221.0,KOSPI
2020-03-03,2014.15,1,11.64,0.0058,2051.85,2051.85,2009.39,615692688,8687846563942,1356176459905865.0,KOSPI
2020-03-04,2059.33,1,45.18,0.0224,2005.81,2063.59,2005.81,606287025,7829192743679,1386938608490669.0,KOSPI
2020-03-05,2085.26,1,25.93,0.0126,2078.11,2089.08,2059.99,675205309,7954349129052,1404684361584030.0,KOSPI
2020-03-06,2040.22,2,-45.04,-0.0216,2053.09,2062.57,2032.13,865588195,7233537918936,1373917955358746.0,KOSPI
2020-03-09,1954.77,2,-85.45,-0.0419,1981.02,1989.5,1946.9,666868332,8796943870443,1316427699384929.0,KOSPI
2020-03-10,1962.93,1,8.16,0.0042,1942.85,1968.17,1934.72,638564334,9133693232419,1321480461086756.0,KOSPI
2020-03-11,1908.27,2,-54.66,-0.0278,1965.67,1967.7,1898.27,679716263,8598096539563,1284895600563685.0,KOSPI
2020-03-12,1834.33,2,-73.94,-0.0387,1887.97,1897.23,1808.56,850344629,11309953238897,1235351151777928.0,KOSPI
2020-03-13,1771.44,2,-62.89,-0.0343,1722.68,1809.31,1680.6,1035277623,13376937880276,1193686836834111.0,KOSPI
2020-03-16,1714.86,2,-56.58,-0.0319,1805.43,1805.43,1714.38,682003596,8593833318802,1155216110560059.0,KOSPI
2020-03-17,1672.44,2,-42.42,-0.0247,1640.84,1722.97,1637.88,649779162,9709076676434,1126202983998029.0,KOSPI
2020-03-18,1591.2,2,-81.24,-0.0486,1686.12,1693.95,1591.12,728007845,9576387436387,1071788837300586.0,KOSPI
2020-03-19,1457.64,2,-133.56,-0.0839,1626.09,1626.09,1439.43,977674546,11932492035885,982169749104868.0,KOSPI
2020-03-20,1566.15,1,108.51,0.0744,1498.49,1566.82,1466.48,817021497,10632970114698,1054892888467243.0,KOSPI
2020-03-23,1482.46,2,-83.69,-0.0533999999999999,1474.45,1516.75,1458.41,647528307,9645271634190,998450497948322.0,KOSPI
2020-03-24,1609.97,1,127.51,0.086,1523.69,1609.97,1508.68,679288486,10481447737237,1083695461251076.0,KOSPI
2020-03-25,1704.76,1,94.79,0.0588999999999999,1668.19,1707.64,1645.28,872808831,12612287867284,1147712134896263.0,KOSPI
2020-03-26,1686.24,2,-18.52,-0.0109,1699.11,1735.75,1679.23,992473707,12374197616604,1135741554179897.0,KOSPI
2020-03-27,1717.73,1,31.49,0.0187,1756.07,1759.05,1668.21,1077526545,12851932962119,1156581472275771.0,KOSPI
2020-03-30,1717.12,2,-0.61,-0.0004,1670.34,1729.63,1659.95,767776797,9081049803032,1155630476602887.0,KOSPI
2020-03-31,1754.64,1,37.52,0.0219,1739.29,1757.81,1722.62,1037488156,13905369066747,1179728722560726.0,KOSPI
2020-04-01,1685.46,2,-69.18,-0.0394,1737.28,1762.44,1685.37,1243590730,12110507381678,1133944054487121.0,KOSPI
2020-04-02,1724.86,1,39.4,0.0233999999999999,1693.53,1726.76,1664.13,766313445,10152244718742,1159987256045893.0,KOSPI
2020-04-03,1725.44,1,0.58,0.0003,1731.17,1743.91,1706.68,1000086507,10153714406089,1160743273084198.0,KOSPI
2020-04-06,1791.88,1,66.44,0.0385,1745.25,1794.19,1742.67,1219388574,10957483192535,1205000551883535.0,KOSPI
2020-04-07,1823.6,1,31.72,0.0177,1826.72,1838.97,1791.92,951738564,11628935543509,1226518732401875.0,KOSPI
2020-04-08,1807.14,2,-16.46,-0.009,1815.75,1842.16,1801.8,907493916,11126542159615,1215858624385370.0,KOSPI
2020-04-09,1836.21,1,29.07,0.0161,1838.09,1839.33,1818.3,920570686,10517358549787,1235327684208445.0,KOSPI
2020-04-10,1860.7,1,24.49,0.0133,1835.76,1861.1,1824.43,992548388,12009988837226,1251445975432980.0,KOSPI
2020-04-13,1825.76,2,-34.94,-0.0187999999999999,1853.3,1853.3,1825.76,1017751537,9516704096110,1228226157795454.0,KOSPI
2020-04-14,1857.08,1,31.32,0.0172,1846.41,1864.46,1837.17,886766248,9995854086344,1248940314010211.0,KOSPI
2020-04-16,1857.07,2,-0.01,0.0,1839.51,1862.23,1828.13,878338050,10710793199999,1248881506244681.0,KOSPI
2020-04-17,1914.53,1,57.46,0.0308999999999999,1893.31,1926.02,1893.19,1667459582,14127722405516,1287911930998779.0,KOSPI
2020-04-20,1898.36,2,-16.17,-0.0084,1908.34,1925.25,1893.17,1087463349,11915932209602,1276932686171999.0,KOSPI
2020-04-21,1879.38,2,-18.98,-0.01,1886.78,1898.32,1841.66,1174293762,13863164450974,1263694525894965.0,KOSPI
2020-04-22,1896.15,1,16.77,0.0089,1855.51,1897.9,1844.85,820359973,9428672633853,1274786181055578.0,KOSPI
2020-04-23,1914.73,1,18.58,0.0098,1907.45,1923.53,1895.98,683719714,9124271815911,1287024851033628.0,KOSPI
2020-04-24,1889.01,2,-25.72,-0.0134,1906.07,1908.29,1880.71,933917234,9647344478840,1271159366876740.0,KOSPI
2020-04-27,1922.77,1,33.76,0.0179,1897.06,1929.82,1894.62,735662975,8171668846877,1293318256998546.0,KOSPI
2020-04-28,1934.09,1,11.32,0.0059,1931.25,1941.79,1911.63,1173476059,10375078302989,1300504429056374.0,KOSPI
2020-04-29,1947.56,1,13.47,0.0069999999999999,1936.89,1957.51,1934.31,1984181619,10525128532479,1309179248330950.0,KOSPI
2020-05-04,1895.37,2,-52.19,-0.0268,1906.42,1918.66,1894.29,1146855467,10261902202857,1274213042153076.0,KOSPI
2020-05-06,1928.76,1,33.39,0.0176,1919.45,1928.76,1902.55,1082526836,8550700968723,1296556106111278.0,KOSPI
2020-05-07,1928.61,2,-0.15,-0.0001,1922.0,1938.5,1918.57,775657990,7383335083519,1296095632739743.0,KOSPI
2020-05-08,1945.82,1,17.21,0.0089,1944.94,1956.89,1942.54,784772658,7941567564414,1307404235915187.0,KOSPI
2020-05-11,1935.4,2,-10.42,-0.0054,1953.51,1960.46,1932.87,591282994,7752760806973,1300769233598186.0,KOSPI
2020-05-12,1922.17,2,-13.23,-0.0068,1938.62,1938.62,1905.17,799930033,9681896635050,1291568129833589.0,KOSPI
2020-05-13,1940.42,1,18.25,0.0095,1897.5,1940.42,1897.24,618783618,9012307818081,1303464008136505.0,KOSPI
2020-05-14,1924.96,2,-15.46,-0.008,1922.44,1931.43,1913.49,760646303,9469021404658,1292884145462489.0,KOSPI
2020-05-15,1927.28,1,2.32,0.0012,1937.63,1938.59,1913.21,866357217,9723312708078,1294619578424819.0,KOSPI
2020-05-18,1937.11,1,9.83,0.0051,1934.51,1943.07,1921.14,761695993,9394306873102,1301926005473237.0,KOSPI
2020-05-19,1980.61,1,43.5,0.0225,1977.47,1983.77,1968.59,773414630,11918300290192,1331835811527638.0,KOSPI
2020-05-20,1989.64,1,9.03,0.0046,1972.12,1992.2,1972.12,699446970,8248632036086,1337699454438994.0,KOSPI
2020-05-21,1998.31,1,8.67,0.0044,2003.2,2004.95,1993.0,601199346,8636997699884,1343561077622969.0,KOSPI
2020-05-22,1970.13,2,-28.18,-0.0141,2001.6,2002.65,1961.4,847467288,9509771760326,1324302793166826.0,KOSPI
2020-05-25,1994.6,1,24.47,0.0124,1980.51,1994.9,1967.84,641458990,7960324756104,1340826177203951.0,KOSPI
2020-05-26,2029.78,1,35.18,0.0176,2001.0,2029.89,1997.94,1017804023,12545313579781,1363735033916035.0,KOSPI
2020-05-27,2031.2,1,1.42,0.0007,2027.9,2043.44,2019.82,1178847686,12635098387337,1364678862910216.0,KOSPI
2020-05-28,2028.54,2,-2.66,-0.0013,2047.08,2054.52,2003.75,1172134329,14479213391390,1363293486469432.0,KOSPI
2020-05-29,2029.6,1,1.06,0.0005,2018.37,2038.89,2006.62,1086214531,14084590166800,1363450451367235.0,KOSPI
2020-06-01,2065.08,1,35.48,0.0175,2037.04,2065.38,2035.63,997348462,9839657383038,1387477878880702.0,KOSPI
2020-06-02,2087.19,1,22.11,0.0107,2061.45,2089.43,2059.14,1000332119,10232916613603,1402057228354535.0,KOSPI
2020-06-03,2147.0,1,59.81,0.0287,2108.55,2156.55,2107.69,1152001392,16998832251499,1442871666450862.0,KOSPI
2020-06-04,2151.18,1,4.18,0.0019,2181.64,2191.0,2139.68,1393307839,16034002142290,1446260119584246.0,KOSPI
2020-06-05,2181.87,1,30.69,0.0143,2151.17,2187.25,2138.18,854591430,12778905806695,1466769477352700.0,KOSPI
2020-06-08,2184.29,1,2.42,0.0011,2215.6,2217.21,2174.96,854035253,13145519107463,1468714983884430.0,KOSPI
2020-06-09,2188.92,1,4.63,0.0021,2206.23,2212.17,2166.01,817085488,14689860828352,1472051666137017.0,KOSPI
2020-06-10,2195.69,1,6.77,0.0031,2187.91,2200.68,2178.12,706294077,12888183095069,1476712867540628.0,KOSPI
2020-06-11,2176.78,2,-18.91,-0.0086,2184.36,2200.72,2148.51,827381476,16987057620203,1464392589642064.0,KOSPI
2020-06-12,2132.3,2,-44.48,-0.0204,2088.24,2137.12,2084.63,689896760,14960780838903,1434087757539005.0,KOSPI
2020-06-15,2030.82,2,-101.48,-0.0475999999999999,2114.41,2129.67,2030.82,1072277727,18242464517682,1366175254025951.0,KOSPI
2020-06-16,2138.05,1,107.23,0.0528,2091.09,2138.08,2079.02,973638914,13837056898298,1437701364296343.0,KOSPI
2020-06-17,2141.05,1,3.0,0.0014,2133.18,2154.37,2105.26,927515701,15458440200634,1440025501583959.0,KOSPI
2020-06-18,2133.48,2,-7.57,-0.0034999999999999,2134.35,2145.13,2120.29,767184256,11089871020141,1435518023343328.0,KOSPI
2020-06-19,2141.32,1,7.84,0.0037,2153.09,2153.57,2108.91,1079452697,12300498419524,1441080602939928.0,KOSPI
2020-06-22,2126.73,2,-14.59,-0.0068,2126.38,2142.88,2122.1,789371970,10098315248975,1430718937268391.0,KOSPI
2020-06-23,2131.24,1,4.51,0.0021,2149.13,2158.15,2110.51,917567444,13496081372787,1433435233461333.0,KOSPI
2020-06-24,2161.51,1,30.27,0.0141999999999999,2145.93,2171.86,2143.91,913896139,13324797690536,1453951200553877.0,KOSPI
2020-06-25,2112.37,2,-49.14,-0.0227,2130.45,2143.33,2112.37,1017720601,10692627098579,1420866478316469.0,KOSPI
2020-06-26,2134.65,1,22.28,0.0105,2137.47,2142.04,2115.25,761043656,9821159648182,1436168481341002.0,KOSPI
2020-06-29,2093.48,2,-41.17,-0.0192999999999999,2105.54,2120.5,2087.84,643155859,9025867722947,1408463551776580.0,KOSPI
2020-06-30,2108.33,1,14.85,0.0070999999999999,2124.38,2134.38,2108.26,708604874,11699082707241,1418860741475329.0,KOSPI
2020-07-01,2106.7,2,-1.63,-0.0008,2128.81,2133.55,2101.33,1116220850,10232631942700,1417280238019280.0,KOSPI
2020-07-02,2135.37,1,28.67,0.0136,2116.72,2135.37,2113.98,1091965156,10745168204526,1445664482444930.0,KOSPI
2020-07-03,2152.41,1,17.04,0.008,2147.89,2153.54,2135.3,770054734,8649543800140,1456812255014887.0,KOSPI
2020-07-06,2187.93,1,35.52,0.0165,2158.95,2191.28,2157.71,666902024,11656294735939,1480948171498278.0,KOSPI
2020-07-07,2164.17,2,-23.76,-0.0109,2202.04,2206.79,2164.03,847434362,14858393386688,1465179698333403.0,KOSPI
2020-07-08,2158.88,2,-5.29,-0.0024,2166.76,2173.83,2150.89,677810176,11567569371753,1460994855195639.0,KOSPI
2020-07-09,2167.9,1,9.02,0.0042,2171.15,2181.48,2166.74,619368220,12029949538080,1467208749209185.0,KOSPI
2020-07-10,2150.25,2,-17.65,-0.0081,2171.44,2171.52,2140.29,886987422,12048058313719,1455781560911370.0,KOSPI
2020-07-13,2186.06,1,35.81,0.0167,2170.51,2188.8,2163.07,650230828,10462265621930,1479593285922319.0,KOSPI
2020-07-14,2183.61,2,-2.45,-0.0011,2176.43,2183.61,2165.6,810952190,11633360175479,1477856002350806.0,KOSPI
2020-07-15,2201.88,1,18.27,0.0084,2208.73,2216.97,2190.66,830266170,13641396398926,1490240355001560.0,KOSPI
2020-07-16,2183.76,2,-18.12,-0.0081999999999999,2203.3,2207.34,2177.82,784637064,11304254033107,1478307592869367.0,KOSPI
2020-07-17,2201.19,1,17.43,0.008,2187.85,2204.2,2187.85,569297015,10191102923037,1490180654286876.0,KOSPI
2020-07-20,2198.2,2,-2.99,-0.0014,2209.59,2209.59,2183.83,686819331,12025004388559,1488358383872006.0,KOSPI
2020-07-21,2228.83,1,30.63,0.0139,2219.19,2234.86,2214.28,918483110,15759332636629,1509515194204624.0,KOSPI
2020-07-22,2228.66,2,-0.17,-0.0001,2228.2,2238.86,2221.62,856218145,15651892519811,1509717832642203.0,KOSPI
2020-07-23,2216.19,2,-12.47,-0.0056,2227.24,2227.24,2202.99,934542334,16328982791157,1501425781726753.0,KOSPI
2020-07-24,2200.44,2,-15.75,-0.0070999999999999,2196.73,2219.57,2195.49,1001024922,17156946661845,1490986231772619.0,KOSPI
2020-07-27,2217.86,1,17.42,0.0079,2203.48,2231.25,2203.48,928624589,14256877111350,1502710705541910.0,KOSPI
2020-07-28,2256.99,1,39.13,0.0176,2238.19,2266.0,2237.21,866725741,17516981979726,1530086533583406.0,KOSPI
2020-07-29,2263.16,1,6.17,0.0027,2258.35,2276.79,2252.24,899494183,15500571709743,1536196696120976.0,KOSPI
2020-07-30,2267.01,1,3.85,0.0017,2275.33,2281.33,2263.81,713039430,13550209339034,1539287192950517.0,KOSPI
2020-07-31,2249.37,2,-17.64,-0.0078,2278.53,2281.41,2248.49,739688794,13002293229614,1526798727989548.0,KOSPI
2020-08-03,2251.04,1,1.67,0.0007,2251.65,2254.38,2237.04,648462478,13612906120002,1528025690762966.0,KOSPI
2020-08-04,2279.97,1,28.93,0.0129,2272.33,2284.66,2269.69,722906377,15287235291908,1548269501517691.0,KOSPI
2020-08-05,2311.86,1,31.89,0.0139999999999999,2289.23,2312.14,2283.95,841298584,17883091283569,1569777969023678.0,KOSPI
2020-08-06,2342.61,1,30.75,0.0133,2322.64,2352.48,2322.64,797147074,17831685624449,1590672220686184.0,KOSPI
2020-08-07,2351.67,1,9.06,0.0039,2349.25,2362.24,2333.62,812594607,17585764473385,1598022872221562.0,KOSPI
2020-08-10,2386.38,1,34.71,0.0148,2353.92,2390.51,2349.33,784617498,19511321883161,1621675150702310.0,KOSPI
2020-08-11,2418.67,1,32.29,0.0135,2396.11,2429.36,2396.11,843437905,19680402218094,1643244636026510.0,KOSPI
2020-08-12,2432.35,1,13.68,0.0056999999999999,2414.78,2432.35,2393.27,763734794,16680055518488,1652303924857376.0,KOSPI
2020-08-13,2437.53,1,5.18,0.0021,2455.28,2458.17,2412.49,907218783,18250022567058,1656293275231288.0,KOSPI
2020-08-14,2407.49,2,-30.04,-0.0123,2427.85,2435.0,2383.69,968124509,16595686362692,1636857790126833.0,KOSPI
2020-08-18,2348.24,2,-59.25,-0.0246,2405.84,2419.65,2336.78,909750109,17572479450022,1596724896699329.0,KOSPI
2020-08-19,2360.54,1,12.3,0.0052,2370.87,2380.1,2353.17,637965095,12367503045993,1604983684782229.0,KOSPI
2020-08-20,2274.22,2,-86.32,-0.0366,2339.91,2357.08,2270.85,903743682,17101785025778,1546235567296680.0,KOSPI
2020-08-21,2304.59,1,30.37,0.0134,2306.16,2329.34,2280.97,865735547,14111672142563,1566780398603402.0,KOSPI
2020-08-24,2329.83,1,25.24,0.011,2309.38,2332.33,2283.48,649276997,11654192722499,1583436465121661.0,KOSPI
2020-08-25,2366.73,1,36.9,0.0158,2352.15,2369.78,2340.97,771584899,13567979759561,1608120252926561.0,KOSPI
2020-08-26,2369.32,1,2.59,0.0011,2367.74,2374.68,2336.98,956477600,14435847151150,1610120509376745.0,KOSPI
2020-08-27,2344.45,2,-24.87,-0.0105,2371.95,2373.36,2344.38,913917009,15184934096620,1593246017303196.0,KOSPI
2020-08-28,2353.8,1,9.35,0.004,2362.22,2379.26,2345.28,1297312453,15539938168140,1599550088938588.0,KOSPI
2020-08-31,2326.17,2,-27.63,-0.0116999999999999,2377.09,2381.5,2326.06,1647817574,19494383573469,1581099787409825.0,KOSPI
2020-09-01,2349.55,1,23.38,0.0101,2340.19,2355.9,2331.23,1085245170,16664315188856,1596297722994903.0,KOSPI
2020-09-02,2364.37,1,14.82,0.0063,2363.43,2369.57,2341.29,1429273398,15793103441693,1605940739103531.0,KOSPI
2020-09-03,2395.9,1,31.53,0.0133,2383.26,2401.78,2382.23,981546067,17420976999156,1627702404391316.0,KOSPI
2020-09-04,2368.25,2,-27.65,-0.0115,2332.68,2371.02,2332.68,1351039363,19692978202805,1609097990279875.0,KOSPI
2020-09-07,2384.22,1,15.97,0.0067,2369.85,2387.49,2362.42,1197385474,17183375926104,1620531147584954.0,KOSPI
2020-09-08,2401.91,1,17.69,0.0074,2402.66,2407.56,2391.43,979357221,17297863872467,1633223139885418.0,KOSPI
2020-09-09,2375.81,2,-26.1,-0.0109,2372.53,2388.85,2369.12,946247432,15502530521592,1615470588593288.0,KOSPI
2020-09-10,2396.48,1,20.67,0.0087,2404.83,2406.68,2388.56,1064574011,15782939154843,1630210829012952.0,KOSPI
2020-09-11,2396.69,1,0.21,0.0001,2389.76,2397.56,2374.0,882880372,12068892326762,1630532301019895.0,KOSPI
2020-09-14,2427.91,1,31.22,0.013,2418.33,2429.07,2410.79,963082613,12021767344457,1652166907017391.0,KOSPI
2020-09-15,2443.58,1,15.67,0.0065,2434.59,2444.57,2423.79,849968969,11840594190854,1662644696534407.0,KOSPI
2020-09-16,2435.92,2,-7.66,-0.0031,2442.72,2450.53,2429.94,772938451,11855356972071,1657263234612989.0,KOSPI
2020-09-17,2406.17,2,-29.75,-0.0121999999999999,2430.77,2437.02,2398.69,853740333,14235035868846,1636916706307134.0,KOSPI
2020-09-18,2412.4,1,6.23,0.0026,2413.53,2417.81,2396.33,756516872,13965196874371,1640898100271018.0,KOSPI
2020-09-21,2389.39,2,-23.01,-0.0095,2412.44,2427.17,2379.38,1041993131,14215076014331,1625769302772281.0,KOSPI
2020-09-22,2332.59,2,-56.8,-0.0237999999999999,2388.14,2388.49,2323.58,1051028207,17896725781419,1587733595560952.0,KOSPI
2020-09-23,2333.24,1,0.65,0.0003,2352.56,2354.46,2287.44,735041523,13562935251189,1587924102514894.0,KOSPI
2020-09-24,2272.7,2,-60.54,-0.0259,2295.62,2309.74,2268.88,714881419,12469005382919,1547321102894255.0,KOSPI
2020-09-25,2278.79,1,6.09,0.0027,2295.19,2296.36,2267.63,697961594,10181604242046,1551915293505294.0,KOSPI
2020-09-28,2308.08,1,29.29,0.0129,2301.16,2314.81,2291.32,605977250,8971171704466,1571128314429551.0,KOSPI
2020-09-29,2327.89,1,19.81,0.0086,2331.51,2339.83,2320.04,646218105,9487146664002,1584465079441896.0,KOSPI
2020-10-05,2358.0,1,30.11,0.0129,2330.55,2364.73,2327.83,763618171,10682774304838,1604627371598546.0,KOSPI
2020-10-06,2365.9,1,7.9,0.0034,2369.17,2378.28,2355.39,861754649,11131424105719,1609944298087034.0,KOSPI
2020-10-07,2386.94,1,21.04,0.0089,2350.82,2387.45,2347.82,737994343,8971100519076,1624292281536511.0,KOSPI
2020-10-08,2391.96,1,5.02,0.0021,2408.49,2409.01,2383.82,961726151,12530442220994,1628133500468590.0,KOSPI
2020-10-12,2403.73,1,11.77,0.0049,2404.18,2409.42,2393.74,843574320,10693282773334,1636302268568863.0,KOSPI
2020-10-13,2403.15,2,-0.58,-0.0002,2416.85,2418.89,2385.87,724920330,10203177944787,1636705769564671.0,KOSPI
2020-10-14,2380.48,2,-22.67,-0.0093999999999999,2403.74,2405.56,2375.54,901176740,11018495309857,1621936204288970.0,KOSPI
2020-10-15,2361.21,2,-19.27,-0.0081,2375.91,2376.73,2348.74,1165501314,13029475151158,1617478082483597.0,KOSPI
2020-10-16,2341.53,2,-19.68,-0.0083,2363.88,2370.73,2325.03,920205454,11141460474055,1604041752351323.0,KOSPI
2020-10-19,2346.74,1,5.21,0.0022,2352.92,2364.25,2344.77,931645042,10490729774189,1607299315745084.0,KOSPI
2020-10-20,2358.41,1,11.67,0.005,2333.56,2358.41,2322.06,874293348,11833547961055,1616230745099862.0,KOSPI
2020-10-21,2370.86,1,12.45,0.0053,2363.03,2371.74,2356.32,812837069,9864097899775,1624489276959617.0,KOSPI
2020-10-22,2355.05,2,-15.81,-0.0067,2355.61,2360.22,2339.73,815612184,9774988622255,1614311508932465.0,KOSPI
2020-10-23,2360.81,1,5.76,0.0024,2364.84,2368.57,2344.49,890384626,10724121608942,1618108162219142.0,KOSPI
2020-10-26,2343.91,2,-16.9,-0.0072,2366.5,2374.5,2342.58,822267739,11654273569215,1607185398283116.0,KOSPI
2020-10-27,2330.84,2,-13.07,-0.0056,2328.66,2349.33,2321.23,666941810,11269186068061,1598388909961950.0,KOSPI
2020-10-28,2345.26,1,14.42,0.0062,2324.18,2345.46,2316.47,705770290,8941027932538,1607471156017429.0,KOSPI
2020-10-29,2326.67,2,-18.59,-0.0079,2312.34,2330.17,2299.91,509768187,10357788036488,1594058108729745.0,KOSPI
2020-10-30,2267.15,2,-59.52,-0.0256,2319.56,2320.2,2266.93,795585220,11782117594513,1553004436321479.0,KOSPI
2020-11-02,2300.16,1,33.01,0.0146,2276.61,2302.64,2267.95,678501162,8514452400699,1575793149855746.0,KOSPI
2020-11-03,2343.31,1,43.15,0.0187999999999999,2315.81,2344.77,2315.3,887445456,10874229018838,1605475497111717.0,KOSPI
2020-11-04,2357.32,1,14.01,0.006,2361.32,2371.14,2339.95,986786300,14835038714079,1614836760091792.0,KOSPI
2020-11-05,2413.79,1,56.47,0.024,2373.41,2413.79,2370.85,702037484,12578752394172,1653392888446002.0,KOSPI
2020-11-06,2416.5,1,2.71,0.0011,2421.79,2431.11,2404.97,825568502,12579332613740,1655495906955745.0,KOSPI
2020-11-09,2447.2,1,30.7,0.0127,2438.63,2459.15,2434.52,1354862753,14847225309910,1676944568916187.0,KOSPI
2020-11-10,2452.83,1,5.63,0.0023,2453.95,2457.94,2435.59,1464168039,17981336024179,1681030953363295.0,KOSPI
2020-11-11,2485.87,1,33.04,0.0135,2459.5,2488.04,2459.5,1272038626,18307325541732,1703946066895422.0,KOSPI
2020-11-12,2475.62,2,-10.25,-0.0040999999999999,2482.68,2488.79,2467.04,1278691998,16420009591949,1698329618456244.0,KOSPI
2020-11-13,2493.87,1,18.25,0.0074,2470.12,2495.77,2460.96,1072383498,17043855124582,1710439788437341.0,KOSPI
2020-11-16,2543.03,1,49.16,0.0197,2507.46,2546.37,2507.46,1239135119,19088399737620,1744282188041007.0,KOSPI
2020-11-17,2539.15,2,-3.88,-0.0015,2544.12,2556.09,2533.34,1267494728,17795513090344,1742186196159940.0,KOSPI
2020-11-18,2545.64,1,6.49,0.0026,2548.85,2553.95,2536.78,923504383,13554047699644,1746416815167178.0,KOSPI
2020-11-19,2547.42,1,1.78,0.0007,2536.89,2548.95,2529.53,976483462,12515007352046,1747598155153766.0,KOSPI
2020-11-20,2553.5,1,6.08,0.0024,2544.06,2558.21,2539.79,1129500879,12266185661760,1752065079766571.0,KOSPI
2020-11-23,2602.59,1,49.09,0.0192,2560.04,2605.58,2553.7,1649443107,15763526188303,1786992047787319.0,KOSPI
2020-11-24,2617.76,1,15.17,0.0058,2616.28,2628.52,2605.03,1364506405,16886574054872,1797825354983515.0,KOSPI
2020-11-25,2601.54,2,-16.22,-0.0062,2637.34,2642.26,2583.41,1410104868,21795847753690,1786075295495671.0,KOSPI
2020-11-26,2625.91,1,24.37,0.0093999999999999,2605.73,2625.97,2592.43,1387435238,12714565083678,1803103424613782.0,KOSPI
2020-11-27,2633.45,1,7.54,0.0029,2624.8,2635.0,2618.47,1196041606,12641691352531,1808171429285452.8,KOSPI
2020-11-30,2591.34,2,-42.11,-0.016,2648.05,2648.66,2591.34,1311831336,21231831917326,1779635399547144.0,KOSPI
2020-12-01,2634.25,1,42.91,0.0166,2613.42,2638.87,2611.67,1151129297,15947293131345,1809494578238152.8,KOSPI
2020-12-02,2675.9,1,41.65,0.0158,2645.88,2677.26,2644.53,1076203655,17506705123429,1838364843453852.0,KOSPI
2020-12-03,2696.22,1,20.32,0.0076,2686.38,2696.22,2672.85,817065939,15605053580066,1852628727864506.0,KOSPI
2020-12-04,2731.45,1,35.23,0.0131,2705.34,2742.77,2705.34,1778896587,19875836212787,1877444703497804.8,KOSPI
2020-12-07,2745.44,1,13.99,0.0051,2738.11,2754.01,2711.42,1499265153,17933011742727,1888221381669924.8,KOSPI
2020-12-08,2700.93,2,-44.51,-0.0162,2745.13,2747.45,2700.92,1415239942,17157198863683,1857599327331940.0,KOSPI
2020-12-09,2755.47,1,54.54,0.0202,2703.3,2755.47,2703.3,1252304581,17007606430269,1894556865472972.0,KOSPI
2020-12-10,2746.46,2,-9.01,-0.0033,2750.34,2765.46,2718.7,1227651010,20630646948075,1889374447167520.8,KOSPI
2020-12-11,2770.06,1,23.6,0.0086,2754.16,2781.04,2754.16,1215239032,18329100479780,1906299604955606.0,KOSPI
2020-12-14,2762.2,2,-7.86,-0.0028,2769.43,2782.79,2755.29,1113630947,17012253010491,1901627365336434.0,KOSPI
2020-12-15,2756.82,2,-5.38,-0.0019,2763.65,2769.37,2735.08,1093522786,15537969160194,1897677116864840.8,KOSPI
2020-12-16,2771.79,1,14.97,0.0054,2763.64,2781.08,2761.5,1166637812,13649676610565,1907811219051220.0,KOSPI
2020-12-17,2770.43,2,-1.36,-0.0005,2769.89,2772.71,2742.25,1015484002,16275328677791,1906419279762760.0,KOSPI
2020-12-18,2772.18,1,1.75,0.0006,2770.95,2782.15,2762.8,1059143711,19166224753391,1907350242179315.2,KOSPI
2020-12-21,2778.65,1,6.47,0.0023,2771.98,2780.24,2747.09,1139513643,18972230585146,1911737300659012.8,KOSPI
2020-12-22,2733.68,2,-44.97,-0.0162,2772.03,2774.22,2733.64,1260761729,19881377633257,1881809988083712.8,KOSPI
2020-12-23,2759.82,1,26.14,0.0096,2737.74,2769.08,2716.28,1121346859,20281217886958,1901461519264268.8,KOSPI
2020-12-24,2806.86,1,47.04,0.017,2762.6,2812.16,2762.6,1030890446,19984695285723,1936826862099535.2,KOSPI
2020-12-28,2808.6,1,1.74,0.0006,2820.95,2834.59,2799.56,1006249698,24197780569919,1938374378317299.2,KOSPI
2020-12-29,2820.51,1,11.91,0.0042,2810.55,2823.44,2792.06,1046839004,19299049133439,1944111085790440.0,KOSPI
2020-12-30,2873.47,1,52.96,0.0187999999999999,2820.36,2878.21,2809.35,1074033495,17928854517044,1980543161609060.8,KOSPI
2021-01-04,2944.45,1,70.98,0.0247,2874.5,2946.54,2869.11,1026510465,25011393960858,2028846031822322.0,KOSPI
2021-01-05,2990.57,1,46.12,0.0157,2943.67,2990.57,2921.84,1519911750,26548380179493,2059743507955076.0,KOSPI
2021-01-06,2968.21,2,-22.36,-0.0075,2993.34,3027.16,2961.37,1793418534,29909396443430,2044102754101964.8,KOSPI
2021-01-07,3031.68,1,63.47,0.0214,2980.75,3055.28,2980.75,1524654500,27182807334912,2086578562420456.8,KOSPI
2021-01-08,3152.18,1,120.5,0.0397,3040.11,3161.11,3040.11,1297903388,40909490005818,2170537648432200.0,KOSPI
2021-01-11,3148.45,2,-3.73,-0.0012,3161.9,3266.23,3096.19,1712525848,44433772380482,2171629411681152.0,KOSPI
2021-01-12,3125.95,2,-22.5,-0.0070999999999999,3145.87,3154.79,3047.56,1390617827,31407397048772,2155702540092842.0,KOSPI
2021-01-13,3148.29,1,22.34,0.0070999999999999,3128.26,3164.37,3109.63,1578042145,24725590186104,2169378970346016.8,KOSPI
2021-01-14,3149.93,1,1.64,0.0005,3148.65,3159.03,3128.72,1233182934,24122956590728,2170678334111478.0,KOSPI
2021-01-15,3085.9,2,-64.03,-0.0203,3153.84,3189.9,3085.9,1331079325,23162291827562,2127886649457744.0,KOSPI
2021-01-18,3013.93,2,-71.97,-0.0233,3079.9,3079.9,3003.89,1472048573,23186884334111,2077227073333738.0,KOSPI
2021-01-19,3092.66,1,78.73,0.0260999999999999,3013.05,3107.0,3011.32,1353312434,24190452978625,2131564250218192.8,KOSPI
2021-01-20,3114.55,1,21.89,0.0070999999999999,3115.04,3145.01,3077.15,1192695289,24628056858907,2146526770490918.0,KOSPI
2021-01-21,3160.84,1,46.29,0.0149,3123.27,3163.21,3123.27,1360065480,25279964649736,2179020942615826.0,KOSPI
2021-01-22,3140.63,2,-20.21,-0.0064,3163.83,3185.26,3140.6,1111222984,24305355507985,2165993242815528.8,KOSPI
2021-01-25,3208.99,1,68.36,0.0218,3144.01,3212.22,3142.8,1093652714,21172002638237,2212081518869122.0,KOSPI
2021-01-26,3140.31,2,-68.68,-0.0214,3203.96,3209.18,3132.67,873023735,21874953662673,2165657736775636.8,KOSPI
2021-01-27,3122.56,2,-17.75,-0.0056999999999999,3143.46,3182.53,3118.89,924582382,20147107383927,2152860459848356.0,KOSPI
2021-01-28,3069.05,2,-53.51,-0.0171,3114.98,3114.98,3046.64,1310454719,23007882780390,2115667110355292.0,KOSPI
2021-01-29,2976.21,2,-92.84,-0.0302999999999999,3078.73,3100.22,2962.7,995071252,24350307102379,2051302353271175.2,KOSPI
2021-02-01,3056.53,1,80.32,0.027,2976.81,3056.87,2947.24,969262037,20724667392069,2104888954816738.0,KOSPI
2021-02-02,3096.81,1,40.28,0.0132,3065.56,3138.95,3065.56,887313600,19143871439066,2134009403459454.0,KOSPI
2021-02-03,3129.68,1,32.87,0.0106,3108.42,3142.26,3091.85,901788773,22427782221837,2158359679083774.0,KOSPI
2021-02-04,3087.55,2,-42.13,-0.0135,3135.02,3135.02,3068.46,1460945710,20648472981338,2130412928710911.2,KOSPI
2021-02-05,3120.63,1,33.08,0.0107,3098.49,3124.62,3081.78,1193486714,19789811124576,2154425469151224.8,KOSPI
2021-02-08,3091.24,2,-29.39,-0.0093999999999999,3113.63,3128.54,3085.59,1277207106,19312219733538,2132984548746042.0,KOSPI
2021-02-09,3084.67,2,-6.57,-0.0021,3102.25,3129.66,3084.67,2145388417,18389342394195,2129174907762155.2,KOSPI
2021-02-10,3100.58,1,15.91,0.0052,3088.13,3111.88,3064.25,2152916523,18333691832606,2140181514038552.8,KOSPI
2021-02-15,3147.0,1,46.42,0.015,3108.7,3156.56,3108.7,1604653438,16944151211135,2172563782469364.8,KOSPI
2021-02-16,3163.25,1,16.25,0.0052,3151.85,3180.94,3145.84,1944395602,17171320534735,2184114152468824.8,KOSPI
2021-02-17,3133.73,2,-29.52,-0.0093,3162.95,3162.95,3115.48,1784126573,16846120997322,2162973198427128.8,KOSPI
2021-02-18,3086.66,2,-47.07,-0.015,3131.74,3140.4,3086.66,1860566763,18141179541559,2130240935938040.8,KOSPI
2021-02-19,3107.62,1,20.96,0.0068,3089.96,3109.67,3040.28,3455504510,19720469896420,2145756604250516.8,KOSPI
2021-02-22,3079.75,2,-27.87,-0.009,3114.03,3142.48,3079.16,1831955903,18224657363683,2126152211329052.0,KOSPI
2021-02-23,3070.09,2,-9.66,-0.0031,3069.26,3094.29,3035.46,2357758937,17661157780811,2118916098492828.0,KOSPI
2021-02-24,2994.98,2,-75.11,-0.0245,3070.58,3092.05,2993.46,1560930531,21519850514936,2067821071640024.8,KOSPI
2021-02-25,3099.69,1,104.71,0.035,3026.47,3099.8,3026.47,1280086204,17213950572579,2139066412507336.8,KOSPI
2021-02-26,3012.95,2,-86.74,-0.0279999999999999,3089.49,3089.49,2988.28,1361310125,21504876380743,2079822287070835.2,KOSPI
2021-03-02,3043.87,1,30.92,0.0103,3021.68,3096.5,3020.74,1749871004,18852145433691,2100892199621892.8,KOSPI
2021-03-03,3082.99,1,39.12,0.0129,3041.2,3083.04,3029.37,2236687870,14714276467293,2127504522315287.2,KOSPI
2021-03-04,3043.49,2,-39.5,-0.0128,3076.88,3076.88,3022.54,1278951816,17149583437712,2100388462377852.8,KOSPI
2021-03-05,3026.26,2,-17.23,-0.0056999999999999,3036.16,3036.98,2982.45,1187225784,16767185165723,2089548989257272.0,KOSPI
2021-03-08,2996.11,2,-30.15,-0.01,3031.99,3055.65,2992.64,1928301671,15786853367707,2069285179140615.2,KOSPI
2021-03-09,2976.12,2,-19.99,-0.0067,2989.96,3000.49,2929.36,1534217947,18419498625731,2056078962922379.2,KOSPI
2021-03-10,2958.12,2,-18.0,-0.006,2980.76,3013.95,2951.53,905646664,13586638415968,2043540145851599.2,KOSPI
2021-03-11,3013.7,1,55.58,0.0187999999999999,2964.3,3028.37,2964.3,1349204346,16024119785739,2081131559971260.0,KOSPI
2021-03-12,3054.39,1,40.69,0.0135,3030.73,3061.43,3030.73,1669085134,13112978852891,2108739011909016.8,KOSPI
2021-03-15,3045.71,2,-8.68,-0.0028,3057.06,3065.17,3036.14,1161784415,12580943761174,2103490189792940.8,KOSPI
2021-03-16,3067.17,1,21.46,0.0069999999999999,3049.23,3071.54,3049.23,1123921806,12930136216106,2118221347601128.0,KOSPI
2021-03-17,3047.5,2,-19.67,-0.0064,3067.76,3069.57,3027.2,814990951,13933301393395,2104611972192955.2,KOSPI
2021-03-18,3066.01,1,18.51,0.0060999999999999,3054.93,3090.19,3054.93,1232596191,15133171560954,2131746121858928.0,KOSPI
2021-03-19,3039.53,2,-26.48,-0.0086,3063.01,3063.01,3022.49,1068468282,16337600202826,2113198643275980.0,KOSPI
2021-03-22,3035.46,2,-4.07,-0.0013,3040.01,3048.11,3019.6,915739433,13348889480085,2111019308765515.2,KOSPI
2021-03-23,3004.74,2,-30.72,-0.0101,3038.25,3058.79,3003.05,1331209584,16167128433823,2090378385217372.0,KOSPI
2021-03-24,2996.35,2,-8.39,-0.0028,2996.32,3006.54,2971.04,978431301,13400024889568,2088782704503124.0,KOSPI
2021-03-25,3008.33,1,11.98,0.004,2995.67,3024.63,2987.83,940353597,13434687983902,2097224018661288.0,KOSPI
2021-03-26,3041.01,1,32.68,0.0109,3012.79,3041.86,3012.79,1036383014,15837825243148,2119963830368040.0,KOSPI
2021-03-29,3036.04,2,-4.97,-0.0016,3047.71,3054.21,3025.39,1288846446,16736098172838,2116791654414624.8,KOSPI
2021-03-30,3070.0,1,33.96,0.0112,3038.44,3074.57,3038.44,1023074579,14149217413321,2139668811269600.0,KOSPI
2021-03-31,3061.42,2,-8.58,-0.0028,3073.39,3093.89,3061.4,1146989209,14537437651883,2133373184071420.0,KOSPI
2021-04-01,3087.4,1,25.98,0.0085,3073.77,3090.88,3069.68,922680368,14035773701355,2151569268949112.8,KOSPI
2021-04-02,3112.8,1,25.4,0.0081999999999999,3104.72,3121.58,3101.6,792704597,13442350502786,2169819699262115.2,KOSPI
2021-04-05,3120.83,1,8.03,0.0026,3121.23,3127.2,3101.86,1084791620,13010540308532,2175988044851232.0,KOSPI
2021-04-06,3127.08,1,6.25,0.002,3123.8,3139.29,3110.19,1279017405,13676601737626,2180839058094976.8,KOSPI
2021-04-07,3137.41,1,10.33,0.0033,3129.07,3146.19,3125.33,1984773884,14490176790450,2187857005749112.8,KOSPI
2021-04-08,3143.26,1,5.85,0.0019,3137.25,3145.81,3122.09,1357293283,17080031242959,2190897559366098.0,KOSPI
2021-04-09,3131.88,2,-11.38,-0.0036,3146.51,3156.04,3125.24,1823162245,15093694721352,2183407707650182.0,KOSPI
2021-04-12,3135.59,1,3.71,0.0012,3134.88,3147.27,3127.91,1048782935,13288261318780,2186336551999583.2,KOSPI
2021-04-13,3169.08,1,33.49,0.0107,3138.21,3173.26,3136.99,1741348018,16363773274030,2209344454288867.2,KOSPI
2021-04-14,3182.38,1,13.3,0.0042,3169.95,3188.32,3162.12,1776265333,15552014115192,2219837253267234.0,KOSPI
2021-04-15,3194.33,1,11.95,0.0038,3180.73,3204.48,3178.99,1312991973,17671286861080,2227893248796766.0,KOSPI
2021-04-16,3198.62,1,4.29,0.0013,3194.08,3206.76,3185.67,985278196,15542110564312,2230863450838991.2,KOSPI
2021-04-19,3198.84,1,0.22,0.0001,3201.11,3214.45,3193.4,1060619231,15378168999665,2231246757792884.0,KOSPI
2021-04-20,3220.7,1,21.86,0.0068,3198.31,3220.82,3195.96,1296160097,14508206276523,2246496867121595.2,KOSPI
2021-04-21,3171.66,2,-49.04,-0.0152,3214.24,3214.24,3165.49,1767090522,16916024229372,2212715485501855.2,KOSPI
2021-04-22,3177.52,1,5.86,0.0018,3174.52,3196.97,3174.52,1752691683,14862861768154,2217699634428376.0,KOSPI
2021-04-23,3186.1,1,8.58,0.0027,3173.47,3188.7,3146.54,2253793002,15653205960793,2223584747475283.2,KOSPI
2021-04-26,3217.53,1,31.43,0.0098999999999999,3191.34,3217.53,3191.34,1298330413,15753767940288,2244296747569999.2,KOSPI
2021-04-27,3215.42,2,-2.11,-0.0007,3218.3,3223.05,3203.25,1534230437,17177221132485,2242791905590759.2,KOSPI
2021-04-28,3181.47,2,-33.95,-0.0106,3217.21,3219.69,3176.55,1412620981,18379828680878,2219525997361583.2,KOSPI
2021-04-29,3174.07,2,-7.4,-0.0023,3184.75,3200.41,3161.06,1222430217,19126666675110,2214470771412016.8,KOSPI
2021-04-30,3147.86,2,-26.21,-0.0083,3176.43,3179.43,3143.38,1359455178,19207526228810,2196644814285860.0,KOSPI
2021-05-03,3127.2,2,-20.66,-0.0066,3149.05,3174.26,3120.7,1041199113,16975830860649,2183279571124176.0,KOSPI
2021-05-04,3147.37,1,20.17,0.0064,3131.39,3147.38,3109.78,1283829879,15962437460373,2197169421502548.0,KOSPI
2021-05-06,3178.74,1,31.37,0.01,3147.72,3178.74,3133.64,1239403331,16626445399689,2218596988562242.0,KOSPI
2021-05-07,3197.2,1,18.46,0.0058,3179.63,3205.11,3179.63,989680146,15206303479328,2231754453117400.0,KOSPI
2021-05-10,3249.3,1,52.1,0.0163,3201.46,3255.9,3201.46,1011267140,17187181714045,2267392610116002.0,KOSPI
2021-05-11,3209.43,2,-39.87,-0.0123,3239.92,3239.92,3192.25,1096717744,21883489899031,2250813285698176.8,KOSPI
2021-05-12,3161.66,2,-47.77,-0.0149,3209.36,3212.83,3138.04,1424059107,22458066045899,2217704460453976.0,KOSPI
2021-05-13,3122.11,2,-39.55,-0.0125,3146.97,3161.93,3103.88,1095948091,21059803806076,2187284901026347.2,KOSPI
2021-05-14,3153.32,1,31.21,0.01,3131.35,3162.31,3131.35,836404050,14493543694716,2209898269932238.0,KOSPI
2021-05-17,3134.52,2,-18.8,-0.006,3163.21,3173.01,3121.32,771305645,14552523724082,2197146070810276.8,KOSPI
2021-05-18,3173.05,1,38.53,0.0123,3135.38,3176.4,3135.38,786143415,13898610218787,2223050433761388.8,KOSPI
2021-05-20,3162.28,2,-10.77,-0.0034,3174.53,3174.53,3140.48,774252245,13719656585417,2215262488943068.0,KOSPI
2021-05-21,3156.42,2,-5.86,-0.0019,3171.91,3198.01,3149.46,797262205,14789457191323,2211878673922714.0,KOSPI
2021-05-24,3144.3,2,-12.12,-0.0038,3155.91,3163.27,3137.81,587968268,11604047358277,2203296528265226.0,KOSPI
2021-05-25,3171.32,1,27.02,0.0086,3152.93,3173.1,3148.3,612976970,11728027229513,2222161157628694.0,KOSPI
2021-05-26,3168.43,2,-2.89,-0.0009,3171.91,3183.97,3160.3,1269999045,13173015885449,2220195701874650.0,KOSPI
2021-05-27,3165.51,2,-2.92,-0.0009,3170.84,3173.86,3142.37,1082006090,20682335393904,2213264037358092.8,KOSPI
2021-05-28,3188.73,1,23.22,0.0073,3172.09,3198.66,3171.85,966367978,13533299075577,2229262136164056.8,KOSPI
2021-05-31,3203.92,1,15.19,0.0048,3192.06,3204.29,3179.87,1123524809,14017446050339,2240204442357739.2,KOSPI
2021-06-01,3221.87,1,17.95,0.0056,3207.12,3233.17,3199.18,1472570767,15270803742087,2252414411981180.0,KOSPI
2021-06-02,3224.23,1,2.36,0.0007,3224.4,3241.07,3216.1,1495671343,17740841975268,2253801396792756.0,KOSPI
2021-06-03,3247.43,1,23.2,0.0072,3224.96,3258.5,3224.96,1584799068,16890461822422,2271047146370102.0,KOSPI
2021-06-04,3240.08,2,-7.35,-0.0023,3246.17,3246.19,3218.67,1392319539,16051031275689,2266301575442776.0,KOSPI
2021-06-07,3252.12,1,12.04,0.0037,3244.59,3264.41,3233.4,1733348139,19023221710305,2274803755886820.0,KOSPI
2021-06-08,3247.83,2,-4.29,-0.0013,3251.83,3264.67,3242.56,1951319356,19352173579005,2271737873708297.0,KOSPI
2021-06-09,3216.18,2,-31.65,-0.0097,3245.08,3246.49,3216.18,1964923269,17164709655058,2250239307892508.8,KOSPI
2021-06-10,3224.64,1,8.46,0.0026,3216.94,3235.39,3210.31,1896766322,19170539861596,2255706784028795.0,KOSPI
2021-06-11,3249.32,1,24.68,0.0077,3226.98,3251.58,3226.98,1645508762,17956256842935,2272865086057899.0,KOSPI
2021-06-14,3252.13,1,2.81,0.0009,3249.6,3254.49,3238.51,1664527170,15262485462973,2274655820005211.0,KOSPI
2021-06-15,3258.63,1,6.5,0.002,3253.17,3262.8,3247.9,1734497293,14838275276764,2279093890070678.0,KOSPI
2021-06-16,3278.68,1,20.05,0.0062,3259.06,3281.96,3256.68,2345810978,16297981235711,2293095236719969.0,KOSPI
2021-06-17,3264.96,2,-13.72,-0.0042,3276.2,3276.2,3251.32,1848671013,14672132506589,2283628537465567.0,KOSPI
2021-06-18,3267.93,1,2.97,0.0009,3265.68,3275.76,3262.58,1627658120,17492731865668,2285587401970588.0,KOSPI
2021-06-21,3240.79,2,-27.14,-0.0083,3264.18,3264.18,3225.56,1508634470,17291259635405,2266650210510417.0,KOSPI
2021-06-22,3263.88,1,23.09,0.0070999999999999,3245.79,3267.63,3245.79,1666696733,15512033241198,2283310826631788.0,KOSPI
2021-06-23,3276.19,1,12.31,0.0038,3265.73,3281.88,3263.07,1069174741,17865268589384,2292900832121707.0,KOSPI
2021-06-24,3286.1,1,9.91,0.003,3281.47,3292.27,3277.85,1301271218,21426510325089,2300141383127961.0,KOSPI
2021-06-25,3302.84,1,16.74,0.0051,3289.18,3316.08,3289.18,1198187970,18618608315198,2312030311092176.0,KOSPI
2021-06-28,3301.89,2,-0.95,-0.0003,3305.46,3311.69,3291.3,1428764468,13796055583387,2311642030646070.0,KOSPI
2021-06-29,3286.68,2,-15.21,-0.0046,3305.26,3305.42,3276.63,1213046625,15509502688918,2300482290686251.0,KOSPI
2021-06-30,3296.68,1,10.0,0.003,3288.63,3305.73,3288.63,1610375510,15646662100364,2307579219297640.0,KOSPI
2021-07-01,3282.06,2,-14.62,-0.0044,3297.92,3300.12,3278.1,1159231481,16075974682786,2297428890483759.0,KOSPI
2021-07-02,3281.78,2,-0.28,-0.0001,3282.81,3295.68,3278.19,1019998165,15437887450990,2296886523040171.0,KOSPI
2021-07-05,3293.21,1,11.43,0.0034999999999999,3285.29,3298.93,3285.29,850406170,14529926270282,2305240405381368.0,KOSPI
2021-07-06,3305.21,1,12.0,0.0036,3295.44,3313.51,3295.44,1029465279,14686383269810,2314417369845986.0,KOSPI
2021-07-07,3285.34,2,-19.87,-0.006,3303.59,3303.59,3277.66,1147641017,14507060037927,2300642185602643.0,KOSPI
2021-07-08,3252.68,2,-32.66,-0.0098999999999999,3287.68,3295.71,3252.41,1516034403,16870624131454,2277841603600861.0,KOSPI
2021-07-09,3217.95,2,-34.73,-0.0107,3245.52,3245.52,3188.8,1308364633,16473105860696,2253697507876528.0,KOSPI
2021-07-12,3246.47,1,28.52,0.0089,3227.51,3251.45,3227.51,1135042856,11280079226180,2273494421274092.0,KOSPI
2021-07-13,3271.38,1,24.91,0.0077,3253.24,3273.9,3253.24,1150101046,13494445819170,2290584923288806.0,KOSPI
2021-07-14,3264.81,2,-6.57,-0.002,3270.09,3270.09,3250.45,908953938,12993100764877,2286388813170516.0,KOSPI
2021-07-15,3286.22,1,21.41,0.0066,3269.33,3286.58,3263.09,1172430582,13683900975965,2301050677859845.0,KOSPI
2021-07-16,3276.91,2,-9.31,-0.0028,3282.89,3282.89,3259.32,1066507087,14781318750668,2304505794912590.0,KOSPI
2021-07-19,3244.04,2,-32.87,-0.01,3258.87,3258.87,3236.39,1095559262,12855281198924,2281788152500030.0,KOSPI
2021-07-20,3232.7,2,-11.34,-0.0034999999999999,3223.24,3234.8,3214.42,979670175,15292372447870,2273800449712422.0,KOSPI
2021-07-21,3215.91,2,-16.79,-0.0052,3251.13,3252.25,3215.91,990326915,14864747567296,2262423629944087.0,KOSPI
2021-07-22,3250.21,1,34.3,0.0107,3235.17,3253.75,3235.17,712983404,13039249952509,2286455396722820.0,KOSPI
2021-07-23,3254.42,1,4.21,0.0013,3253.44,3264.01,3246.09,805048259,13209383405119,2288976880025907.0,KOSPI
2021-07-26,3224.95,2,-29.47,-0.0091,3265.99,3265.99,3224.95,826066626,12212490543815,2268644077336709.0,KOSPI
2021-07-27,3232.53,1,7.58,0.0024,3244.43,3252.85,3230.75,991938990,12348469240739,2273599243456935.0,KOSPI
2021-07-28,3236.86,1,4.33,0.0013,3226.06,3243.21,3210.9,868602620,11979296757213,2276373997484781.0,KOSPI
2021-07-29,3242.65,1,5.79,0.0018,3248.49,3252.26,3232.5,694823189,10491306617501,2280494338742598.0,KOSPI
2021-07-30,3202.32,2,-40.33,-0.0124,3234.37,3234.66,3202.32,687861015,12808243381658,2252545492371046.0,KOSPI
2021-08-02,3223.04,1,20.72,0.0065,3218.42,3223.04,3194.0,561003439,10237986168170,2267461202539862.0,KOSPI
2021-08-03,3237.14,1,14.1,0.0044,3221.57,3237.14,3213.2,653512911,12491381488029,2278025799127965.0,KOSPI
2021-08-04,3280.38,1,43.24,0.0134,3246.65,3283.14,3237.55,632241743,12357119579176,2308134804816621.0,KOSPI
2021-08-05,3276.13,2,-4.25,-0.0013,3283.25,3296.17,3273.33,680941049,11877709071888,2305637212303987.0,KOSPI
2021-08-06,3270.36,2,-5.77,-0.0018,3277.06,3288.17,3261.93,941361338,15455403584955,2334628994435797.0,KOSPI
2021-08-09,3260.42,2,-9.94,-0.003,3258.1,3275.15,3251.74,707654201,15732538324746,2329309985095962.0,KOSPI
2021-08-10,3243.19,2,-17.23,-0.0053,3272.44,3272.44,3232.46,730349269,21657925207047,2339206516232064.0,KOSPI
2021-08-11,3220.62,2,-22.57,-0.0069999999999999,3235.36,3250.21,3217.65,618092869,19193401379930,2322607459499686.0,KOSPI
2021-08-12,3208.38,2,-12.24,-0.0038,3213.58,3229.59,3202.11,643282554,20403905566084,2313093348371439.0,KOSPI
2021-08-13,3171.29,2,-37.09,-0.0116,3205.75,3209.72,3146.76,696468122,20201969432850,2285376012401448.0,KOSPI
2021-08-17,3143.09,2,-28.2,-0.0089,3169.74,3179.49,3134.48,690842314,22241588390442,2265401557347119.0,KOSPI
2021-08-18,3158.93,1,15.84,0.005,3141.98,3175.88,3124.56,622791632,16752626526034,2276820395047858.0,KOSPI
2021-08-19,3097.83,2,-61.1,-0.0192999999999999,3140.01,3158.0,3097.83,655629079,17170843636716,2235216707932198.0,KOSPI
2021-08-20,3060.51,2,-37.32,-0.012,3111.1,3122.09,3049.03,672088491,16450579796320,2209662899424604.0,KOSPI
2021-08-23,3090.21,1,29.7,0.0097,3086.81,3111.81,3064.65,570979933,13424032926826,2230738568501348.8,KOSPI
2021-08-24,3138.3,1,48.09,0.0156,3119.7,3142.58,3115.23,586535144,14946073572844,2266706991674068.0,KOSPI
2021-08-25,3146.81,1,8.51,0.0027,3148.13,3161.0,3124.25,624688408,13365595656643,2272311234888854.0,KOSPI
2021-08-26,3128.53,2,-18.28,-0.0058,3151.3,3159.37,3121.04,727719083,13335287860349,2259280093653567.0,KOSPI
2021-08-27,3133.9,1,5.37,0.0017,3116.29,3143.01,3106.97,520668771,11039934421080,2262422711844216.0,KOSPI
2021-08-30,3144.19,1,10.29,0.0033,3160.87,3164.87,3132.77,602858388,11758710379309,2269580865742036.0,KOSPI
2021-08-31,3199.27,1,55.08,0.0175,3144.49,3199.89,3130.3,661221167,15863630339895,2309062612929983.0,KOSPI
2021-09-01,3207.02,1,7.75,0.0024,3195.67,3215.13,3185.8,746705227,13537907689214,2317655771978632.0,KOSPI
2021-09-02,3175.85,2,-31.17,-0.0097,3198.03,3204.01,3171.78,757859615,15378375212484,2297103341723483.0,KOSPI
2021-09-03,3201.06,1,25.21,0.0079,3189.71,3203.08,3181.64,641510055,13110992029700,2315800431016042.0,KOSPI
2021-09-06,3203.33,1,2.27,0.0007,3196.3,3206.25,3186.79,726190124,12313477364484,2318348873606184.0,KOSPI
2021-09-07,3187.42,2,-15.91,-0.005,3200.07,3201.76,3176.81,760159709,11943337187144,2306637033277544.0,KOSPI
2021-09-08,3162.99,2,-24.43,-0.0077,3178.74,3187.55,3157.07,859889326,17302711069208,2290248707246099.0,KOSPI
2021-09-09,3114.7,2,-48.29,-0.0153,3146.64,3158.6,3111.49,927368577,17787104851733,2256111111642365.0,KOSPI
2021-09-10,3125.76,1,11.06,0.0036,3121.09,3131.54,3103.38,723085303,13566490029242,2262866816661640.0,KOSPI
2021-09-13,3127.86,1,2.1,0.0007,3117.35,3139.13,3109.01,732269520,13505433023679,2264159333328919.0,KOSPI
2021-09-14,3148.83,1,20.97,0.0067,3137.32,3164.31,3137.32,713227276,15787292366491,2280258288758879.0,KOSPI
2021-09-15,3153.4,1,4.57,0.0015,3147.21,3164.01,3138.8,616557070,12162693523272,2284157740769828.0,KOSPI
2021-09-16,3130.09,2,-23.31,-0.0074,3165.38,3167.68,3126.65,612873472,12259518128260,2267220040394942.0,KOSPI
2021-09-17,3140.51,1,10.42,0.0033,3127.75,3142.13,3112.51,589244026,14937657948864,2284484860912835.0,KOSPI
2021-09-23,3127.58,2,-12.93,-0.0040999999999999,3123.64,3131.63,3107.98,623841308,14009138133250,2275325269712385.0,KOSPI
2021-09-24,3125.24,2,-2.34,-0.0007,3140.73,3146.86,3119.4,753222478,12558236431734,2273591460336983.0,KOSPI
2021-09-27,3133.64,1,8.4,0.0027,3121.7,3146.35,3119.26,883229339,12266966973757,2279894817910380.0,KOSPI
2021-09-28,3097.92,2,-35.72,-0.0113999999999999,3133.4,3134.46,3095.72,894913170,14658731286208,2254315886464543.0,KOSPI
2021-09-29,3060.27,2,-37.65,-0.0121999999999999,3055.5,3069.04,3030.6,821557926,15137007962920,2226722696682184.8,KOSPI
2021-09-30,3068.82,1,8.55,0.0028,3054.87,3079.43,3046.43,885818713,14942853884792,2231957338378780.0,KOSPI
2021-10-01,3019.18,2,-49.64,-0.0162,3056.21,3062.6,3015.01,855481955,12944006323787,2195489101771914.0,KOSPI
2021-10-05,2962.17,2,-57.01,-0.0189,2998.17,2998.17,2940.59,840557005,15315537326790,2153672546490338.0,KOSPI
2021-10-06,2908.31,2,-53.86,-0.0182,2986.06,2993.47,2908.3,901721943,15668592169787,2114932681003112.8,KOSPI
2021-10-07,2959.46,1,51.15,0.0176,2936.87,2961.53,2927.6,595381702,11906736775955,2151410767360808.8,KOSPI
2021-10-08,2956.3,2,-3.16,-0.0011,2977.82,2978.08,2949.01,668946781,12634091306885,2150115811292972.8,KOSPI
2021-10-12,2916.38,2,-39.92,-0.0135,2950.22,2950.94,2901.51,660180934,12767649889473,2120560982087748.8,KOSPI
2021-10-13,2944.41,1,28.03,0.0096,2913.34,2953.33,2909.47,752132429,12294514171307,2141374217004803.2,KOSPI
2021-10-14,2988.64,1,44.23,0.015,2968.87,2988.97,2962.33,617170079,12064564380622,2172764571489626.0,KOSPI
2021-10-15,3015.06,1,26.42,0.0088,3012.62,3021.9,2999.33,857797842,12540973320207,2192125724879263.2,KOSPI
2021-10-18,3006.68,2,-8.38,-0.0028,3017.48,3021.17,2990.44,926369474,10649948958411,2186010001816396.8,KOSPI
2021-10-19,3029.04,1,22.36,0.0074,3022.23,3034.53,3014.19,845703531,10112026428717,2202301797123014.0,KOSPI
2021-10-20,3013.13,2,-15.91,-0.0053,3043.13,3047.24,3012.97,680326898,11178213476930,2191094043358948.0,KOSPI
2021-10-21,3007.33,2,-5.8,-0.0019,3012.28,3025.88,3002.74,887369794,10572398217802,2185679891266018.0,KOSPI
2021-10-22,3006.16,2,-1.17,-0.0004,3005.36,3018.7,2996.26,695272936,9047262545950,2184542201010108.0,KOSPI
2021-10-25,3020.54,1,14.38,0.0048,3001.1,3025.27,2983.29,791795966,10489293804156,2194484567353427.2,KOSPI
2021-10-26,3049.08,1,28.54,0.0093999999999999,3039.82,3051.65,3030.53,564559805,9512681741122,2215757779840432.8,KOSPI
2021-10-27,3025.49,2,-23.59,-0.0077,3045.83,3049.02,3019.0,607875370,10220672977011,2198753266106800.8,KOSPI
2021-10-28,3009.55,2,-15.94,-0.0053,3023.17,3034.42,3009.55,617256798,12367618427652,2188063339084740.0,KOSPI
2021-10-29,2970.68,2,-38.87,-0.0129,3025.67,3030.17,2965.4,545833755,11035682384856,2159375927406380.0,KOSPI
2021-11-01,2978.94,1,8.26,0.0028,2984.18,2991.81,2976.87,475382111,9410799387549,2166070209519304.8,KOSPI
2021-11-02,3013.49,1,34.55,0.0116,2995.58,3034.3,2995.58,525853038,9662968105172,2191376531144535.2,KOSPI
2021-11-03,2975.71,2,-37.78,-0.0125,3020.36,3020.87,2969.01,658648364,12438267928860,2189540503438220.8,KOSPI
2021-11-04,2983.22,1,7.51,0.0025,3000.92,3011.56,2978.07,772023904,14658519584987,2195428830265028.8,KOSPI
2021-11-05,2969.27,2,-13.95,-0.0046999999999999,3003.53,3003.53,2953.96,688027918,12669722983462,2185189385744004.0,KOSPI
2021-11-08,2960.2,2,-9.07,-0.0031,2965.36,2968.18,2930.9,560205356,10388089493103,2178020380431059.2,KOSPI
2021-11-09,2962.46,1,2.26,0.0008,2958.15,2987.28,2949.17,708773471,9684977252764,2180787959345307.2,KOSPI
2021-11-10,2930.17,2,-32.29,-0.0109,2947.46,2958.61,2924.36,570931752,9663221463613,2157022729552783.2,KOSPI
2021-11-11,2924.92,2,-5.25,-0.0018,2911.41,2925.19,2903.72,572859058,13468395643103,2153082343088190.0,KOSPI
2021-11-12,2968.8,1,43.88,0.015,2945.95,2973.84,2938.27,665733196,12472956374638,2185439467790075.2,KOSPI
2021-11-15,2999.52,1,30.72,0.0103,2989.68,3003.71,2979.96,639395683,11402053251342,2207950545172823.2,KOSPI
2021-11-16,2997.21,2,-2.31,-0.0008,2995.68,3011.88,2985.34,579646335,11101212743890,2208638226067564.0,KOSPI
2021-11-17,2962.42,2,-34.79,-0.0116,3004.02,3004.67,2957.7,541489534,10661680483275,2183852304105739.2,KOSPI
2021-11-18,2947.38,2,-15.04,-0.0051,2959.26,2964.48,2937.53,541652823,10119317376788,2173103104811822.0,KOSPI
2021-11-19,2971.02,1,23.64,0.008,2951.06,2974.64,2948.07,657093788,11002168877105,2192237374729624.0,KOSPI
2021-11-22,3013.25,1,42.23,0.0141999999999999,2983.38,3018.01,2980.73,530959176,12945532600397,2225325424858351.2,KOSPI
2021-11-23,2997.33,2,-15.92,-0.0053,3013.16,3016.36,2992.14,524233416,10830503621150,2213806547623648.8,KOSPI
2021-11-24,2994.29,2,-3.04,-0.001,3006.34,3017.9,2981.02,556640473,10963458592619,2210804289074574.0,KOSPI
2021-11-25,2980.27,2,-14.02,-0.0046999999999999,2996.74,2996.74,2973.24,595969686,9401090529106,2199950623164320.8,KOSPI
2021-11-26,2936.44,2,-43.83,-0.0147,2973.04,2985.77,2930.31,595597647,11901297731572,2167444597231403.2,KOSPI
2021-11-29,2909.32,2,-27.12,-0.0092,2906.15,2930.22,2890.78,844400434,13092783140665,2148359052554220.0,KOSPI
2021-11-30,2839.01,2,-70.31,-0.0242,2932.71,2942.93,2822.73,983556318,19852270868593,2095821072303232.8,KOSPI
2021-12-01,2899.72,1,60.71,0.0214,2860.12,2905.74,2837.03,563927192,12534484740158,2143338151523723.2,KOSPI
2021-12-02,2945.27,1,45.55,0.0157,2874.64,2945.27,2874.64,534461669,11918441491698,2176914270109684.0,KOSPI
2021-12-03,2968.33,1,23.06,0.0078,2935.93,2975.44,2927.55,486749001,10344372944198,2192835466339470.0,KOSPI
2021-12-06,2973.25,1,4.92,0.0017,2954.82,2983.5,2932.49,479907913,9657402253160,2197379063665010.0,KOSPI
2021-12-07,2991.72,1,18.47,0.0062,2973.84,2992.31,2960.9,541370062,10215647036599,2211216990567170.0,KOSPI
2021-12-08,3001.8,1,10.08,0.0034,3017.93,3036.13,2995.34,488246121,11115220654811,2218153437117398.0,KOSPI
2021-12-09,3029.57,1,27.77,0.0093,3007.0,3029.57,3001.55,513445799,12614031150535,2238777012136812.0,KOSPI
2021-12-10,3010.23,2,-19.34,-0.0064,3008.7,3017.64,2998.29,451599491,8434890985993,2225643249770856.0,KOSPI
2021-12-13,3001.66,2,-8.57,-0.0028,3019.67,3043.83,3000.51,375828375,8629448910198,2219441356915143.2,KOSPI
2021-12-14,2987.95,2,-13.71,-0.0046,2983.95,3001.7,2976.16,581569904,9856789517126,2209778033875156.8,KOSPI
2021-12-15,2989.39,1,1.44,0.0005,2979.83,2992.3,2973.0,432874423,8253059437129,2210896374852491.2,KOSPI
2021-12-16,3006.41,1,17.02,0.0056999999999999,3013.26,3018.2,2989.63,402825154,8524314062950,2223256395913792.0,KOSPI
2021-12-17,3017.73,1,11.32,0.0038,2985.2,3017.73,2984.19,451824159,11650002805031,2231055479151032.8,KOSPI
2021-12-20,2963.0,2,-54.73,-0.0181,3001.33,3001.33,2962.07,377584565,8621305733909,2191456183748063.2,KOSPI
2021-12-21,2975.03,1,12.03,0.0040999999999999,2981.67,2984.56,2955.9,410979633,9108501429680,2200896109564335.2,KOSPI
2021-12-22,2984.48,1,9.45,0.0032,2993.5,3000.79,2976.65,461755372,8835649524455,2208300470743887.2,KOSPI
2021-12-23,2998.17,1,13.69,0.0046,2998.02,3000.7,2980.91,483838948,9319626829913,2218653456865532.0,KOSPI
2021-12-24,3012.43,1,14.26,0.0048,3009.48,3025.77,3009.48,537548258,8583472759012,2230019405753960.8,KOSPI
2021-12-27,2999.55,2,-12.88,-0.0043,3013.94,3017.31,2999.3,475363053,8280394735651,2221527069263787.2,KOSPI
2021-12-28,3020.24,1,20.69,0.0069,3006.77,3020.29,2991.55,607046190,12096893607293,2237623537207572.0,KOSPI
2021-12-29,2993.29,2,-26.95,-0.0089,3002.9,3007.72,2988.67,545831859,10908667230981,2215462631908994.0,KOSPI
2021-12-30,2977.65,2,-15.64,-0.0052,2999.75,3005.36,2975.74,461038202,8727458062998,2203366545861792.0,KOSPI
2022-01-03,2988.77,1,11.12,0.0037,2998.32,3010.77,2979.42,435825854,8193887264228,2211373367405162.0,KOSPI
2022-01-04,2989.24,1,0.47,0.0002,2991.97,2995.25,2973.08,621549385,9991473942836,2212087919930192.8,KOSPI
2022-01-05,2953.97,2,-35.27,-0.0118,2984.05,2986.2,2936.73,787346121,15428422516445,2186715367040906.0,KOSPI
2022-01-06,2920.53,2,-33.44,-0.0113,2925.4,2952.54,2915.38,786045066,13297135242112,2162437324139180.0,KOSPI
2022-01-07,2954.89,1,34.36,0.0118,2933.78,2959.03,2933.1,546172478,10582421237357,2187560533655431.2,KOSPI
2022-01-10,2926.72,2,-28.17,-0.0095,2947.37,2951.12,2910.9,477399917,10397827640756,2166763874659560.8,KOSPI
2022-01-11,2927.38,1,0.66,0.0002,2930.93,2943.57,2909.82,566171897,10646541507362,2168032047197388.0,KOSPI
2022-01-12,2972.48,1,45.1,0.0154,2950.78,2972.58,2950.31,519500914,10895354474281,2200967250234564.8,KOSPI
2022-01-13,2962.09,2,-10.39,-0.0034999999999999,2979.91,2982.14,2958.39,604870641,11458978734387,2193799600084399.2,KOSPI
2022-01-14,2921.92,2,-40.17,-0.0136,2937.61,2944.97,2914.73,532668250,10799738387436,2164996762680052.0,KOSPI
2022-01-17,2890.1,2,-31.82,-0.0109,2918.55,2919.67,2875.98,593260741,10396512579668,2141590250888778.0,KOSPI
2022-01-18,2864.24,2,-25.86,-0.0089,2898.98,2902.79,2857.26,554040958,10040965253936,2121897005983564.8,KOSPI
2022-01-19,2842.28,2,-21.96,-0.0077,2840.34,2871.79,2832.18,463829499,9649066534496,2105223650395608.8,KOSPI
2022-01-20,2862.68,1,20.4,0.0072,2842.28,2862.7,2830.97,395669124,8872018415152,2119405877913356.0,KOSPI
2022-01-21,2834.29,2,-28.39,-0.0098999999999999,2837.49,2847.95,2817.11,532753367,10718107702468,2098926813130747.2,KOSPI
2022-01-24,2792.0,2,-42.29,-0.0149,2823.76,2828.11,2780.68,473993186,9304491107906,2068283398049318.0,KOSPI
2022-01-25,2720.39,2,-71.61,-0.0256,2786.41,2789.62,2703.99,639958796,11700945453437,2016270363983016.8,KOSPI
2022-01-26,2709.24,2,-11.15,-0.0040999999999999,2729.75,2744.14,2708.1,472650641,8978726558031,2007683221764372.8,KOSPI
2022-01-27,2614.49,2,-94.75,-0.035,2709.24,2722.86,2614.49,487726708,20548835072170,2056788548809842.0,KOSPI
2022-01-28,2663.34,1,48.85,0.0187,2617.87,2668.59,2591.53,434186972,13753057379762,2094859102056596.8,KOSPI
2022-02-03,2707.82,1,44.48,0.0167,2706.34,2735.34,2702.78,435709933,12472536011223,2129673299167339.2,KOSPI
2022-02-04,2750.26,1,42.44,0.0157,2714.83,2751.8,2712.87,536148768,11393256143290,2162189762255563.2,KOSPI
2022-02-07,2745.06,2,-5.2,-0.0019,2750.7,2750.7,2718.94,417838468,11291947751742,2157575112311000.8,KOSPI
2022-02-08,2746.47,1,1.41,0.0005,2767.76,2779.85,2726.72,560534109,11785877200608,2158494533769066.0,KOSPI
2022-02-09,2768.85,1,22.38,0.0081,2772.63,2773.38,2753.51,539123929,10337571131580,2176095837885618.0,KOSPI
2022-02-10,2771.93,1,3.08,0.0011,2787.44,2788.27,2761.76,509611246,12776154092019,2179937246898060.0,KOSPI
2022-02-11,2747.71,2,-24.22,-0.0087,2739.14,2766.7,2735.08,480520356,10992603318314,2161381267104131.2,KOSPI
2022-02-14,2704.48,2,-43.23,-0.0157,2715.1,2724.72,2688.24,616343422,11579386551903,2126853150258932.0,KOSPI
2022-02-15,2676.54,2,-27.94,-0.0103,2712.45,2716.45,2665.47,589039193,9435833780019,2104887624455163.2,KOSPI
2022-02-16,2729.68,1,53.14,0.0199,2719.61,2730.43,2711.34,422366402,8389883428213,2146197286328092.8,KOSPI
2022-02-17,2744.09,1,14.41,0.0053,2735.11,2770.66,2711.99,611421577,11812904600162,2157575548333267.2,KOSPI
2022-02-18,2744.52,1,0.43,0.0002,2714.52,2747.08,2711.88,513521173,8508342024254,2157425759339174.0,KOSPI
2022-02-21,2743.8,2,-0.72,-0.0003,2706.65,2746.62,2694.9,495301161,7896733628442,2156626849427472.0,KOSPI
2022-02-22,2706.79,2,-37.01,-0.0135,2705.08,2721.84,2690.09,648400532,10590490331638,2127945075614036.8,KOSPI
2022-02-23,2719.53,1,12.74,0.0046999999999999,2727.43,2729.56,2705.31,537841009,9138533730564,2137367310079115.2,KOSPI
2022-02-24,2648.8,2,-70.73,-0.026,2689.28,2694.55,2642.63,926399613,13586138013425,2082126695008451.2,KOSPI
2022-02-25,2676.76,1,27.96,0.0106,2678.47,2694.81,2665.96,664347310,12221012186710,2103963329468180.8,KOSPI
2022-02-28,2699.18,1,22.42,0.0084,2663.0,2699.18,2658.25,613470298,12894247765178,2120187753790735.2,KOSPI
2022-03-02,2703.52,1,4.34,0.0016,2698.31,2716.46,2692.24,527950387,10996672546245,2123032519762488.0,KOSPI
2022-03-03,2747.08,1,43.56,0.0161,2729.86,2748.21,2726.35,614514855,10592861510194,2156827001822798.0,KOSPI
2022-03-04,2713.43,2,-33.65,-0.0121999999999999,2736.58,2736.58,2702.34,765675798,12427423966429,2132467179182464.0,KOSPI
2022-03-07,2651.31,2,-62.12,-0.0229,2680.17,2680.17,2644.1,571562292,12089299502161,2083197353454298.0,KOSPI
2022-03-08,2622.4,2,-28.91,-0.0109,2617.33,2647.18,2605.81,540370226,11679452446651,2060695939934308.0,KOSPI
2022-03-10,2680.32,1,57.92,0.0220999999999999,2660.86,2682.79,2660.86,613810463,13694703490818,2105097713891886.0,KOSPI
2022-03-11,2661.28,2,-19.04,-0.0070999999999999,2665.95,2672.62,2647.28,797034211,12363206013444,2090547969326350.0,KOSPI
2022-03-14,2645.65,2,-15.63,-0.0059,2654.93,2661.76,2633.31,636324491,12037826871926,2078071440843771.2,KOSPI
2022-03-15,2621.53,2,-24.12,-0.0091,2630.31,2641.97,2615.08,604181621,9583002317208,2059389989838311.2,KOSPI
2022-03-16,2659.23,1,37.7,0.0144,2649.85,2659.9,2630.03,736353564,9310850792342,2088519367582144.8,KOSPI
2022-03-17,2694.51,1,35.28,0.0133,2703.27,2714.0,2694.51,546079006,11900904843703,2116541926948248.0,KOSPI
2022-03-18,2707.02,1,12.51,0.0046,2695.64,2708.16,2688.71,644017432,11442603703912,2125657537077496.0,KOSPI
2022-03-21,2686.05,2,-20.97,-0.0077,2717.81,2717.81,2683.69,502401733,8693849794167,2109394247134395.2,KOSPI
2022-03-22,2710.0,1,23.95,0.0089,2686.68,2712.14,2686.58,489441786,9367506018394,2127002889531032.8,KOSPI
2022-03-23,2735.05,1,25.05,0.0092,2727.12,2742.27,2720.83,883375917,11838671696715,2146408436495134.0,KOSPI
2022-03-24,2729.66,2,-5.39,-0.002,2716.25,2729.66,2705.14,960897734,13177858819418,2142618010591244.8,KOSPI
2022-03-25,2729.98,1,0.32,0.0001,2740.83,2740.95,2722.36,602771056,10824995141702,2143377809045015.2,KOSPI
2022-03-28,2729.56,2,-0.42,-0.0002,2721.22,2737.46,2707.74,768042550,9801744222798,2143333163570399.2,KOSPI
2022-03-29,2741.07,1,11.51,0.0042,2745.62,2754.18,2733.22,732159279,10020299985146,2152615774344990.0,KOSPI
2022-03-30,2746.74,1,5.67,0.0021,2758.31,2760.6,2740.02,840134353,11099514114188,2156901356214342.0,KOSPI
2022-03-31,2757.65,1,10.91,0.004,2743.24,2765.2,2743.2,1030288741,9729367389375,2164962823835124.8,KOSPI
2022-04-01,2739.85,2,-17.8,-0.0065,2745.85,2745.85,2729.68,1305564027,10689584093613,2151279537772232.8,KOSPI
2022-04-04,2757.9,1,18.05,0.0066,2729.86,2758.38,2722.45,1022970584,9744917655977,2164964281624620.0,KOSPI
2022-04-05,2759.2,1,1.3,0.0005,2765.5,2769.18,2750.5,1605993694,9933180821147,2165864596150540.8,KOSPI
2022-04-06,2735.03,2,-24.17,-0.0088,2739.07,2747.85,2730.66,1321644983,11014544531112,2147029118770552.0,KOSPI
2022-04-07,2695.86,2,-39.17,-0.0143,2714.7,2718.5,2693.36,999275955,12291042906435,2116922778652258.0,KOSPI
2022-04-08,2700.39,1,4.53,0.0017,2706.64,2712.0,2685.52,948355122,10296234348228,2119201356321410.0,KOSPI
2022-04-11,2693.1,2,-7.29,-0.0027,2687.54,2711.02,2683.96,742601512,8831630373027,2113756558191032.0,KOSPI
2022-04-12,2666.76,2,-26.34,-0.0098,2674.17,2685.08,2658.4,870969540,9853720362264,2092582276727403.2,KOSPI
2022-04-13,2716.49,1,49.73,0.0186,2677.53,2717.63,2672.6,733240925,9645445517007,2131314721277679.2,KOSPI
2022-04-14,2716.71,1,0.22,0.0001,2719.34,2720.3,2702.61,665351048,11419812319490,2130735885151352.0,KOSPI
2022-04-15,2696.06,2,-20.65,-0.0076,2695.52,2705.41,2685.01,693717683,9570267540535,2114429291228787.2,KOSPI
2022-04-18,2693.21,2,-2.85,-0.0011,2685.04,2701.11,2681.37,1024914928,9050332417145,2112795552269402.0,KOSPI
2022-04-19,2718.89,1,25.68,0.0095,2707.76,2723.98,2705.32,1257385350,9779975371254,2133070295974238.0,KOSPI
2022-04-20,2718.69,2,-0.2,-0.0001,2718.49,2724.46,2702.84,1736282680,12283912938601,2132905874908170.0,KOSPI
2022-04-21,2728.21,1,9.52,0.0034999999999999,2725.71,2737.54,2725.04,1002973383,11482591241019,2140416800601660.8,KOSPI
2022-04-22,2704.71,2,-23.5,-0.0086,2704.72,2708.58,2690.48,1239909929,12120588065484,2122781766112951.2,KOSPI
2022-04-25,2657.13,2,-47.58,-0.0176,2676.67,2680.35,2657.04,1018005341,11698115888010,2085607418867234.0,KOSPI
2022-04-26,2668.31,1,11.18,0.0042,2674.0,2678.05,2663.83,889941868,10807853191333,2093885341172675.2,KOSPI
2022-04-27,2639.06,2,-29.25,-0.011,2630.58,2641.82,2615.5,1072367495,12558710512739,2070445707797211.2,KOSPI
2022-04-28,2667.49,1,28.43,0.0108,2656.54,2667.49,2638.37,899168711,12463396003912,2097782079596384.8,KOSPI
2022-04-29,2695.05,1,27.56,0.0103,2669.18,2696.1,2664.06,975253172,12664752150376,2119864985287662.0,KOSPI
2022-05-02,2687.45,2,-7.6,-0.0028,2669.21,2689.91,2667.85,873722720,9075648672047,2114441739696343.2,KOSPI
2022-05-03,2680.46,2,-6.99,-0.0026,2690.16,2702.1,2680.46,883402977,9199338259039,2109346130641559.2,KOSPI
2022-05-04,2677.57,2,-2.89,-0.0011,2690.45,2696.03,2667.23,1181019910,9903933505101,2107550082906536.0,KOSPI
2022-05-06,2644.51,2,-33.06,-0.0123,2650.89,2652.51,2635.97,1333935834,10595418478532,2081320428498684.8,KOSPI
2022-05-09,2610.81,2,-33.7,-0.0127,2634.32,2642.75,2606.08,892652722,9289660879298,2055162928601455.2,KOSPI
2022-05-10,2596.56,2,-14.25,-0.0055,2590.13,2602.75,2553.01,841463317,10842463041698,2043673172912280.8,KOSPI
2022-05-11,2592.27,2,-4.29,-0.0017,2586.52,2599.11,2579.09,679509759,8608259453968,2040258394405099.2,KOSPI
2022-05-12,2550.08,2,-42.19,-0.0163,2569.5,2591.57,2546.8,900330795,12167915258889,2007195727129312.8,KOSPI
2022-05-13,2604.24,1,54.16,0.0212,2570.01,2605.84,2565.96,788539195,10342060894273,2049292684237124.8,KOSPI
2022-05-16,2596.58,2,-7.66,-0.0029,2624.69,2629.2,2593.61,780198956,8528536948653,2043528753449264.0,KOSPI
2022-05-17,2620.44,1,23.86,0.0092,2603.58,2621.84,2603.58,873519449,9658877230199,2062679874226356.8,KOSPI
2022-05-18,2625.98,1,5.54,0.0021,2634.75,2644.13,2618.0,870268210,10047167987534,2067575121982239.2,KOSPI
2022-05-19,2592.34,2,-33.64,-0.0128,2576.24,2597.79,2568.54,677595162,9883989670611,2041376481460926.0,KOSPI
2022-05-20,2639.29,1,46.95,0.0181,2605.78,2641.68,2605.38,755652901,9634339029530,2077558135734500.0,KOSPI
2022-05-23,2647.38,1,8.09,0.0031,2651.63,2653.87,2634.29,644204838,7815203608813,2083210177353740.8,KOSPI
2022-05-24,2605.87,2,-41.51,-0.0157,2638.94,2646.99,2605.87,851235794,8703525826182,2050778684655991.2,KOSPI
2022-05-25,2617.22,1,11.35,0.0044,2621.75,2630.17,2602.94,712611488,8353418910949,2059889815729458.0,KOSPI
2022-05-26,2612.45,2,-4.77,-0.0018,2616.99,2641.91,2602.01,595849280,8613523897667,2056303508275262.0,KOSPI
2022-05-27,2638.05,1,25.6,0.0098,2640.75,2644.71,2631.49,590813776,8028158869516,2076115880771690.0,KOSPI
2022-05-30,2669.66,1,31.61,0.012,2662.31,2672.74,2654.18,469797632,7473951584916,2101290667111063.2,KOSPI
2022-05-31,2685.9,1,16.24,0.0060999999999999,2666.88,2685.9,2654.32,671679086,13970895517957,2113784328537123.2,KOSPI
2022-06-02,2658.99,2,-26.91,-0.01,2670.74,2674.0,2653.59,525259148,7860485371460,2092789270563648.8,KOSPI
2022-06-03,2670.65,1,11.66,0.0044,2679.57,2681.51,2663.0,562469813,7566757988438,2101703361724826.0,KOSPI
2022-06-07,2626.34,2,-44.31,-0.0166,2659.27,2662.04,2622.78,524710380,8948923639761,2067165430942135.2,KOSPI
2022-06-08,2626.15,2,-0.19,-0.0001,2633.53,2639.52,2621.96,576389702,7964335124403,2066742737105468.8,KOSPI
2022-06-09,2625.44,2,-0.71,-0.0003,2618.92,2627.88,2606.61,814882844,10857975089630,2066451297057888.0,KOSPI
2022-06-10,2595.87,2,-29.57,-0.0113,2596.37,2602.8,2583.74,724089803,8285964062392,2043213222024130.0,KOSPI
2022-06-13,2504.51,2,-91.36,-0.0352,2550.21,2550.32,2504.51,660309279,10335873891430,1972203677735303.2,KOSPI
2022-06-14,2492.97,2,-11.54,-0.0046,2472.96,2503.17,2457.39,671756827,9992819780261,1962993357171067.2,KOSPI
2022-06-15,2447.38,2,-45.59,-0.0183,2490.01,2495.54,2436.04,714143493,9936928113647,1926857817400711.2,KOSPI
2022-06-16,2451.41,1,4.03,0.0016,2481.66,2500.36,2447.33,584041265,9588186586438,1931070977616452.0,KOSPI
2022-06-17,2440.93,2,-10.48,-0.0043,2409.72,2441.34,2396.47,634896746,11201571607435,1921148559919856.0,KOSPI
2022-06-20,2391.03,2,-49.9,-0.0204,2449.89,2449.89,2372.35,592701890,9092289259636,1881482847958622.0,KOSPI
2022-06-21,2408.93,1,17.9,0.0075,2402.99,2423.48,2385.6,479678348,7440755424721,1894965517033471.2,KOSPI
2022-06-22,2342.81,2,-66.12,-0.0274,2417.11,2418.05,2342.81,532138957,8690134078974,1843888861974790.0,KOSPI
2022-06-23,2314.32,2,-28.49,-0.0121999999999999,2347.84,2361.23,2306.48,749660688,10212365984694,1821183820152396.0,KOSPI
2022-06-24,2366.6,1,52.28,0.0226,2327.11,2373.48,2319.99,654445552,8469155606714,1862320799525167.2,KOSPI
2022-06-27,2401.92,1,35.32,0.0149,2383.2,2418.94,2365.86,510587331,7656358037502,1890525944714878.0,KOSPI
2022-06-28,2422.09,1,20.17,0.0084,2405.2,2422.1,2393.96,564985557,7193433718663,1906214561249120.8,KOSPI
2022-06-29,2377.99,2,-44.1,-0.0182,2387.1,2393.25,2375.45,422127378,7965810495235,1871275785944460.0,KOSPI
2022-06-30,2332.64,2,-45.35,-0.0191,2368.57,2368.57,2332.59,515396401,8923480624878,1835493487294140.0,KOSPI
2022-07-01,2305.42,2,-27.22,-0.0116999999999999,2342.92,2354.97,2291.49,530345985,8687669165705,1814290027911482.0,KOSPI
2022-07-04,2300.34,2,-5.08,-0.0022,2310.73,2318.31,2276.63,467959552,7339364788057,1810669975467947.2,KOSPI
2022-07-05,2341.78,1,41.44,0.018,2322.11,2344.08,2309.62,323904543,6890579318763,1842519184614780.0,KOSPI
2022-07-06,2292.01,2,-49.77,-0.0213,2330.11,2332.14,2290.33,410732087,8919471617948,1804225454331244.8,KOSPI
2022-07-07,2334.27,1,42.26,0.0184,2308.97,2344.14,2307.9,340172962,7652635944561,1837885177758676.0,KOSPI
2022-07-08,2350.61,1,16.34,0.0069999999999999,2352.49,2367.84,2348.74,411424871,7008117581875,1850893574322830.0,KOSPI
2022-07-11,2340.27,2,-10.34,-0.0044,2357.43,2363.26,2337.82,377108087,6301233630004,1843259953057436.8,KOSPI
2022-07-12,2317.76,2,-22.51,-0.0096,2330.88,2333.02,2303.74,379308230,6369257946374,1824994120120650.0,KOSPI
2022-07-13,2328.61,1,10.85,0.0046999999999999,2324.45,2341.19,2312.49,308806098,5998501221291,1832979141831764.8,KOSPI
2022-07-14,2322.32,2,-6.29,-0.0027,2316.41,2338.29,2307.69,349137973,6539856912394,1829593431864512.0,KOSPI
2022-07-15,2330.98,1,8.66,0.0037,2335.12,2337.3,2293.45,319675148,7383211368831,1837255296447759.2,KOSPI
2022-07-18,2375.25,1,44.27,0.019,2350.48,2376.5,2344.12,324357054,7104661030882,1873107660090224.8,KOSPI
2022-07-19,2370.97,2,-4.28,-0.0018,2367.52,2372.74,2359.59,339377650,6556190576633,1869397059664922.0,KOSPI
2022-07-20,2386.85,1,15.88,0.0067,2406.29,2410.06,2382.65,333329038,7434803856736,1881643042748411.2,KOSPI
2022-07-21,2409.16,1,22.31,0.0093,2387.91,2411.96,2387.91,295624147,6309070850975,1899062118323927.2,KOSPI
2022-07-22,2393.14,2,-16.02,-0.0066,2405.37,2417.91,2391.48,381596729,6973850591019,1886496918197095.2,KOSPI
2022-07-25,2403.69,1,10.55,0.0044,2385.65,2412.47,2385.65,323090645,5959859115833,1894263511279219.2,KOSPI
2022-07-26,2412.96,1,9.27,0.0039,2397.27,2415.39,2395.17,415671406,6240741372242,1901214430487026.0,KOSPI
2022-07-27,2415.53,1,2.57,0.0011,2412.52,2415.53,2396.19,333587637,7049802775578,1903522364034007.2,KOSPI
2022-07-28,2435.27,1,19.74,0.0081999999999999,2437.57,2443.43,2429.07,491073262,9196434759360,1919419876553480.8,KOSPI
2022-07-29,2451.5,1,16.23,0.0067,2453.53,2463.05,2442.01,499369222,10256338412084,1931903737357024.8,KOSPI
2022-08-01,2452.25,1,0.75,0.0003,2444.05,2461.4,2437.13,487160292,7509597616018,1932452046409936.0,KOSPI
2022-08-02,2439.62,2,-12.63,-0.0052,2451.0,2451.07,2428.76,549923571,7266264362087,1922819213953983.2,KOSPI
2022-08-03,2461.45,1,21.83,0.0089,2438.56,2461.45,2433.12,475302377,6751538574171,1939571960420947.2,KOSPI
2022-08-04,2473.11,1,11.66,0.0046999999999999,2478.44,2478.95,2465.32,399964621,7506315190255,1948549233283342.0,KOSPI
2022-08-05,2490.8,1,17.69,0.0072,2481.43,2497.58,2480.05,409776228,7561092338383,1962992757832162.0,KOSPI
2022-08-08,2493.1,1,2.3,0.0009,2481.17,2494.0,2477.76,418234294,7613758407732,1964010918476120.0,KOSPI
2022-08-09,2503.46,1,10.36,0.0042,2493.57,2506.49,2481.36,454363895,8940803191412,1971839855165800.0,KOSPI
2022-08-10,2480.88,2,-22.58,-0.009,2493.7,2494.15,2478.21,479467472,9029482446522,1953610456318536.0,KOSPI
2022-08-11,2523.78,1,42.9,0.0173,2507.74,2523.78,2506.41,505245846,9710839930543,1986815488633416.0,KOSPI
2022-08-12,2527.94,1,4.16,0.0016,2519.66,2533.2,2514.31,445546613,8028576836861,1990518587977843.2,KOSPI
2022-08-16,2533.52,1,5.58,0.0022,2543.05,2546.35,2532.2,398335301,8064107136952,1995548135068567.2,KOSPI
2022-08-17,2516.47,2,-17.05,-0.0067,2536.57,2543.15,2512.01,418052960,7153680341416,1982238266258542.0,KOSPI
2022-08-18,2508.05,2,-8.42,-0.0033,2499.3,2515.37,2488.09,381627621,7105984862757,1976095948344075.2,KOSPI
2022-08-19,2492.69,2,-15.36,-0.0060999999999999,2510.72,2510.72,2492.69,459834963,7138647913895,1963842895285751.2,KOSPI
2022-08-22,2462.5,2,-30.19,-0.0121,2467.38,2475.77,2457.08,422552201,6108018866782,1940547399248450.0,KOSPI
2022-08-23,2435.34,2,-27.16,-0.011,2449.31,2454.55,2431.83,471166457,7560708244033,1919622194463391.2,KOSPI
2022-08-24,2447.45,1,12.11,0.005,2446.18,2454.01,2430.69,423502192,8119783719901,1928432688428128.0,KOSPI
2022-08-25,2477.26,1,29.81,0.0121999999999999,2459.79,2477.26,2455.32,426229583,7286329326891,1951737898290960.8,KOSPI
2022-08-26,2481.03,1,3.77,0.0015,2489.14,2497.76,2476.75,520091055,8628665213503,1955296364048495.2,KOSPI
2022-08-29,2426.89,2,-54.14,-0.0218,2432.06,2432.89,2417.01,448746272,7891467341171,1913225190390959.2,KOSPI
2022-08-30,2450.93,1,24.04,0.0098999999999999,2441.21,2453.91,2433.48,336555412,6826615309757,1932045596372975.2,KOSPI
2022-08-31,2472.05,1,21.12,0.0086,2433.47,2473.75,2426.14,436246626,9562592358058,1948130001179758.0,KOSPI
2022-09-01,2415.61,2,-56.44,-0.0227999999999999,2443.0,2443.61,2415.61,580021246,8452317734460,1904334718445548.8,KOSPI
2022-09-02,2409.41,2,-6.2,-0.0026,2427.7,2432.37,2402.67,391598680,7214619685036,1899054382872987.2,KOSPI
2022-09-05,2403.68,2,-5.73,-0.0024,2410.07,2424.77,2392.63,354737977,6277833943090,1893408647987571.2,KOSPI
2022-09-06,2410.02,1,6.34,0.0026,2409.72,2422.53,2399.26,294224141,5476236129935,1898174385827712.8,KOSPI
2022-09-07,2376.46,2,-33.56,-0.0139,2395.66,2398.4,2365.35,378200299,7530889694741,1872365971054935.2,KOSPI
2022-09-08,2384.28,1,7.82,0.0033,2393.27,2394.06,2379.06,423620804,9208735425055,1879133852167728.0,KOSPI
2022-09-13,2449.54,1,65.26,0.0274,2418.59,2453.95,2418.59,367102506,9165153475933,1930515174838395.2,KOSPI
2022-09-14,2411.42,2,-38.12,-0.0156,2390.47,2418.42,2381.5,461507522,7625505300244,1900212542914100.0,KOSPI
2022-09-15,2401.83,2,-9.59,-0.004,2416.01,2421.63,2401.83,424110958,7432763619455,1892386624724827.2,KOSPI
2022-09-16,2382.78,2,-19.05,-0.0079,2387.56,2395.1,2371.11,440798650,8690463859936,1877514132114876.0,KOSPI
2022-09-19,2355.66,2,-27.12,-0.0113999999999999,2388.73,2389.85,2352.76,403937473,6885918719312,1856704765996991.2,KOSPI
2022-09-20,2367.85,1,12.19,0.0052,2373.64,2382.52,2359.84,419340243,7013236217546,1865526657055415.2,KOSPI
2022-09-21,2347.21,2,-20.64,-0.0087,2351.54,2360.27,2341.79,378165438,6269073304236,1849097413146355.2,KOSPI
2022-09-22,2332.31,2,-14.9,-0.0063,2319.7,2335.11,2309.1,446820270,7413267166090,1837164889827236.0,KOSPI
2022-09-23,2290.0,2,-42.31,-0.0181,2331.33,2334.06,2285.71,446460548,7416795759616,1804499959619003.2,KOSPI
2022-09-26,2220.94,2,-69.06,-0.0302,2260.8,2260.8,2215.36,621995319,9461817890486,1750077523563214.0,KOSPI
2022-09-27,2223.86,1,2.92,0.0013,2224.39,2227.35,2197.9,487939509,8005556968882,1752262100804213.0,KOSPI
2022-09-28,2169.29,2,-54.57,-0.0245,2206.15,2223.56,2151.6,596136346,9208349862260,1709335980404834.0,KOSPI
2022-09-29,2170.93,1,1.64,0.0008,2197.75,2210.61,2170.14,508500874,7240707424286,1710780971078342.0,KOSPI
2022-09-30,2155.49,2,-15.44,-0.0070999999999999,2161.11,2177.2,2134.77,950269674,7923750847279,1698450563093902.0,KOSPI
2022-10-04,2209.38,1,53.89,0.025,2189.51,2212.38,2180.84,421003102,7500281281993,1741825454562391.0,KOSPI
2022-10-05,2215.22,1,5.84,0.0026,2248.85,2253.93,2204.03,855790158,9509079504051,1747613733710207.0,KOSPI
2022-10-06,2237.86,1,22.64,0.0102,2230.43,2250.87,2223.36,643015745,6850065019707,1765200352212336.0,KOSPI
2022-10-07,2232.84,2,-5.02,-0.0022,2217.84,2245.88,2215.08,428682906,7831443986822,1761987170795059.0,KOSPI
2022-10-11,2192.07,2,-40.77,-0.0183,2193.02,2193.05,2174.06,859508909,7867859123713,1729423094606371.0,KOSPI
2022-10-12,2202.47,1,10.4,0.0046999999999999,2191.35,2205.02,2181.65,658347571,7409130718339,1737572148230686.0,KOSPI
2022-10-13,2162.87,2,-39.6,-0.018,2198.29,2198.34,2162.87,792452498,7169779036476,1707061504353616.0,KOSPI
2022-10-14,2212.55,1,49.68,0.023,2200.66,2220.54,2193.63,513523921,7161818150242,1745972217446313.0,KOSPI
2022-10-17,2219.71,1,7.16,0.0032,2187.17,2221.05,2177.66,498780636,6526810304619,1752293076152610.0,KOSPI
2022-10-18,2249.95,1,30.24,0.0136,2249.15,2251.74,2220.71,580891633,7249919118989,1775708705627780.0,KOSPI
2022-10-19,2237.44,2,-12.51,-0.0056,2249.35,2266.8,2234.59,895161384,7738879084055,1765921332647701.0,KOSPI
2022-10-20,2218.09,2,-19.35,-0.0086,2225.53,2231.52,2200.44,1108102611,8325030384709,1751305187782541.0,KOSPI
2022-10-21,2213.12,2,-4.97,-0.0022,2210.59,2224.04,2204.64,637486476,6228174452296,1747594294440067.0,KOSPI
2022-10-24,2236.16,1,23.04,0.0104,2248.26,2256.67,2229.85,444820460,6846985381405,1765515578068974.0,KOSPI
2022-10-25,2235.07,2,-1.09,-0.0005,2237.04,2253.24,2230.75,456770059,7030016883895,1765049717542871.0,KOSPI
2022-10-26,2249.56,1,14.49,0.0065,2240.7,2258.11,2234.49,563441589,7492742941480,1776494530682277.0,KOSPI
2022-10-27,2288.78,1,39.22,0.0174,2266.07,2290.56,2262.02,587872005,8435336656071,1806510988109388.0,KOSPI
2022-10-28,2268.4,2,-20.38,-0.0089,2276.73,2292.65,2266.44,427245332,8289370725957,1789451213963740.0,KOSPI
2022-10-31,2293.61,1,25.21,0.0111,2293.75,2295.51,2273.73,401399527,8679296295233,1810255609225880.0,KOSPI
2022-11-01,2335.22,1,41.61,0.0181,2301.58,2335.57,2297.57,597205901,9476615249499,1842767622771327.2,KOSPI
2022-11-02,2336.87,1,1.65,0.0007,2326.05,2346.32,2323.37,450634597,9568100644617,1844237342130276.8,KOSPI
2022-11-03,2329.17,2,-7.7,-0.0033,2297.45,2342.86,2296.44,550428338,9273251406933,1838688384000327.2,KOSPI
2022-11-04,2348.43,1,19.26,0.0083,2325.85,2348.43,2316.29,436430311,7927339089118,1853798828434407.2,KOSPI
2022-11-07,2371.79,1,23.36,0.0098999999999999,2360.22,2373.28,2354.22,392508611,8059881002353,1872576585237971.2,KOSPI
2022-11-08,2399.04,1,27.25,0.0115,2387.2,2400.39,2375.67,500087936,8601453057670,1894800321379919.2,KOSPI
2022-11-09,2424.41,1,25.37,0.0106,2408.54,2429.65,2403.64,680722009,9342671819052,1915468946843984.8,KOSPI
2022-11-10,2402.23,2,-22.18,-0.0091,2405.77,2426.1,2401.99,899127446,9344425168815,1897654097331496.8,KOSPI
2022-11-11,2483.16,1,80.93,0.0337,2466.9,2486.46,2463.51,758247863,13917647603448,1960950352852828.0,KOSPI
2022-11-14,2474.65,2,-8.51,-0.0034,2485.18,2499.43,2470.6,731166034,11216385156415,1954401824877020.0,KOSPI
2022-11-15,2480.33,1,5.68,0.0023,2482.76,2485.2,2463.65,617401010,9308852326801,1959323044758419.2,KOSPI
2022-11-16,2477.45,2,-2.88,-0.0012,2487.0,2487.0,2446.79,657833955,9880428494318,1959009890979868.8,KOSPI
2022-11-17,2442.9,2,-34.55,-0.0139,2466.5,2467.39,2442.9,914519167,8556988540142,1931710185304086.0,KOSPI
2022-11-18,2444.48,1,1.58,0.0006,2448.13,2471.87,2442.87,589585960,7444437086996,1932865880577499.2,KOSPI
2022-11-21,2419.5,2,-24.98,-0.0102,2446.05,2448.14,2409.36,544528841,7049427243317,1912994304976186.0,KOSPI
2022-11-22,2405.27,2,-14.23,-0.0059,2405.96,2426.4,2401.5,539169320,7253675569216,1901129947451712.8,KOSPI
2022-11-23,2418.01,1,12.74,0.0053,2424.36,2427.28,2407.58,474789345,7477108020662,1911397948867668.8,KOSPI
2022-11-24,2441.33,1,23.32,0.0096,2437.51,2441.33,2428.12,481184882,6849558626177,1929930652968710.0,KOSPI
2022-11-25,2437.86,2,-3.47,-0.0014,2442.21,2449.66,2433.57,438394239,6347578947005,1926846986556735.2,KOSPI
2022-11-28,2408.27,2,-29.59,-0.0121,2425.05,2425.65,2401.95,350496873,6462501436307,1903723176182007.2,KOSPI
2022-11-29,2433.39,1,25.12,0.0104,2405.54,2433.87,2401.1,550174638,6533346119404,1923006247934228.8,KOSPI
2022-11-30,2472.53,1,39.14,0.0161,2424.44,2472.53,2421.42,594127344,12469429031424,1953840810263050.0,KOSPI
2022-12-01,2479.84,1,7.31,0.003,2501.43,2501.43,2474.33,491383400,8850099247038,1959622742842372.8,KOSPI
2022-12-02,2434.33,2,-45.51,-0.0184,2471.5,2471.5,2434.33,468847334,7328393301881,1924204751365239.2,KOSPI
2022-12-05,2419.32,2,-15.01,-0.0062,2442.17,2442.22,2413.05,385586134,7717406208213,1911915922637855.2,KOSPI
2022-12-06,2393.16,2,-26.16,-0.0108,2397.7,2416.88,2390.2,368635781,6477022385590,1891336961499674.0,KOSPI
2022-12-07,2382.81,2,-10.35,-0.0043,2385.87,2394.88,2377.98,332586789,6080662497686,1882795765140146.0,KOSPI
2022-12-08,2371.08,2,-11.73,-0.0049,2386.9,2387.95,2357.2,351939439,7552996919747,1873438918318868.8,KOSPI
2022-12-09,2389.04,1,17.96,0.0076,2382.73,2390.08,2367.25,315674287,7220197808267,1888379555760614.0,KOSPI
2022-12-12,2373.02,2,-16.02,-0.0067,2373.58,2381.87,2368.47,499224684,5822259612423,1875700660827307.2,KOSPI
2022-12-13,2372.4,2,-0.62,-0.0003,2385.05,2388.27,2364.87,447565388,6659361034224,1874838727660788.0,KOSPI
2022-12-14,2399.25,1,26.85,0.0113,2380.81,2400.18,2379.44,409799402,5724107192073,1895655040773680.8,KOSPI
2022-12-15,2360.97,2,-38.28,-0.016,2383.83,2392.11,2360.95,375386441,6134217159398,1865842784271843.2,KOSPI
2022-12-16,2360.02,2,-0.95,-0.0004,2329.75,2360.44,2326.83,414172006,7206180401653,1865107455187511.2,KOSPI
2022-12-19,2352.17,2,-7.85,-0.0033,2350.78,2358.76,2342.28,323987461,5018051573386,1859031540760755.2,KOSPI
2022-12-20,2333.29,2,-18.88,-0.008,2344.73,2353.86,2324.66,358771039,5335838130528,1844296008436715.2,KOSPI
2022-12-21,2328.95,2,-4.34,-0.0019,2346.39,2347.0,2325.78,329724466,5102489702486,1840550908652687.2,KOSPI
2022-12-22,2356.73,1,27.78,0.0118999999999999,2340.0,2356.73,2335.75,553052921,9460858960619,1863411614401840.0,KOSPI
2022-12-23,2313.69,2,-43.04,-0.0183,2325.86,2333.08,2311.9,366988585,5935798139102,1829395536163727.2,KOSPI
2022-12-26,2317.14,1,3.45,0.0015,2312.54,2321.92,2304.2,427844636,5205750204132,1831727639591539.2,KOSPI
2022-12-27,2332.79,1,15.65,0.0068,2327.52,2335.99,2321.48,448498792,7126994120167,1844141209320556.8,KOSPI
2022-12-28,2280.45,2,-52.34,-0.0224,2296.45,2296.45,2276.9,405893520,7566892910919,1801877942940295.2,KOSPI
2022-12-29,2236.4,2,-44.05,-0.0192999999999999,2265.73,2272.67,2236.38,361194425,6036542050335,1767235220931085.0,KOSPI
2023-01-02,2225.67,2,-10.73,-0.0048,2249.95,2259.88,2222.37,346344799,5200137586818,1759241799519040.0,KOSPI
2023-01-03,2218.68,2,-6.99,-0.0031,2230.98,2230.98,2180.67,410245325,6149082624890,1753771077018843.0,KOSPI
2023-01-04,2255.98,1,37.3,0.0168,2205.98,2260.06,2198.82,412841149,6487597995523,1783808765569816.0,KOSPI
2023-01-05,2264.65,1,8.67,0.0038,2268.2,2281.39,2252.97,430977022,7521178466245,1791816776272757.0,KOSPI
2023-01-06,2289.97,1,25.32,0.0112,2253.4,2300.62,2253.27,398606581,6764112169245,1811418923114710.0,KOSPI
2023-01-09,2350.19,1,60.22,0.0263,2315.87,2351.06,2312.56,342095527,7028980630776,1858632832938702.0,KOSPI
2023-01-10,2351.31,1,1.12,0.0005,2348.04,2370.18,2344.18,359914195,6702908456279,1859599298527136.8,KOSPI
2023-01-11,2359.53,1,8.22,0.0034999999999999,2364.05,2369.66,2350.36,369010952,6297145034283,1865737441088174.0,KOSPI
2023-01-12,2365.1,1,5.57,0.0024,2376.72,2377.8,2358.33,580433350,7837776879492,1870238983001540.8,KOSPI
2023-01-13,2386.09,1,20.99,0.0089,2377.34,2397.01,2375.78,862230157,6976741116461,1886570606528872.0,KOSPI
2023-01-16,2399.86,1,13.77,0.0058,2390.06,2410.22,2387.61,517762227,6532806968677,1897375181962087.2,KOSPI
2023-01-17,2379.39,2,-20.47,-0.0085,2400.92,2404.0,2374.65,536811108,6314017773643,1881433258560147.2,KOSPI
2023-01-18,2368.32,2,-11.07,-0.0046999999999999,2380.36,2383.0,2356.84,537392995,5498577136647,1872694001860234.0,KOSPI
2023-01-19,2380.34,1,12.02,0.0051,2354.56,2380.34,2354.56,370098909,5448179058653,1882551676807928.8,KOSPI
2023-01-20,2395.26,1,14.92,0.0063,2380.0,2395.97,2372.57,302506895,5025541430084,1895790658564122.0,KOSPI
2023-01-25,2428.57,1,33.31,0.0139,2426.58,2432.71,2421.51,550087246,6665406114846,1922275331006548.8,KOSPI
2023-01-26,2468.65,1,40.08,0.0165,2436.18,2468.65,2426.4,486831888,8206398683439,1953918425527295.2,KOSPI
2023-01-27,2484.02,1,15.37,0.0062,2474.52,2497.4,2464.53,509288123,9092446576759,1966558578500388.8,KOSPI
2023-01-30,2450.47,2,-33.55,-0.0135,2484.64,2491.13,2446.59,475410252,9220413382464,1940151030295828.0,KOSPI
2023-01-31,2425.08,2,-25.39,-0.0104,2449.92,2457.48,2423.37,617195639,10394784014909,1918934214743307.2,KOSPI
2023-02-01,2449.8,1,24.72,0.0102,2446.03,2453.29,2433.37,666296326,8596020942471,1938780673481178.0,KOSPI
2023-02-02,2468.88,1,19.08,0.0078,2481.94,2486.2,2454.6,693116445,9121677725259,1953996214062839.2,KOSPI
2023-02-03,2480.4,1,11.52,0.0046999999999999,2466.54,2485.08,2460.21,496860518,8027060871807,1963172031301668.8,KOSPI
2023-02-06,2438.19,2,-42.21,-0.017,2461.82,2469.42,2438.04,566819415,7671311282395,1929318577658651.2,KOSPI
2023-02-07,2451.71,1,13.52,0.0055,2440.14,2456.17,2432.4,451159027,7594010675216,1939610902822855.2,KOSPI
2023-02-08,2483.64,1,31.93,0.013,2469.42,2487.35,2465.96,415677405,8001678048694,1965482079981468.0,KOSPI
2023-02-09,2481.52,2,-2.12,-0.0009,2470.66,2487.14,2466.61,610694361,8986377129166,1963858470722852.0,KOSPI
2023-02-10,2469.73,2,-11.79,-0.0048,2470.65,2473.8,2454.74,662365593,8402618515942,1954699936947872.0,KOSPI
2023-02-13,2452.7,2,-17.03,-0.0069,2461.96,2462.58,2440.86,486398581,7371040643718,1942812751685928.8,KOSPI
2023-02-14,2465.64,1,12.94,0.0053,2471.33,2480.34,2459.83,349432106,6738873534337,1953249936043947.2,KOSPI
2023-02-15,2427.9,2,-37.74,-0.0153,2473.09,2473.44,2424.16,387066656,8758717823542,1923761984206842.0,KOSPI
2023-02-16,2475.48,1,47.58,0.0196,2444.06,2475.99,2442.07,388027117,9170362763358,1961021978369659.2,KOSPI
2023-02-17,2451.21,2,-24.27,-0.0098,2447.66,2471.51,2445.74,514047410,8364504360476,1941744158386502.0,KOSPI
2023-02-20,2455.12,1,3.91,0.0016,2453.25,2463.17,2430.27,390012511,7535474328847,1944743466978690.0,KOSPI
2023-02-21,2458.96,1,3.84,0.0016,2457.51,2466.07,2446.0,494660925,7333623297130,1943888913979410.0,KOSPI
2023-02-22,2417.68,2,-41.28,-0.0168,2430.87,2435.98,2416.16,427481883,8386250227119,1911701229124747.2,KOSPI
2023-02-23,2439.09,1,21.41,0.0089,2430.01,2449.62,2422.62,400991556,7451976722535,1928501536241600.0,KOSPI
2023-02-24,2423.61,2,-15.48,-0.0063,2442.49,2452.97,2421.47,369900381,6991100390024,1915633306309892.8,KOSPI
2023-02-27,2402.64,2,-20.97,-0.0087,2405.42,2405.56,2383.76,357218105,6598229950675,1898711780871791.2,KOSPI
2023-02-28,2412.85,1,10.21,0.0042,2417.58,2431.67,2407.29,529789810,9274200246571,1906496015272827.2,KOSPI
2023-03-02,2427.85,1,15.0,0.0062,2414.61,2440.59,2411.85,428342155,9660273967406,1918505110373528.8,KOSPI
2023-03-03,2432.07,1,4.22,0.0017,2438.73,2442.1,2423.08,371881849,7845380172919,1921472037049278.0,KOSPI
2023-03-06,2462.62,1,30.55,0.0126,2452.46,2464.45,2441.07,418813757,9781226495947,1945884266663628.0,KOSPI
2023-03-07,2463.35,1,0.73,0.0003,2457.04,2475.73,2455.65,450481378,10732465515437,1945941991553062.0,KOSPI
2023-03-08,2431.91,2,-31.44,-0.0128,2435.58,2442.61,2426.52,438358914,9967055495184,1922025068502531.2,KOSPI
2023-03-09,2419.09,2,-12.82,-0.0053,2440.79,2444.2,2416.25,476374647,10357638632974,1911583468201648.0,KOSPI
2023-03-10,2394.59,2,-24.5,-0.0101,2389.82,2400.87,2383.19,413411029,7875520120082,1892450859293944.0,KOSPI
2023-03-13,2410.6,1,16.01,0.0067,2400.45,2413.24,2369.79,380739619,7702302033185,1904640758031550.0,KOSPI
2023-03-14,2348.97,2,-61.63,-0.0256,2390.36,2390.78,2348.19,485075534,7794604350782,1856250945275278.0,KOSPI
2023-03-15,2379.72,1,30.75,0.0131,2380.09,2395.36,2370.77,443751262,7591756283752,1880140744498524.0,KOSPI
2023-03-16,2377.91,2,-1.81,-0.0008,2357.98,2382.79,2346.11,320194084,7865786658708,1878507613036092.0,KOSPI
2023-03-17,2395.69,1,17.78,0.0075,2403.7,2405.35,2382.8,364175642,8617060403941,1893380948607248.8,KOSPI
2023-03-20,2379.2,2,-16.49,-0.0069,2391.87,2405.99,2378.7,346033948,6072911062048,1879711532221878.0,KOSPI
2023-03-21,2388.35,1,9.15,0.0038,2396.54,2399.52,2383.17,355194640,7269040131335,1886502691939232.0,KOSPI
2023-03-22,2416.96,1,28.61,0.012,2411.25,2417.47,2402.78,501412159,7890323068701,1908726634719028.0,KOSPI
2023-03-23,2424.48,1,7.52,0.0031,2398.27,2424.48,2397.91,567703733,10367436910717,1914529715835900.0,KOSPI
2023-03-24,2414.96,2,-9.52,-0.0039,2421.27,2423.76,2399.49,470659232,9248183928115,1907314609899919.2,KOSPI
2023-03-27,2409.22,2,-5.74,-0.0024,2423.94,2423.94,2395.97,472847242,8534649614320,1902810299354672.0,KOSPI
2023-03-28,2434.94,1,25.72,0.0107,2418.69,2434.94,2415.34,524016141,8812617627205,1923151536114984.8,KOSPI
2023-03-29,2443.92,1,8.98,0.0037,2432.63,2443.95,2428.61,497218499,8829888945168,1930378482206591.2,KOSPI
2023-03-30,2453.16,1,9.24,0.0038,2452.97,2462.7,2439.43,629052032,10846639791891,1937575538312040.8,KOSPI
2023-03-31,2476.86,1,23.7,0.0097,2459.94,2481.24,2456.54,722612208,12903370005323,1957926358388616.0,KOSPI
2023-04-03,2472.34,2,-4.52,-0.0018,2485.81,2485.81,2467.59,811723687,11300345587698,1954443677108912.8,KOSPI
2023-04-04,2480.51,1,8.17,0.0033,2475.87,2489.71,2472.79,832555311,13496867045151,1960644519068079.2,KOSPI
2023-04-05,2495.21,1,14.7,0.0059,2482.61,2497.61,2478.67,632719928,9811876730903,1972182473615840.8,KOSPI
2023-04-06,2459.23,2,-35.98,-0.0144,2488.0,2488.0,2458.5,751378076,11332652707404,1943849428822128.8,KOSPI
2023-04-07,2490.41,1,31.18,0.0127,2478.64,2493.06,2473.89,586992797,11250171223896,1969009466863068.8,KOSPI
2023-04-10,2512.08,1,21.67,0.0087,2491.68,2519.99,2490.17,717648069,13539855326610,1986876446769952.8,KOSPI
2023-04-11,2547.86,1,35.78,0.0141999999999999,2523.33,2550.97,2514.42,768175552,14050594716001,2014288065974223.2,KOSPI
2023-04-12,2550.64,1,2.78,0.0011,2546.36,2561.37,2536.23,900749506,14426258754523,2016495718468032.8,KOSPI
2023-04-13,2561.66,1,11.02,0.0043,2534.71,2561.66,2531.07,841719152,11996436001118,2024512511224487.2,KOSPI
2023-04-14,2571.49,1,9.83,0.0038,2580.1,2581.74,2560.53,892445555,13088200741018,2032335488318426.0,KOSPI
2023-04-17,2575.91,1,4.42,0.0017,2570.3,2577.08,2561.14,775752420,12793677906915,2036226925706043.2,KOSPI
2023-04-18,2571.09,2,-4.82,-0.0019,2582.23,2582.23,2557.19,896932434,14106396003998,2032968741986688.0,KOSPI
2023-04-19,2575.08,1,3.99,0.0016,2570.06,2582.11,2568.46,956994366,12750865238015,2036483235961876.8,KOSPI
2023-04-20,2563.11,2,-11.97,-0.0046,2566.06,2573.94,2552.06,951423099,12415524184621,2026470351235575.2,KOSPI
2023-04-21,2544.4,2,-18.71,-0.0073,2556.7,2559.44,2532.32,970397971,12614672834698,2012374091597670.0,KOSPI
2023-04-24,2523.5,2,-20.9,-0.0081999999999999,2538.36,2541.89,2518.73,927191299,11589467033126,1996621732458124.8,KOSPI
2023-04-25,2489.02,2,-34.48,-0.0137,2531.35,2531.35,2472.33,886421798,13681150419767,1967147727128900.0,KOSPI
2023-04-26,2484.83,2,-4.19,-0.0017,2489.49,2498.56,2481.38,1089215527,12397513675358,1964553908314712.0,KOSPI
2023-04-27,2495.81,1,10.98,0.0044,2484.31,2499.01,2465.83,733499935,11142114587400,1974101089770740.8,KOSPI
2023-04-28,2501.53,1,5.72,0.0023,2511.79,2517.13,2489.58,777535095,14024831081451,1979839469128982.0,KOSPI
2023-05-02,2524.39,1,22.86,0.0091,2504.01,2524.42,2503.21,701398536,9942386589950,1997496492608915.2,KOSPI
2023-05-03,2501.4,2,-22.99,-0.0091,2510.19,2514.37,2497.83,889609358,9865860702590,1979410344840207.2,KOSPI
2023-05-04,2500.94,2,-0.46,-0.0002,2494.82,2502.14,2486.09,810178245,10020006022499,1978572080421787.2,KOSPI
2023-05-08,2513.21,1,12.27,0.0049,2518.53,2525.84,2511.13,655536077,9213044478015,1989045053273087.2,KOSPI
2023-05-09,2510.06,2,-3.15,-0.0013,2512.34,2514.81,2495.63,751646926,9351366513394,1986578323550486.0,KOSPI
2023-05-10,2496.51,2,-13.55,-0.0054,2505.96,2510.13,2488.42,635635038,8906696780352,1976264332781152.0,KOSPI
2023-05-11,2491.0,2,-5.51,-0.0022,2505.57,2513.82,2490.08,648134386,9002406636659,1971727644861108.8,KOSPI
2023-05-12,2475.42,2,-15.58,-0.0063,2487.35,2487.35,2472.45,798229990,8589238141803,1959471273376324.0,KOSPI
2023-05-15,2479.35,1,3.93,0.0016,2469.8,2479.35,2455.99,484564791,6920284584591,1962067053701407.2,KOSPI
2023-05-16,2480.24,1,0.89,0.0004,2494.4,2498.54,2474.9,628743773,8086955877418,1963631010474388.8,KOSPI
2023-05-17,2494.66,1,14.42,0.0058,2479.65,2498.37,2475.02,564411579,7218305741975,1975030171147455.2,KOSPI
2023-05-18,2515.4,1,20.74,0.0083,2511.09,2515.4,2500.01,572764581,7782864340886,1992171060284570.0,KOSPI
2023-05-19,2537.79,1,22.39,0.0089,2530.83,2538.31,2524.89,570097445,9199949186896,2010735982943882.0,KOSPI
2023-05-22,2557.08,1,19.29,0.0076,2540.03,2564.09,2533.5,593619969,8214575194453,2025540376904414.0,KOSPI
2023-05-23,2567.55,1,10.47,0.0040999999999999,2565.8,2577.32,2561.1,576045359,7443352810396,2033435645642930.0,KOSPI
2023-05-24,2567.45,2,-0.1,0.0,2557.11,2572.21,2555.04,1072440018,7900596208889,2032739545215492.8,KOSPI
2023-05-25,2554.69,2,-12.76,-0.005,2570.64,2575.05,2551.49,917553486,9416538885100,2022841850227514.0,KOSPI
2023-05-26,2558.81,1,4.12,0.0016,2561.94,2567.5,2553.79,634759104,9401899255628,2027393063603788.0,KOSPI
2023-05-30,2585.52,1,26.71,0.0104,2582.41,2586.22,2574.82,641646565,11066254182072,2048101558653343.2,KOSPI
2023-05-31,2577.12,2,-8.4,-0.0032,2586.03,2596.31,2575.98,686186797,15135110642978,2039961429934852.0,KOSPI
2023-06-01,2569.17,2,-7.95,-0.0031,2572.56,2580.15,2565.0,675233437,9168501896122,2034185276404731.2,KOSPI
2023-06-02,2601.36,1,32.19,0.0125,2586.27,2601.38,2583.88,569619542,9383534584159,2059938045733047.2,KOSPI
2023-06-05,2615.41,1,14.05,0.0054,2617.43,2618.62,2608.01,545879707,8566306664573,2070761231989574.0,KOSPI
2023-06-07,2615.6,1,0.19,0.0001,2623.46,2629.92,2613.68,537616723,10152915448875,2070757365300596.0,KOSPI
2023-06-08,2610.85,2,-4.75,-0.0018,2609.21,2612.39,2595.33,581325177,11473710023538,2067265951520122.0,KOSPI
2023-06-09,2641.16,1,30.31,0.0116,2624.15,2644.7,2618.45,583219035,11128065460568,2091571202657558.0,KOSPI
2023-06-12,2629.35,2,-11.81,-0.0045,2647.49,2650.45,2623.43,557056391,9365137234910,2082259638214132.0,KOSPI
2023-06-13,2637.95,1,8.6,0.0033,2644.43,2645.62,2633.52,694320536,11153307465910,2092104300796508.0,KOSPI
2023-06-14,2619.08,2,-18.87,-0.0072,2640.81,2642.86,2614.25,654404452,13100475117196,2077106421774783.2,KOSPI
2023-06-15,2608.54,2,-10.54,-0.004,2629.24,2634.22,2602.52,582437342,11513806869991,2068930296159040.0,KOSPI
2023-06-16,2625.79,1,17.25,0.0066,2623.57,2625.79,2612.21,673673049,12620601901546,2083070962834296.8,KOSPI
2023-06-19,2609.5,2,-16.29,-0.0062,2618.06,2619.44,2600.49,719549044,11096633448246,2069459013219872.8,KOSPI
2023-06-20,2604.91,2,-4.59,-0.0018,2602.83,2610.03,2596.82,722540797,10880371631739,2066709392982495.2,KOSPI
2023-06-21,2582.63,2,-22.28,-0.0086,2599.19,2600.97,2579.52,659798470,10654263369764,2049490170676983.2,KOSPI
2023-06-22,2593.7,1,11.07,0.0043,2575.65,2597.76,2575.65,613221379,8937920367446,2058310973700555.2,KOSPI
2023-06-23,2570.1,2,-23.6,-0.0091,2599.04,2600.81,2568.07,528307350,8548516965675,2039950788327824.8,KOSPI
2023-06-26,2582.2,1,12.1,0.0046999999999999,2568.65,2585.31,2562.03,481750510,8437663307773,2050227831614436.0,KOSPI
2023-06-27,2581.39,2,-0.81,-0.0003,2581.02,2582.0,2568.52,538509244,8592191725938,2049390122781708.8,KOSPI
2023-06-28,2564.19,2,-17.2,-0.0067,2590.52,2590.52,2559.46,488767961,8814328693756,2036006512301900.8,KOSPI
2023-06-29,2550.02,2,-14.17,-0.0055,2564.02,2577.69,2550.02,604508630,8824942470147,2024884368206492.8,KOSPI
2023-06-30,2564.28,1,14.26,0.0056,2558.43,2571.03,2541.72,510933786,8209120592849,2035090950255639.2,KOSPI
2023-07-03,2602.47,1,38.19,0.0149,2580.89,2604.63,2580.49,618006181,8973590145582,2065043586311662.0,KOSPI
2023-07-04,2593.31,2,-9.16,-0.0034999999999999,2604.72,2607.66,2591.86,674410584,9160795651560,2057900764652467.2,KOSPI
2023-07-05,2579.0,2,-14.31,-0.0055,2593.47,2601.99,2578.66,601088685,10257664064971,2046820450881864.8,KOSPI
2023-07-06,2556.29,2,-22.71,-0.0088,2574.75,2575.45,2550.67,531900313,10291029204298,2028715707609856.8,KOSPI
2023-07-07,2526.71,2,-29.58,-0.0116,2547.41,2547.41,2515.07,613265045,10367353235625,2005107083038451.2,KOSPI
2023-07-10,2520.7,2,-6.01,-0.0024,2528.08,2539.63,2517.67,561821159,9698695577307,2000075614664244.0,KOSPI
2023-07-11,2562.49,1,41.79,0.0166,2538.84,2562.49,2534.48,594134894,10596470857533,2033589693802315.2,KOSPI
2023-07-12,2574.72,1,12.23,0.0048,2557.61,2574.73,2554.26,696924185,13229937627765,2043134138621224.8,KOSPI
2023-07-13,2591.23,1,16.51,0.0064,2589.89,2602.21,2587.75,585660777,13258009580486,2056144809692996.8,KOSPI
2023-07-14,2628.3,1,37.07,0.0143,2607.47,2628.3,2603.36,569815109,14285300247019,2085155474574010.0,KOSPI
2023-07-17,2619.0,2,-9.3,-0.0034999999999999,2617.67,2627.12,2611.55,550569962,11732182232324,2077680979796136.8,KOSPI
2023-07-18,2607.62,2,-11.38,-0.0043,2624.59,2626.89,2600.67,493202186,12003817042366,2068793755872192.8,KOSPI
2023-07-19,2608.24,1,0.62,0.0002,2622.24,2622.54,2598.52,440073850,11231685664367,2069336033687290.0,KOSPI
2023-07-20,2600.23,2,-8.01,-0.0031,2595.38,2611.34,2589.29,372364710,9473223686191,2063004507308507.2,KOSPI
2023-07-21,2609.76,1,9.53,0.0037,2581.06,2609.76,2570.58,501871967,12258800016184,2069758933412275.2,KOSPI
2023-07-24,2628.53,1,18.77,0.0072,2608.47,2636.06,2595.21,529363268,19050421144820,2083819624716787.2,KOSPI
2023-07-25,2636.46,1,7.93,0.003,2643.35,2646.71,2621.6,723471549,19204604621912,2090016052441822.0,KOSPI
2023-07-26,2592.36,2,-44.1,-0.0167,2638.76,2639.21,2580.98,834106504,36348205551673,2054936941256622.0,KOSPI
2023-07-27,2603.81,1,11.45,0.0044,2599.82,2617.61,2586.36,594162667,24076448886729,2064695783012002.0,KOSPI
2023-07-28,2608.32,1,4.51,0.0017,2593.67,2609.54,2586.33,503267298,16807323601605,2068133763181406.0,KOSPI
2023-07-31,2632.58,1,24.26,0.0093,2628.87,2639.45,2622.21,454242638,15688014180464,2085912205406964.8,KOSPI
2023-08-01,2667.07,1,34.49,0.0131,2644.34,2668.21,2639.1,493643248,15851940748272,2113135323242811.2,KOSPI
2023-08-02,2616.47,2,-50.6,-0.019,2651.53,2660.9,2611.77,704673842,16001903871479,2073668620072458.0,KOSPI
2023-08-03,2605.39,2,-11.08,-0.0042,2624.76,2625.45,2591.3,789416273,14921529311997,2064281827431858.0,KOSPI
2023-08-04,2602.8,2,-2.59,-0.001,2606.17,2612.3,2598.38,645750159,10971353099785,2061747668228012.8,KOSPI
2023-08-07,2580.71,2,-22.09,-0.0085,2591.58,2607.36,2580.71,504070760,11894470648556,2044894112432768.0,KOSPI
2023-08-08,2573.98,2,-6.73,-0.0026,2598.29,2601.41,2568.15,638418712,12435381687044,2039632194238016.8,KOSPI
2023-08-09,2605.12,1,31.14,0.0121,2580.6,2608.98,2576.21,467526732,10326262318499,2064557282952060.0,KOSPI
2023-08-10,2601.56,2,-3.56,-0.0014,2592.4,2601.56,2590.02,568155109,11349005297143,2061336432491364.0,KOSPI
2023-08-11,2591.26,2,-10.3,-0.004,2611.25,2616.84,2589.94,675389953,10513465946903,2053371190885500.8,KOSPI
2023-08-14,2570.87,2,-20.39,-0.0079,2586.51,2592.91,2561.88,624377647,9995329422745,2037188539913534.0,KOSPI
2023-08-16,2525.64,2,-45.23,-0.0176,2550.13,2550.53,2520.87,685135617,12025529175862,2001820771407344.0,KOSPI
2023-08-17,2519.85,2,-5.79,-0.0023,2512.92,2520.56,2482.06,735132744,10727642034665,1997270646126948.0,KOSPI
2023-08-18,2504.5,2,-15.35,-0.0060999999999999,2495.18,2519.6,2489.63,557784633,10776836338403,1985148457311986.0,KOSPI
2023-08-21,2508.8,1,4.3,0.0017,2511.7,2524.41,2505.59,399458711,8524817791134,1988814382258267.2,KOSPI
2023-08-22,2515.74,1,6.94,0.0028,2528.39,2533.43,2509.53,471808571,9270272191698,1994100740867846.0,KOSPI
2023-08-23,2505.5,2,-10.24,-0.0040999999999999,2510.0,2517.51,2499.89,547169704,8577994375668,1986575329001002.0,KOSPI
2023-08-24,2537.68,1,32.18,0.0128,2531.78,2539.44,2520.73,441140168,10099466159245,2012082432960052.0,KOSPI
2023-08-25,2519.14,2,-18.54,-0.0073,2505.39,2526.37,2502.05,577383852,8302851242350,1997701491140052.0,KOSPI
2023-08-28,2543.41,1,24.27,0.0096,2534.42,2543.41,2525.64,483587568,8221905557756,2015825900484564.0,KOSPI
2023-08-29,2552.16,1,8.75,0.0034,2550.76,2556.98,2545.27,441365852,8275017288825,2022518944004772.8,KOSPI
2023-08-30,2561.22,1,9.06,0.0034999999999999,2575.42,2578.62,2561.22,364003001,7765444580940,2029672344990078.0,KOSPI
2023-08-31,2556.27,2,-4.95,-0.0019,2564.45,2568.06,2547.72,473168805,11334960549622,2025220695461871.2,KOSPI
2023-09-01,2563.71,1,7.44,0.0029,2551.93,2568.42,2551.04,493367317,10029746225521,2033321986422776.0,KOSPI
2023-09-04,2584.55,1,20.84,0.0081,2566.93,2584.55,2560.32,342072516,8699609485382,2050034095713728.0,KOSPI
2023-09-05,2582.18,2,-2.37,-0.0009,2578.91,2586.65,2575.19,384579023,7590068827455,2048141824784019.2,KOSPI
2023-09-06,2563.34,2,-18.84,-0.0073,2577.41,2585.98,2560.09,422126144,7626693242222,2033216059472071.2,KOSPI
2023-09-07,2548.26,2,-15.08,-0.0059,2554.87,2562.42,2539.24,377270533,8325826544902,2021630331132979.2,KOSPI
2023-09-08,2547.68,2,-0.58,-0.0002,2546.07,2550.96,2530.05,396289098,7718992573949,2020844443791382.0,KOSPI
2023-09-11,2556.88,1,9.2,0.0036,2549.88,2556.89,2540.44,411070381,8340732785019,2027845902421820.0,KOSPI
2023-09-12,2536.58,2,-20.3,-0.0079,2566.42,2568.55,2535.15,359409844,8927207173581,2012514265092078.0,KOSPI
2023-09-13,2534.7,2,-1.88,-0.0007,2536.22,2549.38,2528.18,417576035,9270998787030,2011458185180640.0,KOSPI
2023-09-14,2572.89,1,38.19,0.0151,2544.89,2572.89,2541.11,412509123,9577502570729,2041171663656079.2,KOSPI
2023-09-15,2601.28,1,28.39,0.011,2574.98,2611.0,2572.37,441729809,11995227354645,2063455243040380.8,KOSPI
2023-09-18,2574.72,2,-26.56,-0.0102,2588.69,2596.55,2573.26,416289507,8772091336958,2042003996189398.0,KOSPI
2023-09-19,2559.21,2,-15.51,-0.006,2579.36,2583.25,2555.46,462342076,7827324888504,2030125918133751.2,KOSPI
2023-09-20,2559.74,1,0.53,0.0002,2556.55,2566.62,2551.12,414667757,7571716473907,2030281560024884.8,KOSPI
2023-09-21,2514.97,2,-44.77,-0.0175,2544.81,2549.63,2514.96,394676191,7803096968952,1995558490661582.0,KOSPI
2023-09-22,2508.13,2,-6.84,-0.0027,2491.45,2513.26,2486.14,433184441,7063027557662,1988872132588095.2,KOSPI
2023-09-25,2495.76,2,-12.37,-0.0049,2504.1,2509.38,2486.44,438614599,7459544543909,1979048154958762.0,KOSPI
2023-09-26,2462.97,2,-32.79,-0.0131,2493.64,2495.0,2461.59,427476174,7060836784874,1953462572892867.2,KOSPI
2023-09-27,2465.07,1,2.1,0.0009,2447.99,2469.72,2445.51,366240767,6761281210971,1955817974945696.8,KOSPI
2023-10-04,2405.69,2,-59.38,-0.0241,2435.78,2435.78,2402.84,424858687,10244656479390,1909055583650352.8,KOSPI
2023-10-05,2403.6,2,-2.09,-0.0009,2423.35,2426.61,2402.5,451722351,9141360528268,1912222092363540.0,KOSPI
2023-10-06,2408.73,1,5.13,0.0021,2408.81,2421.18,2403.92,289391533,6522751201215,1916147548142908.8,KOSPI
2023-10-10,2402.58,2,-6.15,-0.0026,2436.58,2448.24,2402.44,416004097,9505946256101,1912039050695451.2,KOSPI
2023-10-11,2450.08,1,47.5,0.0197999999999999,2436.52,2463.56,2436.52,446948721,9140842858822,1949663797057904.8,KOSPI
2023-10-12,2479.82,1,29.74,0.0121,2465.19,2479.82,2464.84,515451710,8929118335738,1973336798717055.2,KOSPI
2023-10-13,2456.15,2,-23.67,-0.0095,2460.85,2466.62,2452.83,582883748,7164460134351,1955250761144788.0,KOSPI
2023-10-16,2436.24,2,-19.91,-0.0081,2442.43,2453.77,2422.52,788356048,8393099868062,1939007776711860.0,KOSPI
2023-10-17,2460.17,1,23.93,0.0098,2454.14,2466.87,2449.42,509375162,7711249611593,1958109580200440.8,KOSPI
2023-10-18,2462.6,1,2.43,0.001,2452.05,2465.33,2450.78,911545886,8897570511380,1960050710811028.0,KOSPI
2023-10-19,2415.8,2,-46.8,-0.019,2431.92,2433.45,2412.55,756946720,9054474474683,1923750595952743.2,KOSPI
2023-10-20,2375.0,2,-40.8,-0.0169,2391.54,2394.67,2364.01,521208061,9295958394523,1892280648037690.0,KOSPI
2023-10-23,2357.02,2,-17.98,-0.0076,2370.07,2375.79,2354.7,395930159,7117567308934,1877779359812775.2,KOSPI
2023-10-24,2383.51,1,26.49,0.0112,2371.55,2384.14,2326.67,444165247,7949284788809,1898106189983308.8,KOSPI
2023-10-25,2363.17,2,-20.34,-0.0085,2389.23,2389.9,2362.69,440806736,7832203371912,1882419020271508.0,KOSPI
2023-10-26,2299.08,2,-64.09,-0.0271,2325.82,2330.55,2299.08,531072827,9251519468286,1832032727433878.0,KOSPI
2023-10-27,2302.81,1,3.73,0.0016,2311.59,2321.84,2293.05,514875992,8009947757095,1834541640781010.0,KOSPI
2023-10-30,2310.55,1,7.74,0.0034,2292.34,2317.75,2292.34,444842306,6954632697493,1840684678719156.0,KOSPI
2023-10-31,2277.99,2,-32.56,-0.0141,2318.39,2322.45,2273.97,394982283,8233073267951,1815424104493218.0,KOSPI
2023-11-01,2301.56,1,23.57,0.0103,2292.89,2312.15,2288.64,358157301,6739277694118,1835317635644088.0,KOSPI
2023-11-02,2343.12,1,41.56,0.0181,2334.96,2351.91,2333.41,377461502,7679304707201,1868116867300456.0,KOSPI
2023-11-03,2368.34,1,25.22,0.0108,2365.59,2370.28,2351.83,578661884,8040958355185,1887967827119667.2,KOSPI
2023-11-06,2502.37,1,134.03,0.0566,2399.8,2502.37,2395.03,528584832,15225479879466,1991919718242366.0,KOSPI
2023-11-07,2443.96,2,-58.41,-0.0233,2476.35,2476.35,2418.74,457675546,12086569930572,1947075246916667.2,KOSPI
2023-11-08,2421.62,2,-22.34,-0.0091,2460.22,2468.43,2418.14,467217484,7667332335588,1929362639610315.2,KOSPI
2023-11-09,2427.08,1,5.46,0.0023,2425.93,2437.9,2413.04,395030998,7288448335831,1933622735939370.0,KOSPI
2023-11-10,2409.66,2,-17.42,-0.0072,2406.4,2413.62,2393.64,312467956,5825602011829,1923177297058820.0,KOSPI
2023-11-13,2403.76,2,-5.9,-0.0024,2431.24,2435.32,2399.04,307123090,5934172518663,1918619318859372.8,KOSPI
2023-11-14,2433.25,1,29.49,0.0123,2424.93,2442.37,2422.97,306963703,6382101015771,1942197247569900.8,KOSPI
2023-11-15,2486.67,1,53.42,0.022,2482.21,2487.42,2468.43,419843260,9328219011281,1984033040962156.0,KOSPI
2023-11-16,2488.18,1,1.51,0.0006,2483.48,2491.98,2472.69,407440839,6806413707780,1985488314205202.0,KOSPI
2023-11-17,2469.85,2,-18.33,-0.0074,2477.43,2481.1,2463.59,388973752,8129523115949,1974347791077874.0,KOSPI
2023-11-20,2491.2,1,21.35,0.0086,2464.72,2499.75,2464.04,323806345,6586444840432,1990537959330634.0,KOSPI
2023-11-21,2510.42,1,19.22,0.0077,2504.7,2517.74,2500.91,345054695,7713376763040,2005723541732152.0,KOSPI
2023-11-22,2511.7,1,1.28,0.0005,2493.17,2516.72,2490.43,439485471,7755315532472,2006109849579440.8,KOSPI
2023-11-23,2514.96,1,3.26,0.0013,2515.83,2522.2,2507.3,360873812,6577868002160,2009135899576999.2,KOSPI
2023-11-24,2496.63,2,-18.33,-0.0073,2517.88,2521.56,2496.63,359382702,6537960544304,1995161445843404.0,KOSPI
2023-11-27,2495.66,2,-0.97,-0.0004,2501.83,2511.37,2489.18,364743731,8376475664368,1994294784796634.0,KOSPI
2023-11-28,2521.76,1,26.1,0.0105,2506.14,2522.45,2502.26,443089715,8753423571555,2017729235777968.8,KOSPI
2023-11-29,2519.81,2,-1.95,-0.0008,2518.8,2523.98,2501.44,579271100,9428200342491,2015729696100694.0,KOSPI
2023-11-30,2535.29,1,15.48,0.0060999999999999,2512.11,2535.29,2507.8,664284035,11992488473054,2027777361360739.2,KOSPI
2023-12-01,2505.01,2,-30.28,-0.0118999999999999,2520.49,2520.49,2504.06,516596238,8837749634076,2004297452965198.0,KOSPI
2023-12-04,2514.95,1,9.94,0.004,2522.22,2525.63,2510.52,498860818,8772366761173,2012605764241432.0,KOSPI
2023-12-05,2494.28,2,-20.67,-0.0081999999999999,2507.45,2509.74,2492.55,427066848,8300521654842,1995841254871312.0,KOSPI
2023-12-06,2495.38,1,1.1,0.0004,2503.57,2509.67,2495.38,390989432,7685319935995,1996748972275816.8,KOSPI
2023-12-07,2492.07,2,-3.31,-0.0013,2493.14,2499.73,2481.0,446877270,8127635646232,1993881026629664.8,KOSPI
2023-12-08,2517.85,1,25.78,0.0103,2510.24,2521.58,2507.14,431796634,7916793470777,2014785074596234.0,KOSPI
2023-12-11,2525.36,1,7.51,0.003,2524.79,2528.89,2512.45,435003610,8260507908287,2021014751891688.8,KOSPI
2023-12-12,2535.27,1,9.91,0.0039,2535.11,2543.06,2529.74,378033628,7732529685587,2029469553428360.0,KOSPI
2023-12-13,2510.66,2,-24.61,-0.0097,2531.23,2531.23,2509.89,377934427,7513616958089,2010099879260123.2,KOSPI
2023-12-14,2544.18,1,33.52,0.0134,2547.74,2549.65,2532.16,530123485,12960670969677,2036471107001660.0,KOSPI
2023-12-15,2563.56,1,19.38,0.0076,2558.44,2574.23,2555.3,465313553,12873295143562,2052134143905219.2,KOSPI
2023-12-18,2566.86,1,3.3,0.0013,2568.77,2573.13,2556.05,384828383,10181567999906,2053934297383476.0,KOSPI
2023-12-19,2568.55,1,1.69,0.0007,2564.81,2570.06,2556.52,392497373,8418110713633,2054764998811186.0,KOSPI
2023-12-20,2614.3,1,45.75,0.0178,2586.99,2615.38,2584.85,570423377,11202542825393,2091168204270216.0,KOSPI
2023-12-21,2600.02,2,-14.28,-0.0055,2598.37,2610.81,2587.16,578334789,9467808991589,2080482827882262.0,KOSPI
2023-12-22,2599.51,2,-0.51,-0.0002,2617.72,2621.37,2599.51,465967201,8848287882829,2082855844704432.0,KOSPI
2023-12-26,2602.59,1,3.08,0.0012,2609.44,2612.14,2594.65,440428129,9582765574870,2085608165140366.0,KOSPI
2023-12-27,2613.5,1,10.91,0.0042,2599.35,2613.5,2590.08,349733378,10359763878782,2093997127111758.0,KOSPI
2023-12-28,2655.28,1,41.78,0.016,2616.27,2655.28,2611.72,460086621,9418929602384,2126372515851046.0,KOSPI
2024-01-02,2669.81,1,14.53,0.0055,2645.47,2675.8,2641.88,409871688,9628190129018,2147223894556880.8,KOSPI
2024-01-03,2607.31,2,-62.5,-0.0233999999999999,2643.54,2643.72,2607.31,463131608,10121578328315,2096573473823720.8,KOSPI
2024-01-04,2587.02,2,-20.29,-0.0078,2592.44,2602.64,2580.09,770176172,8992273956601,2081862659594752.0,KOSPI
2024-01-05,2578.08,2,-8.94,-0.0034999999999999,2586.89,2592.29,2572.6,522289892,8384472928787,2075148802709824.0,KOSPI
2024-01-08,2567.82,2,-10.26,-0.004,2584.23,2591.68,2566.34,320143990,6763632029996,2067290656237408.0,KOSPI
2024-01-09,2561.24,2,-6.58,-0.0026,2598.31,2599.37,2556.0,791214273,8896714487368,2061575745648288.8,KOSPI
2024-01-10,2541.98,2,-19.26,-0.0075,2563.97,2568.19,2539.82,570021066,8795834820834,2045533566125824.0,KOSPI
2024-01-11,2540.27,2,-1.71,-0.0007,2543.03,2557.3,2540.27,788422596,13669889824902,2043896294511727.2,KOSPI
2024-01-12,2525.05,2,-15.22,-0.006,2536.55,2543.83,2517.76,790177187,8368765827550,2047248114238732.8,KOSPI
2024-01-15,2525.99,1,0.94,0.0004,2525.69,2536.06,2515.84,802102006,8182706743844,2047779701417268.0,KOSPI
2024-01-16,2497.59,2,-28.4,-0.0112,2516.27,2524.35,2491.13,659578602,8828509480164,2024555060865416.0,KOSPI
2024-01-17,2435.9,2,-61.69,-0.0247,2501.23,2503.91,2435.34,965595357,11281597951689,1975074608228092.0,KOSPI
2024-01-18,2440.04,1,4.14,0.0017,2439.96,2453.97,2429.12,571507487,8300177532644,1978349880698514.0,KOSPI
2024-01-19,2472.74,1,32.7,0.0134,2468.43,2479.0,2455.5,518806918,9174537029762,2005853267137231.2,KOSPI
2024-01-22,2464.35,2,-8.39,-0.0034,2489.57,2490.69,2464.35,388045571,8419915774574,1999139797919650.0,KOSPI
2024-01-23,2478.61,1,14.26,0.0058,2478.32,2482.84,2464.24,472284165,8029400288499,2010744285970351.2,KOSPI
2024-01-24,2469.69,2,-8.92,-0.0036,2476.22,2476.22,2454.34,395463694,7446526589060,2003932327419686.0,KOSPI
2024-01-25,2470.34,1,0.65,0.0003,2467.73,2474.01,2452.36,357233504,8124338284896,2003599594512515.2,KOSPI
2024-01-26,2478.56,1,8.22,0.0033,2458.05,2502.61,2453.45,292662412,7144493302087,2009937343154268.8,KOSPI
2024-01-29,2500.65,1,22.09,0.0089,2490.93,2516.92,2483.81,427439639,8958520572993,2034462573480314.0,KOSPI
2024-01-30,2498.81,2,-1.84,-0.0007,2523.68,2528.54,2498.81,481808939,8734431084623,2032788176215422.0,KOSPI
2024-01-31,2497.09,2,-1.72,-0.0007,2487.9,2502.45,2486.97,454574443,9000429911787,2030032668710527.2,KOSPI
2024-02-01,2542.46,1,45.37,0.0182,2491.93,2542.46,2491.93,751074606,13462481624148,2067112301934090.0,KOSPI
2024-02-02,2615.31,1,72.85,0.0287,2559.4,2615.34,2559.39,596121129,14368149719486,2126219526202082.0,KOSPI
2024-02-05,2591.31,2,-24.0,-0.0092,2612.77,2612.77,2562.5,511677820,12476233311073,2107741572677307.2,KOSPI
2024-02-06,2576.2,2,-15.11,-0.0058,2584.2,2599.18,2563.87,411617635,10386506269960,2095645930554876.0,KOSPI
2024-02-07,2609.58,1,33.38,0.013,2592.59,2625.24,2588.09,518182343,11491680255121,2123763208093908.0,KOSPI
2024-02-08,2620.32,1,10.74,0.0040999999999999,2620.26,2629.51,2610.21,430009355,12493447627224,2132384707693318.0,KOSPI
2024-02-13,2649.64,1,29.32,0.0112,2644.17,2656.87,2640.96,559385295,13294428567621,2157419255239932.8,KOSPI
2024-02-14,2620.42,2,-29.22,-0.011,2609.6,2627.31,2601.99,543525036,10107666432067,2134335214502236.8,KOSPI
2024-02-15,2613.8,2,-6.62,-0.0025,2643.81,2643.86,2613.8,621363093,10691023734593,2128007409746468.0,KOSPI
2024-02-16,2648.76,1,34.96,0.0134,2635.63,2648.76,2625.01,593841761,10221803977167,2156678843913596.0,KOSPI
2024-02-19,2680.26,1,31.5,0.0118999999999999,2653.12,2683.39,2653.12,422699048,9820891305363,2182000859841736.0,KOSPI
2024-02-20,2657.79,2,-22.47,-0.0084,2671.55,2673.84,2643.93,612668186,9999238286778,2164246683674156.0,KOSPI
2024-02-21,2653.31,2,-4.48,-0.0017,2656.92,2670.95,2644.04,562144348,9150151196628,2160613141082502.0,KOSPI
2024-02-22,2664.27,1,10.96,0.0040999999999999,2671.69,2671.69,2653.99,456396847,10278918996172,2169296821127555.2,KOSPI
2024-02-23,2667.7,1,3.43,0.0013,2681.03,2694.8,2665.21,415376166,10282074497042,2172012827862754.0,KOSPI
2024-02-26,2647.08,2,-20.62,-0.0077,2657.35,2659.6,2629.78,531661427,10950640820454,2154285533222444.0,KOSPI
2024-02-27,2625.05,2,-22.03,-0.0083,2654.76,2654.76,2619.38,574301706,12634501574691,2138605308580859.2,KOSPI
2024-02-28,2652.29,1,27.24,0.0104,2629.11,2657.32,2623.15,421552569,10266442750037,2160300898648426.0,KOSPI
2024-02-29,2642.36,2,-9.93,-0.0037,2643.48,2647.56,2628.62,496064469,12975398337140,2154501763495998.0,KOSPI
2024-03-04,2674.27,1,31.91,0.0121,2664.52,2682.8,2662.32,404014324,12680157695305,2180068721681928.0,KOSPI
2024-03-05,2649.4,2,-24.87,-0.0093,2660.8,2684.83,2649.35,457237152,12207053152140,2159737907605954.0,KOSPI
2024-03-06,2641.49,2,-7.91,-0.003,2638.84,2649.78,2630.16,378993989,10533005950271,2152385363230447.2,KOSPI
2024-03-07,2647.62,1,6.13,0.0023,2653.98,2660.26,2633.57,462910823,10871921043030,2157093122013548.8,KOSPI
2024-03-08,2680.35,1,32.73,0.0124,2676.79,2688.0,2668.38,454259855,11479440624975,2183434413990576.0,KOSPI
2024-03-11,2659.84,2,-20.51,-0.0077,2665.58,2677.21,2658.74,391384816,8856058910332,2165991239911812.8,KOSPI
2024-03-12,2681.81,1,21.97,0.0083,2673.47,2686.14,2659.72,403969278,9731030845026,2183694627398136.8,KOSPI
2024-03-13,2693.57,1,11.76,0.0044,2694.71,2701.45,2679.54,498759769,10957571435594,2193638398555052.8,KOSPI
2024-03-14,2718.76,1,25.19,0.0093999999999999,2698.37,2718.76,2696.31,609288045,14142602900461,2214176883564676.0,KOSPI
2024-03-15,2666.84,2,-51.92,-0.0191,2701.91,2705.59,2666.84,584947718,13235768120641,2171246910784166.0,KOSPI
2024-03-18,2685.84,1,19.0,0.0070999999999999,2678.52,2688.07,2665.28,408182483,9523805666900,2186414425213828.8,KOSPI
2024-03-19,2656.17,2,-29.67,-0.011,2673.57,2673.57,2645.14,695865617,10702804612977,2162284635365968.0,KOSPI
2024-03-20,2690.14,1,33.97,0.0128,2680.7,2692.52,2674.09,720451805,12739395278981,2190991693310006.0,KOSPI
2024-03-21,2754.86,1,64.72,0.0241,2731.18,2755.45,2724.25,825226939,14013557214292,2244169943853590.0,KOSPI
2024-03-22,2748.56,2,-6.3,-0.0023,2751.15,2763.06,2738.18,509545275,11532687277699,2240018470676891.2,KOSPI
2024-03-25,2737.57,2,-10.99,-0.004,2756.59,2763.63,2731.7,489620187,9979717463873,2230450709812806.0,KOSPI
2024-03-26,2757.09,1,19.52,0.0070999999999999,2756.42,2779.4,2752.27,448300913,12188273305400,2248074960180936.0,KOSPI
2024-03-27,2755.11,2,-1.98,-0.0007,2745.0,2762.03,2745.0,510644016,12461944297042,2246759368908432.0,KOSPI
2024-03-28,2745.82,2,-9.29,-0.0034,2753.22,2756.86,2742.68,419277948,11925008942773,2239561710047378.0,KOSPI
2024-03-29,2746.63,1,0.81,0.0003,2757.27,2757.55,2739.12,495495575,11190102648960,2240537707931380.0,KOSPI
2024-04-01,2747.86,1,1.23,0.0004,2766.24,2769.87,2747.4,397600506,10066834746484,2241082877779755.2,KOSPI
2024-04-02,2753.16,1,5.3,0.0019,2744.15,2760.33,2737.19,630392908,13116888253006,2247045532300400.8,KOSPI
2024-04-03,2706.97,2,-46.19,-0.0168,2730.68,2732.29,2706.97,640806255,13257039663440,2209038426589524.0,KOSPI
2024-04-04,2742.0,1,35.03,0.0129,2738.24,2746.39,2727.1,477952756,11978193544511,2238039850882680.0,KOSPI
2024-04-05,2714.21,2,-27.79,-0.0101,2713.96,2730.47,2705.31,621030559,11293864180906,2215451533029408.8,KOSPI
2024-04-08,2717.65,1,3.44,0.0013,2718.76,2725.58,2706.74,620652526,10560913230739,2218358194498119.2,KOSPI
2024-04-09,2705.16,2,-12.49,-0.0046,2733.23,2741.23,2703.96,470183666,10037704753832,2207593683288588.0,KOSPI
2024-04-11,2706.96,1,1.8,0.0007,2665.4,2718.07,2661.92,561333352,12789892903761,2209845127261172.8,KOSPI
2024-04-12,2681.82,2,-25.14,-0.0093,2710.89,2712.45,2678.21,514575252,11903471260891,2189191729846839.2,KOSPI
2024-04-15,2670.43,2,-11.39,-0.0042,2661.36,2673.26,2641.16,561950019,10506647345531,2179146668534823.2,KOSPI
2024-04-16,2609.63,2,-60.8,-0.0227999999999999,2644.17,2647.6,2601.45,570212078,12257738700180,2129095533863436.8,KOSPI
2024-04-17,2584.18,2,-25.45,-0.0098,2619.15,2626.63,2584.18,414348111,9779317782734,2108636206256260.0,KOSPI
2024-04-18,2634.7,1,50.52,0.0195,2595.46,2642.03,2593.26,478786204,10571079673653,2148591606593171.2,KOSPI
2024-04-19,2591.86,2,-42.84,-0.0163,2600.69,2609.9,2553.55,809473426,14044807236711,2113960517731474.0,KOSPI
2024-04-22,2629.44,1,37.58,0.0144999999999999,2615.72,2629.44,2604.37,401892185,11021071197748,2143157215871340.0,KOSPI
2024-04-23,2623.02,2,-6.42,-0.0024,2632.15,2641.78,2619.72,430275765,9948338030037,2137640962658347.2,KOSPI
2024-04-24,2675.75,1,52.73,0.0200999999999999,2662.84,2677.85,2662.84,325739636,10227694656817,2180629130374120.8,KOSPI
2024-04-25,2628.62,2,-47.13,-0.0176,2646.8,2656.51,2628.62,334062359,8987958983331,2142440794883830.0,KOSPI
2024-04-26,2656.33,1,27.71,0.0105,2650.94,2662.1,2641.35,450520678,10148866094724,2164477450575646.0,KOSPI
2024-04-29,2687.44,1,31.11,0.0116999999999999,2675.46,2687.44,2665.21,470546033,10491387518238,2189691725743463.2,KOSPI
2024-04-30,2692.06,1,4.62,0.0017,2693.22,2710.23,2687.29,460083516,11347130197832,2193843858061216.0,KOSPI
2024-05-02,2683.65,2,-8.41,-0.0031,2679.04,2692.47,2678.84,351087270,9059052787751,2186876849586271.2,KOSPI
2024-05-03,2676.63,2,-7.02,-0.0026,2704.31,2705.26,2676.63,338612027,7850446650277,2180854242187852.0,KOSPI
2024-05-07,2734.36,1,57.73,0.0216,2718.17,2734.36,2716.62,532203424,11153672379482,2228259503005163.2,KOSPI
2024-05-08,2745.05,1,10.69,0.0039,2732.11,2745.05,2727.93,436315210,10293632989622,2243933670998562.0,KOSPI
2024-05-09,2712.14,2,-32.91,-0.012,2743.29,2749.14,2710.25,423810541,11102793125978,2216794075957826.0,KOSPI
2024-05-10,2727.63,1,15.49,0.0056999999999999,2737.95,2743.58,2723.21,586133434,11566879277171,2226624818720776.0,KOSPI
2024-05-13,2727.21,2,-0.42,-0.0002,2735.2,2738.38,2713.92,625277713,13054660270065,2226373173373836.8,KOSPI
2024-05-14,2730.34,1,3.13,0.0011,2732.98,2735.82,2722.74,443295551,9491099959143,2228236340852444.0,KOSPI
2024-05-16,2753.0,1,22.66,0.0083,2770.27,2773.46,2748.22,521841311,13253185991139,2246492512784154.0,KOSPI
2024-05-17,2724.62,2,-28.38,-0.0103,2751.47,2752.17,2724.62,575936318,11008339216044,2223763413963692.0,KOSPI
2024-05-20,2742.14,1,17.52,0.0064,2741.24,2756.41,2734.64,582071105,12502253995995,2237911831916096.8,KOSPI
2024-05-21,2724.18,2,-17.96,-0.0065,2733.03,2734.48,2719.74,560818982,10490361130914,2223367539795622.0,KOSPI
2024-05-22,2723.46,2,-0.72,-0.0003,2723.46,2733.07,2707.87,484723878,12378510253371,2223391187575664.0,KOSPI
2024-05-23,2721.81,2,-1.65,-0.0006,2719.03,2734.27,2704.0,428079461,11449262184318,2222186906186078.0,KOSPI
2024-05-24,2687.6,2,-34.21,-0.0126,2693.65,2696.99,2681.17,501638731,12363444691766,2193712334095006.0,KOSPI
2024-05-27,2722.99,1,35.39,0.0132,2697.16,2725.08,2693.66,556709910,15847767781392,2222058046281292.0,KOSPI
2024-05-28,2722.85,2,-0.14,-0.0001,2715.52,2730.12,2714.34,440956718,11586995502162,2221981776231336.8,KOSPI
2024-05-29,2677.3,2,-45.55,-0.0167,2719.56,2721.63,2677.07,438980914,13076460910800,2184383957054232.8,KOSPI
2024-05-30,2635.44,2,-41.86,-0.0156,2666.63,2666.63,2635.44,372741998,11132062547655,2150594911810807.2,KOSPI
2024-05-31,2636.52,1,1.08,0.0004,2657.87,2664.48,2635.77,613717789,16353906904146,2151017465412147.2,KOSPI
2024-06-03,2682.52,1,46.0,0.0174,2657.81,2690.73,2657.81,782329142,13995552060921,2188764087625754.0,KOSPI
2024-06-04,2662.1,2,-20.42,-0.0076,2668.73,2679.47,2659.43,773459815,12649033157359,2171834477055724.0,KOSPI
2024-06-05,2689.5,1,27.4,0.0103,2681.11,2697.43,2667.63,881481171,13624987518166,2194822320470816.8,KOSPI
2024-06-07,2722.67,1,33.17,0.0123,2718.25,2729.63,2705.23,783870642,12465269602613,2221091055961770.0,KOSPI
2024-06-10,2701.17,2,-21.5,-0.0079,2698.71,2718.89,2689.19,506891681,11327687402104,2203848894691708.8,KOSPI
2024-06-11,2705.32,1,4.15,0.0015,2716.72,2718.88,2702.17,558892980,11776520079436,2206744123013164.0,KOSPI
2024-06-12,2728.17,1,22.85,0.0084,2709.65,2730.3,2707.44,511008858,11839575564352,2224929133048683.2,KOSPI
2024-06-13,2754.89,1,26.72,0.0098,2764.18,2776.72,2752.61,700027275,19135858383663,2247116756582044.8,KOSPI
2024-06-14,2758.42,1,3.53,0.0013,2759.22,2769.16,2750.86,644979251,16187046354733,2250826809499794.0,KOSPI
2024-06-17,2744.1,2,-14.32,-0.0052,2754.83,2759.86,2741.03,593985068,12457645927392,2237952930934220.8,KOSPI
2024-06-18,2763.92,1,19.82,0.0072,2765.7,2772.35,2759.03,561975111,13269477858739,2254082532058439.0,KOSPI
2024-06-19,2797.33,1,33.41,0.0121,2786.16,2799.32,2786.16,646706151,14069563614982,2280984107505914.0,KOSPI
2024-06-20,2807.63,1,10.3,0.0037,2802.1,2812.62,2796.37,758165860,13576969980405,2289946832082912.0,KOSPI
2024-06-21,2784.26,2,-23.37,-0.0083,2794.87,2797.0,2777.33,631143373,14492984699807,2270593310209150.0,KOSPI
2024-06-24,2764.73,2,-19.53,-0.0069999999999999,2772.85,2782.9,2758.09,594166310,11082706901587,2257243669014962.0,KOSPI
2024-06-25,2774.39,1,9.66,0.0034999999999999,2765.76,2780.42,2765.76,714242157,11767747562752,2265008233505110.0,KOSPI
2024-06-26,2792.05,1,17.66,0.0064,2767.43,2792.07,2762.98,535034373,11325142857725,2279120474336608.0,KOSPI
2024-06-27,2784.06,2,-7.99,-0.0029,2767.62,2784.33,2761.55,397169222,10271109212108,2273422810716470.0,KOSPI
2024-06-28,2797.82,1,13.76,0.0049,2792.79,2797.82,2782.4,610550442,11020137988129,2283888693661471.0,KOSPI
2024-07-01,2804.31,1,6.49,0.0023,2792.96,2805.95,2783.98,459218341,9945336827186,2289631234045977.0,KOSPI
2024-07-02,2780.86,2,-23.45,-0.0084,2798.65,2805.42,2776.62,538842197,11648477198292,2270445338129264.0,KOSPI
2024-07-03,2794.01,1,13.15,0.0046999999999999,2797.14,2799.7,2774.71,340337982,10243957490730,2281636129094657.0,KOSPI
2024-07-04,2824.94,1,30.93,0.0111,2817.06,2824.94,2808.88,393738620,13067110367346,2307278993396211.0,KOSPI
2024-07-05,2862.23,1,37.29,0.0132,2836.21,2871.96,2836.21,378159145,13142275173526,2338315470421830.0,KOSPI
2024-07-08,2857.76,2,-4.47,-0.0016,2862.58,2868.99,2855.53,425055594,9938577085762,2335361801343077.0,KOSPI
2024-07-09,2867.38,1,9.62,0.0034,2872.63,2875.37,2854.13,456429222,11241863704494,2339688644048581.0,KOSPI
2024-07-10,2867.99,1,0.61,0.0002,2863.05,2871.56,2858.87,472472909,11841458957088,2340811915381735.0,KOSPI
2024-07-11,2891.35,1,23.36,0.0081,2888.76,2896.43,2879.28,462216873,14649701388722,2363627178724968.0,KOSPI
2024-07-12,2857.0,2,-34.35,-0.0118999999999999,2867.75,2872.25,2844.88,408178316,14085702513511,2329431205423023.0,KOSPI
2024-07-15,2860.92,1,3.92,0.0014,2869.15,2872.9,2848.93,424457898,12165673099287,2334446313431494.0,KOSPI
2024-07-16,2866.09,1,5.17,0.0018,2861.71,2872.21,2857.07,677904823,12660325755248,2338465518826864.0,KOSPI
2024-07-17,2843.29,2,-22.8,-0.008,2865.9,2868.58,2841.33,549094120,13923509175223,2320318934867633.0,KOSPI
2024-07-18,2824.35,2,-18.94,-0.0067,2805.64,2824.35,2799.02,658374570,15548196201712,2304940336748129.0,KOSPI
2024-07-19,2795.46,2,-28.89,-0.0102,2800.21,2802.68,2776.99,426207952,9585234666046,2280949590315269.0,KOSPI
2024-07-22,2763.51,2,-31.95,-0.0113999999999999,2790.99,2795.12,2752.63,463878258,10499644345892,2255636583508568.0,KOSPI
2024-07-23,2774.29,1,10.78,0.0039,2788.83,2796.92,2765.81,423403234,11526841676052,2265131154015696.0,KOSPI
2024-07-24,2758.71,2,-15.58,-0.0056,2755.5,2778.31,2748.65,469221275,11053910300885,2251624859143664.0,KOSPI
2024-07-25,2710.65,2,-48.06,-0.0174,2721.29,2725.15,2703.86,440318335,13673708697212,2212260228637284.8,KOSPI
2024-07-26,2731.9,1,21.25,0.0078,2724.99,2738.4,2715.75,516467609,12971731709664,2228963595217386.0,KOSPI
2024-07-29,2765.53,1,33.63,0.0123,2748.32,2776.86,2742.69,456515695,10963602971959,2257406067431641.0,KOSPI
2024-07-30,2738.19,2,-27.34,-0.0098999999999999,2744.4,2754.53,2732.82,392868090,10199651173207,2235428827339088.0,KOSPI
2024-07-31,2770.69,1,32.5,0.0118999999999999,2745.58,2770.7,2733.63,557090057,12197991898146,2262832341048634.0,KOSPI
2024-08-01,2777.68,1,6.99,0.0025,2787.27,2794.11,2772.97,480833975,10904975425060,2268412040496396.0,KOSPI
2024-08-02,2676.19,2,-101.49,-0.0365,2719.39,2725.05,2666.4,531785136,13102123147549,2189768948287380.0,KOSPI
2024-08-05,2441.55,2,-234.64,-0.0877,2611.3,2611.3,2386.96,763777757,18781701096636,1997745882924562.0,KOSPI
2024-08-06,2522.15,1,80.6,0.033,2533.34,2578.77,2491.47,567266430,15535848582551,2063686210909231.2,KOSPI
2024-08-07,2568.41,1,46.26,0.0183,2515.27,2594.83,2510.82,476990686,13081659609896,2102251051407106.0,KOSPI
2024-08-08,2556.73,2,-11.68,-0.0045,2530.21,2570.34,2518.52,495299005,11463675279196,2092077568084576.8,KOSPI
2024-08-09,2588.43,1,31.7,0.0124,2603.08,2603.08,2575.9,475012051,9721686771659,2118139215572282.0,KOSPI
2024-08-12,2618.3,1,29.87,0.0115,2602.16,2622.86,2602.01,293083794,7601221663229,2142430302010892.0,KOSPI
2024-08-13,2621.5,1,3.2,0.0012,2624.5,2636.12,2607.52,378532151,8965946240835,2145433739879246.0,KOSPI
2024-08-14,2644.5,1,23.0,0.0088,2649.11,2653.71,2632.44,328748140,8867077142812,2164754882564239.2,KOSPI
2024-08-16,2697.23,1,52.73,0.0199,2695.49,2699.61,2680.74,385851899,11192930297117,2208881287865466.0,KOSPI
2024-08-19,2674.36,2,-22.87,-0.0085,2697.97,2699.84,2664.28,395636824,9262568374795,2189820559401236.0,KOSPI
2024-08-20,2696.63,1,22.27,0.0083,2699.74,2706.05,2686.06,484188400,8954162720335,2206940381891250.0,KOSPI
2024-08-21,2701.13,1,4.5,0.0017,2687.2,2704.98,2684.61,417329635,9378558424607,2210561175693671.2,KOSPI
2024-08-22,2707.67,1,6.54,0.0024,2710.95,2711.38,2690.35,441756204,8946316911575,2215412798846490.0,KOSPI
2024-08-23,2701.69,2,-5.98,-0.0022,2690.8,2712.84,2689.54,330591762,8285767864758,2210797298505351.2,KOSPI
2024-08-26,2698.01,2,-3.68,-0.0014,2716.88,2718.47,2688.79,333687885,9087411201066,2206549658882071.2,KOSPI
2024-08-27,2689.25,2,-8.76,-0.0032,2696.24,2700.18,2681.92,264056855,8050720479398,2199479583926951.2,KOSPI
2024-08-28,2689.83,1,0.58,0.0002,2690.59,2695.51,2671.59,280773871,10567478196675,2200592606674384.8,KOSPI
2024-08-29,2662.28,2,-27.55,-0.0102,2657.18,2672.9,2649.56,288835634,11464719820380,2178258767290179.2,KOSPI
2024-08-30,2674.31,1,12.03,0.0045,2676.72,2686.51,2668.66,278845310,10340760628054,2187461755865038.0,KOSPI
2024-09-02,2681.0,1,6.69,0.0025,2683.8,2686.98,2658.31,266992573,8669962668666,2192680031182319.2,KOSPI
2024-09-03,2664.63,2,-16.37,-0.0060999999999999,2683.12,2695.59,2664.63,303460408,8978417447396,2178330436205580.8,KOSPI
2024-09-04,2580.8,2,-83.83,-0.0315,2589.94,2608.13,2578.07,455469305,11370290372994,2109693404841243.2,KOSPI
2024-09-05,2575.5,2,-5.3,-0.0021,2598.36,2615.8,2560.65,379002653,10189751207176,2103967317605974.0,KOSPI
2024-09-06,2544.28,2,-31.22,-0.0121,2576.66,2576.94,2529.31,374782188,8685310141898,2079144168315112.0,KOSPI
2024-09-09,2535.93,2,-8.35,-0.0033,2498.67,2543.22,2491.3,270230978,7454380686929,2071956884756336.8,KOSPI
2024-09-10,2523.43,2,-12.5,-0.0049,2542.69,2544.83,2522.48,347650170,8421866699897,2061808623287734.0,KOSPI
2024-09-11,2513.37,2,-10.06,-0.004,2524.86,2526.13,2493.37,302560681,9623015977525,2051977998276998.0,KOSPI
2024-09-12,2572.09,1,58.72,0.0233999999999999,2547.5,2572.09,2537.87,340478891,11282356523795,2099101129801418.0,KOSPI
2024-09-13,2575.41,1,3.32,0.0013,2571.81,2584.11,2562.91,358262872,8422029131843,2101346639321967.2,KOSPI
2024-09-19,2580.8,1,5.39,0.0021,2594.67,2598.68,2550.09,385081293,12871058979763,2106110321613510.0,KOSPI
2024-09-20,2593.37,1,12.57,0.0049,2603.83,2619.55,2591.4,495964133,14276592945661,2116582292566160.8,KOSPI
2024-09-23,2602.01,1,8.64,0.0033,2596.47,2603.57,2588.49,339140017,9526459225941,2122839424585600.0,KOSPI
2024-09-24,2631.68,1,29.67,0.0113999999999999,2612.45,2631.68,2597.81,355097005,10338360663397,2146552075310106.0,KOSPI
2024-09-25,2596.32,2,-35.36,-0.0134,2652.71,2663.36,2596.32,454471748,11671496763447,2118800293629688.8,KOSPI
2024-09-26,2671.57,1,75.25,0.0289999999999999,2630.91,2671.57,2630.3,324888966,11602405999054,2179114311367054.0,KOSPI
2024-09-27,2649.78,2,-21.79,-0.0081999999999999,2674.58,2681.45,2649.78,413004129,11987017925748,2162827763884496.0,KOSPI
2024-09-30,2593.27,2,-56.51,-0.0213,2665.24,2668.66,2593.27,358915798,10806867445787,2115975531403172.8,KOSPI
2024-10-02,2561.69,2,-31.58,-0.0121999999999999,2566.55,2591.61,2555.46,351004351,9607877432678,2091253055072236.8,KOSPI
2024-10-04,2569.71,1,8.02,0.0031,2563.7,2585.59,2555.57,414328553,10016557160951,2097299169852460.8,KOSPI
2024-10-07,2610.38,1,40.67,0.0158,2579.2,2611.93,2561.46,343671145,10378943872137,2129898509102692.0,KOSPI
2024-10-08,2594.36,2,-16.02,-0.0060999999999999,2592.65,2601.96,2581.79,318240024,9168276247124,2116186427772118.0,KOSPI
2024-10-10,2599.16,1,4.8,0.0019,2611.65,2613.61,2596.86,618559988,13867594373662,2118769902148872.0,KOSPI
2024-10-11,2596.91,2,-2.25,-0.0009,2612.02,2621.93,2594.43,491276237,9548436311434,2116899470457183.2,KOSPI
2024-10-14,2623.29,1,26.38,0.0102,2602.63,2628.54,2602.63,401705670,8525414408760,2138449589891612.8,KOSPI
2024-10-15,2633.45,1,10.16,0.0039,2632.37,2635.32,2615.47,438292799,10054355841679,2147319522898363.2,KOSPI
2024-10-16,2610.36,2,-23.09,-0.0088,2606.7,2622.33,2601.35,437552776,10053097319299,2129276601242486.0,KOSPI
2024-10-17,2609.3,2,-1.06,-0.0004,2620.74,2622.71,2603.52,331265227,9953645240876,2127416627409576.0,KOSPI
2024-10-18,2593.82,2,-15.48,-0.0059,2616.04,2618.32,2587.96,265201103,8274853556430,2115279710372210.0,KOSPI
2024-10-21,2604.92,1,11.1,0.0043,2600.77,2618.71,2594.05,240675023,7757213527460,2124505397404487.2,KOSPI
2024-10-22,2570.7,2,-34.22,-0.0131,2600.87,2604.16,2564.46,343318170,8958061448792,2096600928094996.8,KOSPI
2024-10-23,2599.62,1,28.92,0.0112,2575.25,2607.79,2567.42,352421162,9430154792746,2120697375665930.0,KOSPI
2024-10-24,2581.03,2,-18.59,-0.0072,2591.69,2600.26,2578.8,343098218,9733937488291,2104042768297716.0,KOSPI
2024-10-25,2583.27,1,2.24,0.0009,2597.44,2611.27,2577.0,462898403,10286877485946,2105651493083676.0,KOSPI
2024-10-28,2612.43,1,29.16,0.0113,2588.45,2612.96,2587.2,333735957,9133006346665,2129841276048608.8,KOSPI
2024-10-29,2617.8,1,5.37,0.0021,2606.94,2617.8,2595.86,363290058,9341171256858,2134424479869187.2,KOSPI
2024-10-30,2593.79,2,-24.01,-0.0092,2606.99,2613.47,2586.88,487359045,9067046289191,2114675137976876.8,KOSPI
2024-10-31,2556.15,2,-37.64,-0.0144999999999999,2575.24,2579.65,2552.36,406613036,10980673439062,2083807734485504.8,KOSPI
2024-11-01,2542.36,2,-13.79,-0.0054,2542.96,2559.3,2536.84,319848769,7944318405637,2072677282762738.0,KOSPI
2024-11-04,2588.97,1,46.61,0.0183,2549.04,2588.97,2542.68,373943470,8064748773264,2110215065385316.8,KOSPI
2024-11-05,2576.88,2,-12.09,-0.0046999999999999,2570.24,2586.73,2564.66,310875315,7716007774972,2100113789116178.0,KOSPI
2024-11-06,2563.51,2,-13.37,-0.0052,2591.9,2592.75,2544.04,548506117,11791887929674,2089044036625020.8,KOSPI
2024-11-07,2564.63,1,1.12,0.0004,2557.23,2579.81,2540.48,465146173,10809704016429,2089840468646244.0,KOSPI
2024-11-08,2561.15,2,-3.48,-0.0014,2586.7,2593.15,2553.42,448734499,9921212340072,2087229089933475.2,KOSPI
2024-11-11,2531.66,2,-29.49,-0.0115,2562.05,2562.05,2525.56,572196827,11290168186878,2062998743903726.0,KOSPI
2024-11-12,2482.57,2,-49.09,-0.0194,2527.94,2532.44,2481.53,735812780,12848018036593,2022644867370756.8,KOSPI
2024-11-13,2417.08,2,-65.49,-0.0264,2468.27,2478.87,2415.77,619176261,11208360429193,1970663209161735.2,KOSPI
2024-11-14,2418.86,1,1.78,0.0007,2430.26,2441.43,2410.93,639989952,13017388247182,1972611776340116.8,KOSPI
2024-11-15,2416.86,2,-2.0,-0.0008,2413.05,2433.18,2390.56,623327161,12365758546178,1973513509553940.0,KOSPI
2024-11-18,2469.07,1,52.21,0.0216,2440.31,2480.01,2437.53,443925881,10621301146512,2017377526672606.0,KOSPI
2024-11-19,2471.95,1,2.88,0.0012,2469.13,2479.39,2465.15,410856127,9085861075487,2019146278738576.0,KOSPI
2024-11-20,2482.29,1,10.34,0.0042,2475.76,2489.15,2471.79,408789732,7820084740597,2033134230437159.2,KOSPI
2024-11-21,2480.63,2,-1.66,-0.0007,2474.62,2496.97,2474.62,451118534,8356409257842,2032824142509323.2,KOSPI
2024-11-22,2501.24,1,20.61,0.0083,2493.42,2511.23,2492.21,543517791,8017171405214,2048900260074806.0,KOSPI
2024-11-25,2534.34,1,33.1,0.0132,2524.11,2541.76,2517.98,564692445,13495227553966,2075112931767044.0,KOSPI
2024-11-26,2520.36,2,-13.98,-0.0055,2521.39,2526.62,2512.21,441708781,8709923196814,2064372965736248.0,KOSPI
2024-11-27,2503.06,2,-17.3,-0.0069,2518.82,2526.32,2498.32,414339138,8586048743292,2049072449824867.2,KOSPI
2024-11-28,2504.67,1,1.61,0.0006,2499.69,2513.63,2495.64,342571105,7572752629681,2050357986144084.8,KOSPI
2024-11-29,2455.91,2,-48.76,-0.0195,2496.93,2496.93,2446.96,384278001,9106481521439,2011421418734674.0,KOSPI
2024-12-02,2454.48,2,-1.43,-0.0006,2479.02,2483.29,2448.45,328109545,7591739683478,2009713877727404.0,KOSPI
2024-12-03,2500.1,1,45.62,0.0186,2472.06,2500.67,2471.55,324137730,9145172832624,2046261046449732.0,KOSPI
2024-12-04,2464.0,2,-36.1,-0.0144,2450.76,2483.04,2442.46,670284268,13296925007005,2016934529725719.2,KOSPI
2024-12-05,2441.85,2,-22.15,-0.009,2471.45,2471.45,2434.78,519351593,9720715707167,1999305298106164.0,KOSPI
2024-12-06,2428.16,2,-13.69,-0.0056,2451.6,2459.24,2397.73,630408602,10726880321289,1988510021328156.0,KOSPI
2024-12-09,2360.58,2,-67.58,-0.0278,2392.37,2399.52,2360.18,591644435,10004534867179,1933161934819931.2,KOSPI
2024-12-10,2417.84,1,57.26,0.0243,2384.51,2419.06,2384.51,598770280,9303804224973,1979769346742696.0,KOSPI
2024-12-11,2442.51,1,24.67,0.0102,2412.15,2443.34,2411.38,617716470,7745860519277,1999754741961752.0,KOSPI
2024-12-12,2482.12,1,39.61,0.0162,2456.63,2487.95,2448.76,664187237,12259144225557,2032250619015376.0,KOSPI
2024-12-13,2494.46,1,12.34,0.005,2473.75,2500.32,2470.24,577737398,8849455236945,2042115883546408.0,KOSPI
2024-12-16,2488.97,2,-5.49,-0.0022,2511.08,2515.62,2483.43,526708153,8466421567755,2037825063390027.2,KOSPI
2024-12-17,2456.81,2,-32.16,-0.0129,2487.31,2487.31,2455.05,559039721,9284835596090,2010343832541547.2,KOSPI
2024-12-18,2484.43,1,27.62,0.0112,2463.06,2492.0,2462.82,441677820,8338565732727,2033135712509950.0,KOSPI
2024-12-19,2435.93,2,-48.5,-0.0195,2426.55,2450.05,2423.59,504467068,8443749654047,1993417137823852.8,KOSPI
2024-12-20,2404.15,2,-31.78,-0.013,2429.63,2430.69,2389.86,617782376,9347347558007,1967064816798788.0,KOSPI
2024-12-23,2442.01,1,37.86,0.0157,2423.36,2446.97,2413.62,428166806,7375539570358,1998047401443676.0,KOSPI
2024-12-24,2440.52,2,-1.49,-0.0006,2450.55,2452.85,2432.42,386777917,6740790173171,1997825853682132.8,KOSPI
2024-12-26,2429.67,2,-10.85,-0.0044,2449.52,2449.52,2428.82,322800054,6410407187557,1989005161072952.8,KOSPI
2024-12-27,2404.77,2,-24.9,-0.0102,2419.46,2423.86,2388.33,311291279,6339606976315,1966956732701404.8,KOSPI
2024-12-30,2399.49,2,-5.28,-0.0022,2397.49,2429.75,2390.44,303963509,5315451121758,1963328801432072.8,KOSPI
2025-01-02,2398.94,2,-0.55,-0.0002,2400.87,2410.99,2386.84,350691927,6958648750080,1963454272081159.2,KOSPI
2025-01-03,2441.92,1,42.98,0.0179,2402.58,2454.67,2402.58,407536387,8230070287923,1998126924797076.8,KOSPI
2025-01-06,2488.64,1,46.72,0.0191,2453.3,2489.1,2446.82,302760981,8142307849602,2036394312458755.2,KOSPI
2025-01-07,2492.1,1,3.46,0.0014,2513.49,2521.86,2492.09,407692929,9405964049041,2038522932687508.0,KOSPI
2025-01-08,2521.05,1,28.95,0.0116,2481.25,2526.77,2481.25,362908922,10391057773317,2062626681696110.0,KOSPI
2025-01-09,2521.9,1,0.85,0.0003,2526.1,2535.87,2515.82,404290371,11524453907612,2063837692886240.0,KOSPI
2025-01-10,2515.78,2,-6.12,-0.0024,2528.42,2535.24,2506.29,377586658,9691007647524,2058638841592924.0,KOSPI
2025-01-13,2489.56,2,-26.22,-0.0104,2508.15,2513.93,2483.73,578565446,9049053425756,2036397074805700.0,KOSPI
2025-01-14,2497.4,1,7.84,0.0031,2501.49,2504.89,2482.74,414487640,8199244671041,2042488521677972.0,KOSPI
2025-01-15,2496.81,2,-0.59,-0.0002,2511.07,2524.36,2493.1,538534310,9176243659173,2041769170734816.0,KOSPI
2025-01-16,2527.49,1,30.68,0.0123,2528.27,2534.01,2519.86,451062578,9432261340912,2065809157709104.0,KOSPI
2025-01-17,2523.55,2,-3.94,-0.0016,2520.85,2528.48,2513.84,445884915,10011839897387,2062320503702578.0,KOSPI
2025-01-20,2520.05,2,-3.5,-0.0014,2533.68,2536.72,2516.28,437546001,8663518721587,2059663885223968.0,KOSPI
2025-01-21,2518.03,2,-2.02,-0.0008,2533.23,2548.44,2507.95,572011300,9323573978039,2058259490075974.0,KOSPI
2025-01-22,2547.06,1,29.03,0.0115,2535.8,2552.57,2526.89,583737394,11074514904158,2081713985266172.8,KOSPI
2025-01-23,2515.49,2,-31.57,-0.0124,2541.24,2541.6,2515.49,609742131,9907820760947,2056088891657315.2,KOSPI
2025-01-24,2536.8,1,21.31,0.0085,2529.29,2542.83,2522.64,602014660,10179284029760,2073049460254918.0,KOSPI
2025-01-31,2517.37,2,-19.43,-0.0077,2534.33,2537.98,2496.95,454403356,13759431159982,2057132279189022.0,KOSPI
2025-02-03,2453.95,2,-63.42,-0.0252,2468.74,2468.74,2437.61,522848036,11649962821524,2005228762346524.8,KOSPI
2025-02-04,2481.69,1,27.74,0.0113,2481.44,2508.35,2471.63,479377343,11000937680837,2028588344752300.0,KOSPI
2025-02-05,2509.27,1,27.58,0.0111,2503.94,2514.71,2498.74,437344153,9949594557748,2056473640972619.2,KOSPI
2025-02-06,2536.75,1,27.48,0.011,2521.82,2536.75,2515.34,479697230,11863047995673,2078576667689643.2,KOSPI
2025-02-07,2521.92,2,-14.83,-0.0058,2532.09,2537.63,2519.01,419872051,10240140504999,2066649815662131.2,KOSPI
2025-02-10,2521.27,2,-0.65,-0.0003,2510.64,2527.33,2499.18,393563727,10582465784194,2067049975510715.2,KOSPI
2025-02-11,2539.05,1,17.78,0.0070999999999999,2532.87,2549.44,2527.74,451092989,11023156462010,2081311465922200.0,KOSPI
2025-02-12,2548.39,1,9.34,0.0037,2534.71,2549.58,2528.74,464894178,13668983788526,2088883959979358.0,KOSPI
2025-02-13,2583.17,1,34.78,0.0136,2558.95,2583.74,2555.98,680341736,17104156094956,2116865565381814.0,KOSPI
2025-02-14,2591.05,1,7.88,0.0031,2588.2,2600.57,2582.84,499364641,13917625961701,2123295637182044.0,KOSPI
2025-02-17,2610.42,1,19.37,0.0075,2595.99,2612.8,2592.57,366339998,11017333473620,2138576064568082.0,KOSPI
2025-02-18,2626.81,1,16.39,0.0063,2613.25,2628.47,2605.15,421993118,12618242477587,2152414939585228.8,KOSPI
2025-02-19,2671.52,1,44.71,0.017,2633.91,2680.7,2633.91,525798791,14851621874895,2190321476628339.2,KOSPI
2025-02-20,2654.06,2,-17.46,-0.0065,2661.72,2667.59,2645.53,529303324,14551190986281,2176898820918304.0,KOSPI
2025-02-21,2654.58,1,0.52,0.0002,2653.76,2656.04,2638.44,444704240,11381060470064,2176175331210928.0,KOSPI
2025-02-24,2645.27,2,-9.31,-0.0034999999999999,2636.12,2645.27,2626.88,536354114,10802085081805,2167788263381008.8,KOSPI
2025-02-25,2630.29,2,-14.98,-0.0056999999999999,2617.64,2641.49,2617.12,410284831,10508475591510,2155255658945223.2,KOSPI
2025-02-26,2641.09,1,10.8,0.0040999999999999,2629.86,2648.06,2620.16,386762622,11218719900855,2163540431082131.2,KOSPI
2025-02-27,2621.75,2,-19.34,-0.0073,2637.63,2638.47,2610.47,513909805,10802121046832,2147708334692199.2,KOSPI
2025-02-28,2532.78,2,-88.97,-0.0339,2585.61,2586.78,2531.24,588571521,15637224696362,2074378682303204.8,KOSPI
2025-03-04,2528.92,2,-3.86,-0.0015,2522.2,2548.78,2513.31,484081351,13115384134880,2071277908689396.8,KOSPI
2025-03-05,2558.13,1,29.21,0.0116,2548.45,2561.47,2535.18,569412248,13021641663686,2094580712219600.0,KOSPI
2025-03-06,2576.16,1,18.03,0.0069999999999999,2573.55,2583.65,2565.57,609615704,11319665264837,2105642393608408.8,KOSPI
2025-03-07,2563.48,2,-12.68,-0.0049,2553.44,2575.48,2541.49,567191412,12155164964202,2095892197484635.2,KOSPI
2025-03-10,2570.39,1,6.91,0.0027,2555.4,2579.76,2549.99,435694828,9881353741270,2101439969373815.2,KOSPI
2025-03-11,2537.6,2,-32.79,-0.0128,2516.69,2547.88,2505.91,399016248,10917540670799,2074862207732268.0,KOSPI
2025-03-12,2574.82,1,37.22,0.0147,2552.6,2579.69,2541.66,401644557,12284769101722,2105091420669291.2,KOSPI
2025-03-13,2573.64,2,-1.18,-0.0005,2598.06,2600.07,2561.02,427292042,13112911085717,2103969035866234.0,KOSPI
2025-03-14,2566.36,2,-7.28,-0.0028,2565.18,2576.74,2559.24,362329393,9941799575184,2100287748455670.0,KOSPI
2025-03-17,2610.69,1,44.33,0.0173,2588.32,2610.69,2587.52,396573940,11995073046698,2137307329817924.0,KOSPI
2025-03-18,2612.34,1,1.65,0.0006,2627.27,2638.56,2606.91,555526574,12034578631086,2138918441303968.8,KOSPI
2025-03-19,2628.62,1,16.28,0.0062,2613.48,2642.83,2613.48,653326938,11841495256564,2153080834445234.0,KOSPI
2025-03-20,2637.1,1,8.48,0.0032,2648.16,2650.72,2629.2,455019267,11989258245357,2160968151053248.0,KOSPI
2025-03-21,2643.13,1,6.03,0.0023,2633.9,2645.82,2617.78,497529180,14188127737060,2166240031337451.2,KOSPI
2025-03-24,2632.07,2,-11.06,-0.0042,2636.43,2648.82,2629.38,372431632,6924064394711,2156710253624274.0,KOSPI
2025-03-25,2615.81,2,-16.26,-0.0062,2653.04,2654.63,2612.74,439279423,8305059590006,2143539656810207.2,KOSPI
2025-03-26,2643.94,1,28.13,0.0108,2628.09,2649.15,2618.05,507916080,7655330119639,2166757904270967.2,KOSPI
2025-03-27,2607.15,2,-36.79,-0.0139,2620.28,2633.03,2603.41,403313562,7676249317680,2137689097655124.0,KOSPI
2025-03-28,2557.98,2,-49.17,-0.0189,2592.63,2592.63,2549.26,513561475,7150421589957,2097055968124136.0,KOSPI
2025-03-31,2481.12,2,-76.86,-0.03,2513.44,2514.22,2479.46,391592782,8236353358064,2033508107511968.0,KOSPI
2025-04-01,2521.39,1,40.27,0.0162,2511.24,2530.61,2494.43,453393641,6939450184454,2066091544186739.2,KOSPI
2025-04-02,2505.86,2,-15.53,-0.0062,2525.62,2532.15,2499.83,515599740,7316124788243,2053517297572435.2,KOSPI
2025-04-03,2486.7,2,-19.16,-0.0076,2437.43,2488.92,2437.43,480057159,8267470857840,2037334829405671.2,KOSPI
2025-04-04,2465.42,2,-21.28,-0.0086,2450.49,2506.71,2438.02,695074881,10742833732479,2019896586676231.2,KOSPI
2025-04-07,2328.2,2,-137.22,-0.0557,2359.25,2369.4,2327.01,619500714,10505492820465,1907591512851795.2,KOSPI
2025-04-08,2334.23,1,6.03,0.0026,2381.2,2381.31,2328.94,557018146,9122473931623,1912870141561464.8,KOSPI
2025-04-09,2293.7,2,-40.53,-0.0174,2329.99,2337.58,2284.72,699641582,9560332636518,1880172676575802.0,KOSPI
2025-04-10,2445.06,1,151.36,0.066,2395.13,2445.06,2391.39,670388052,11055426187398,2002786361478506.0,KOSPI
2025-04-11,2432.72,2,-12.34,-0.005,2400.74,2433.18,2394.25,369702818,7687103441531,1991847800076662.0,KOSPI
2025-04-14,2455.89,1,23.17,0.0095,2454.28,2465.56,2449.48,488618364,6687793560550,2011102252591424.0,KOSPI
2025-04-15,2477.41,1,21.52,0.0088,2464.51,2482.56,2461.23,560339502,6510808882534,2027996669924308.8,KOSPI
2025-04-16,2447.43,2,-29.98,-0.0121,2472.78,2475.83,2442.72,613173904,6725688052971,2004854313353399.2,KOSPI
2025-04-17,2470.41,1,22.98,0.0093999999999999,2451.7,2473.24,2447.4,601738661,6606299171146,2023188315630384.8,KOSPI
2025-04-18,2483.42,1,13.01,0.0053,2473.3,2486.37,2466.9,450985117,5649647492055,2033957406882575.2,KOSPI
2025-04-21,2488.42,1,5.0,0.002,2486.38,2498.84,2479.23,428977098,5239732779307,2038270654755274.0,KOSPI
2025-04-22,2486.64,2,-1.78,-0.0007,2481.18,2494.59,2476.14,416680149,6182470913439,2036867826267906.0,KOSPI
2025-04-23,2525.56,1,38.92,0.0157,2520.56,2526.72,2507.1,538116134,7764179609542,2068411537802202.0,KOSPI
2025-04-24,2522.33,2,-3.23,-0.0013,2525.34,2530.61,2507.21,327935351,7272322115520,2066148877318083.2,KOSPI
2025-04-25,2546.3,1,23.97,0.0095,2544.59,2553.33,2534.94,403527737,8760600168638,2085721220951884.8,KOSPI
2025-04-28,2548.86,1,2.56,0.001,2551.23,2558.69,2541.97,454102177,7803354897543,2087208356086974.0,KOSPI
2025-04-29,2565.42,1,16.56,0.0065,2550.25,2571.41,2542.25,547081468,9215174352275,2100881633409068.8,KOSPI
2025-04-30,2556.61,2,-8.81,-0.0034,2561.04,2570.83,2544.46,487488833,8435602446234,2094129065499498.0,KOSPI
2025-05-02,2559.79,1,3.18,0.0012,2556.52,2567.04,2540.57,585492284,8327449263431,2095822345518174.0,KOSPI
2025-05-07,2573.8,1,14.01,0.0055,2577.04,2581.85,2559.17,546755132,8935449197459,2106864657755092.8,KOSPI
2025-05-08,2579.48,1,5.68,0.0022,2581.27,2590.9,2575.78,471635814,10270131237563,2111359746379270.0,KOSPI
2025-05-09,2577.27,2,-2.21,-0.0009,2587.93,2589.58,2571.2,485550305,8034852607528,2110382907460644.0,KOSPI
2025-05-12,2607.33,1,30.06,0.0116999999999999,2593.94,2607.33,2585.6,409749435,8527539580051,2135960504101416.8,KOSPI
2025-05-13,2608.42,1,1.09,0.0004,2601.76,2620.64,2601.58,422459803,8746089121686,2139365845830776.0,KOSPI
2025-05-14,2640.57,1,32.15,0.0123,2625.36,2646.01,2619.15,390503815,8893191507759,2165384001366960.0,KOSPI
2025-05-15,2621.36,2,-19.21,-0.0073,2634.5,2643.83,2618.08,339578793,7254024641690,2150748687253872.8,KOSPI
2025-05-16,2626.87,1,5.51,0.0021,2630.64,2633.98,2619.1,359706542,8025031996677,2154435500387806.0,KOSPI
2025-05-19,2603.42,2,-23.45,-0.0089,2613.7,2619.43,2593.44,313296021,6752438008652,2134853767220355.2,KOSPI
2025-05-20,2601.8,2,-1.62,-0.0006,2622.68,2622.91,2598.1,456989355,7661430134210,2133507447170795.2,KOSPI
2025-05-21,2625.58,1,23.78,0.0091,2615.9,2633.41,2614.73,371527419,7441128800151,2151605513502848.0,KOSPI
2025-05-22,2593.67,2,-31.91,-0.0121999999999999,2614.66,2616.53,2588.09,358064259,8965468020130,2126011918881695.2,KOSPI
2025-05-23,2592.09,2,-1.58,-0.0006,2603.57,2604.14,2589.51,434024136,8659673623776,2124299597613703.2,KOSPI
2025-05-26,2644.4,1,52.31,0.0202,2598.45,2644.4,2595.96,380173138,8342809610327,2166285731881608.0,KOSPI
2025-05-27,2637.22,2,-7.18,-0.0027,2630.29,2642.63,2625.66,318285651,7908808324037,2160239944298804.0,KOSPI
2025-05-28,2670.15,1,32.93,0.0125,2648.86,2692.47,2643.5,405473857,11238813826664,2188074979266972.0,KOSPI
2025-05-29,2720.64,1,50.49,0.0189,2691.06,2720.64,2686.64,448340888,10895570257616,2229208577577636.0,KOSPI
2025-05-30,2697.67,2,-22.97,-0.0084,2713.24,2717.54,2689.87,525661026,14803606217765,2210646190920267.2,KOSPI
2025-06-02,2698.97,1,1.3,0.0005,2692.91,2719.87,2685.14,323603809,8062944006492,2211661469940351.2,KOSPI
2025-06-04,2770.84,1,71.87,0.0266,2737.92,2771.03,2734.02,489937474,12106350015702,2270569997770892.0,KOSPI
2025-06-05,2812.05,1,41.21,0.0149,2790.33,2831.11,2787.76,556013446,13293000248477,2302942060259452.0,KOSPI
2025-06-09,2855.77,1,43.72,0.0155,2841.56,2867.27,2841.39,537617180,14030330524110,2337790728639509.0,KOSPI
2025-06-10,2871.85,1,16.08,0.0056,2872.62,2885.67,2849.67,508184663,14289817957640,2350164580015300.0,KOSPI
2025-06-11,2907.04,1,35.19,0.0123,2887.32,2908.16,2879.92,393929540,12475002592550,2378921384948741.0,KOSPI
2025-06-12,2920.03,1,12.99,0.0045,2909.99,2934.31,2909.99,713705710,17344655814990,2389048717129180.0,KOSPI
2025-06-13,2894.62,2,-25.41,-0.0087,2930.57,2932.38,2877.07,931657602,17462763974297,2369323120142404.0,KOSPI
2025-06-16,2946.66,1,52.04,0.018,2903.5,2947.07,2886.13,726351750,14401114308029,2410638877644740.0,KOSPI
2025-06-17,2950.3,1,3.64,0.0012,2959.93,2998.62,2925.79,939594106,17915934818024,2414138075097102.0,KOSPI
2025-06-18,2972.19,1,21.89,0.0074,2933.63,2979.32,2933.63,576548034,14668323378767,2432540489952913.0,KOSPI
2025-06-19,2977.74,1,5.55,0.0019,2989.56,2996.04,2954.47,433310535,13786565754695,2436368787253298.0,KOSPI
2025-06-20,3021.84,1,44.1,0.0148,2986.52,3022.06,2972.37,484864681,17974844407806,2471814406598870.0,KOSPI
2025-06-23,3014.47,2,-7.37,-0.0024,2992.2,3019.81,2971.36,625650915,17879769854238,2465283335804106.0,KOSPI
2025-06-24,3103.64,1,89.17,0.0296,3061.14,3105.04,3061.14,579200567,19107339943731,2538235150827130.0,KOSPI
2025-06-25,3108.25,1,4.61,0.0015,3127.79,3129.09,3084.86,644761399,19662628183278,2543092930441839.0,KOSPI
2025-06-26,3079.56,2,-28.69,-0.0092,3108.34,3113.03,3036.55,460611798,17030574191361,2519593951599544.0,KOSPI
2025-06-27,3055.94,2,-23.62,-0.0077,3077.87,3093.56,3041.85,381633939,13970283384996,2500663765269373.0,KOSPI
2025-06-30,3071.7,1,15.76,0.0052,3072.75,3086.0,3063.42,464162919,13333814294163,2512091649124343.0,KOSPI
2025-07-01,3089.65,1,17.95,0.0058,3089.64,3133.52,3088.45,576016844,15184804010768,2527488234089640.0,KOSPI
2025-07-02,3075.06,2,-14.59,-0.0046999999999999,3083.82,3090.61,3032.47,696798456,14829869598196,2516192194451781.0,KOSPI
2025-07-03,3116.27,1,41.21,0.0134,3100.33,3116.27,3085.98,539120202,14883213548329,2551106276337041.0,KOSPI
2025-07-04,3054.28,2,-61.99,-0.0199,3122.28,3123.84,3052.91,520763440,13571164280163,2501091815119605.0,KOSPI
2025-07-07,3059.47,1,5.19,0.0017,3044.78,3068.43,3032.99,359404588,10204542570975,2504046206230287.0,KOSPI
2025-07-08,3114.95,1,55.48,0.0181,3071.74,3115.86,3066.03,745793067,13491404979089,2548966093022255.0,KOSPI
2025-07-09,3133.74,1,18.79,0.006,3123.22,3137.17,3111.02,642960883,12654909764711,2563422971103981.0,KOSPI
2025-07-10,3183.23,1,49.49,0.0158,3144.14,3183.23,3133.81,596571574,14124821031009,2603739245288003.0,KOSPI
2025-07-11,3175.77,2,-7.46,-0.0023,3186.35,3216.69,3170.46,465292057,13342066116082,2598982928438423.0,KOSPI
2025-07-14,3202.03,1,26.26,0.0083,3175.59,3202.06,3170.72,444035800,11565586285784,2620057063000663.0,KOSPI
2025-07-15,3215.28,1,13.25,0.0040999999999999,3194.82,3216.01,3183.83,419651712,12238772420133,2631087507465974.0,KOSPI
2025-07-16,3186.38,2,-28.9,-0.009,3207.48,3209.2,3178.42,531498719,11328776416006,2608342484105158.0,KOSPI
2025-07-17,3192.29,1,5.91,0.0019,3201.42,3201.42,3152.42,424787619,15365406027980,2613900035981381.0,KOSPI
2025-07-18,3188.07,2,-4.22,-0.0013,3200.44,3204.75,3169.69,393449261,11939229667870,2610008447251791.0,KOSPI
2025-07-21,3210.81,1,22.74,0.0070999999999999,3191.11,3211.14,3188.87,343910781,10662279408140,2632829588919004.0,KOSPI
2025-07-22,3169.94,2,-40.87,-0.0127,3210.12,3220.27,3155.25,378485911,11604659217066,2599056209995773.0,KOSPI
2025-07-23,3183.77,1,13.83,0.0044,3189.65,3199.86,3141.93,664826146,12201364684336,2610788646131533.0,KOSPI
2025-07-24,3190.45,1,6.68,0.0021,3209.43,3237.97,3183.05,425499879,12993187344837,2615776094044113.0,KOSPI
2025-07-25,3196.05,1,5.6,0.0018,3184.37,3205.82,3184.37,389290718,9822238040874,2621558325609622.0,KOSPI
2025-07-28,3209.52,1,13.47,0.0042,3228.61,3228.61,3180.18,502719579,13872945078805,2634028944917939.0,KOSPI
2025-07-29,3230.57,1,21.05,0.0066,3192.17,3232.31,3169.03,373203172,12769212511711,2651327886580283.0,KOSPI
2025-07-30,3254.47,1,23.9,0.0074,3233.31,3269.4,3227.28,338073688,12968500091756,2671786675912336.0,KOSPI
2025-07-31,3245.44,2,-9.03,-0.0028,3275.78,3288.26,3227.46,540323825,16455571940540,2662743380814128.0,KOSPI
2025-08-01,3119.41,2,-126.03,-0.0388,3210.32,3210.32,3117.92,507776245,15281248640166,2563576815036689.0,KOSPI
2025-08-04,3147.75,1,28.34,0.0091,3114.27,3157.45,3105.63,293453733,9724691307255,2587242951270715.0,KOSPI
2025-08-05,3198.0,1,50.25,0.016,3187.15,3212.31,3174.23,273439606,10950201163619,2627767157184861.0,KOSPI
2025-08-06,3198.14,1,0.14,0.0,3182.06,3200.15,3176.61,327358365,11128301636396,2627785497278353.0,KOSPI
2025-08-07,3227.68,1,29.54,0.0092,3214.81,3227.68,3200.28,327047544,11201368337831,2652059094215135.0,KOSPI
2025-08-08,3210.01,2,-17.67,-0.0055,3220.58,3227.28,3198.31,341443229,11401116948366,2640295716796715.0,KOSPI
2025-08-11,3206.77,2,-3.24,-0.001,3220.72,3223.23,3199.9,304968427,10338941285390,2637340169715307.0,KOSPI
2025-08-12,3189.91,2,-16.86,-0.0053,3209.75,3242.17,3189.58,373217178,10165450116361,2623723769032037.0,KOSPI
2025-08-13,3224.37,1,34.46,0.0108,3225.4,3226.37,3192.17,320069786,10352059537799,2652083637181810.0,KOSPI
2025-08-14,3225.66,1,1.29,0.0004,3226.52,3239.55,3210.83,441467896,10002172706811,2652623803641114.0,KOSPI
2025-08-18,3177.28,2,-48.38,-0.015,3202.63,3206.77,3177.28,326132755,8941932487220,2612867377572908.0,KOSPI
2025-08-19,3151.56,2,-25.72,-0.0081,3185.04,3185.48,3142.48,285290653,8624169781604,2592063275359109.0,KOSPI
2025-08-20,3130.09,2,-21.47,-0.0068,3121.52,3132.83,3079.27,335285191,11773562869622,2574971562273452.0,KOSPI
2025-08-21,3141.74,1,11.65,0.0037,3140.71,3166.54,3134.86,276915481,10893275255572,2584834308775292.0,KOSPI
2025-08-22,3168.73,1,26.99,0.0086,3165.41,3181.95,3159.45,236797098,8337524064582,2606520880531289.0,KOSPI
2025-08-25,3209.86,1,41.13,0.013,3195.14,3209.86,3180.12,220165003,8091673150742,2639930147123357.0,KOSPI
2025-08-26,3179.36,2,-30.5,-0.0095,3199.92,3199.92,3175.31,325353201,12954910480221,2614613563218803.0,KOSPI
2025-08-27,3187.16,1,7.8,0.0025,3185.87,3189.31,3165.77,281721035,8851872014319,2621003592123119.0,KOSPI
2025-08-28,3196.32,1,9.16,0.0029,3175.33,3211.34,3164.08,312188158,9875760133000,2627849618885572.0,KOSPI
2025-08-29,3186.01,2,-10.31,-0.0032,3208.8,3212.69,3184.48,245132452,8969307869056,2619011116578555.0,KOSPI
2025-09-01,3142.93,2,-43.08,-0.0135,3164.58,3177.4,3135.02,260138455,8003230744765,2583440143168908.0,KOSPI
2025-09-02,3172.35,1,29.42,0.0093999999999999,3155.73,3174.16,3151.93,310678131,8676467905841,2608214267274218.0,KOSPI
2025-09-03,3184.42,1,12.07,0.0038,3177.75,3187.48,3167.23,335816449,8811868562778,2618478732744148.0,KOSPI
2025-09-04,3200.83,1,16.41,0.0052,3188.84,3205.61,3185.49,286255881,7977947156742,2631602507638663.0,KOSPI
2025-09-05,3205.12,1,4.29,0.0013,3208.83,3214.64,3196.19,323844686,10942042116464,2636841421046516.0,KOSPI
2025-09-08,3219.59,1,14.47,0.0045,3209.81,3221.14,3206.34,372299882,8217818415298,2648880278485327.0,KOSPI
2025-09-09,3260.05,1,40.46,0.0126,3231.31,3260.05,3221.98,439945501,10628640888119,2682471396020302.0,KOSPI
2025-09-10,3314.53,1,54.48,0.0167,3272.2,3317.77,3272.07,564706848,13703544856383,2726778752216321.0,KOSPI
2025-09-11,3344.2,1,29.67,0.009,3336.6,3344.7,3311.86,435588829,14947009019240,2750487884332290.0,KOSPI
2025-09-12,3395.54,1,51.34,0.0154,3374.65,3395.54,3362.86,448857492,13932277217565,2792432470702270.0,KOSPI
2025-09-15,3407.31,1,11.77,0.0034999999999999,3407.78,3420.23,3391.33,378854245,12792738454649,2802795681701775.0,KOSPI
2025-09-16,3449.62,1,42.31,0.0124,3421.13,3452.5,3418.1,406214278,14058944540679,2838180010916733.0,KOSPI
2025-09-17,3413.4,2,-36.22,-0.0105,3433.83,3433.83,3406.75,326609906,11611597358894,2808274005979516.0,KOSPI
2025-09-18,3461.3,1,47.9,0.0139999999999999,3432.77,3461.3,3422.77,391177053,12409116590064,2848188126349412.0,KOSPI
2025-09-19,3445.24,2,-16.06,-0.0046,3461.23,3467.89,3434.61,348844702,15111282864331,2834490035669669.0,KOSPI
2025-09-22,3468.65,1,23.41,0.0068,3463.84,3482.25,3458.87,287867235,11996187013111,2855488314793656.0,KOSPI
2025-09-23,3486.19,1,17.54,0.0051,3489.46,3494.49,3467.83,358335419,12152383322121,2869842571401625.0,KOSPI
2025-09-24,3472.14,2,-14.05,-0.004,3492.03,3497.95,3442.41,287145415,11806998240931,2858429845707367.0,KOSPI
2025-09-25,3471.11,2,-1.03,-0.0003,3458.98,3479.42,3454.08,293074983,12640781197188,2857634253445223.0,KOSPI
2025-09-26,3386.05,2,-85.06,-0.0245,3440.39,3441.91,3365.73,399149806,12606212195076,2787520691990662.0,KOSPI
2025-09-29,3431.21,1,45.16,0.0133,3414.43,3439.12,3413.33,416480046,10008858561135,2824950733618843.0,KOSPI
2025-09-30,3424.6,2,-6.61,-0.0019,3436.0,3443.38,3421.89,526401520,11157443411281,2817769969229231.0,KOSPI
2025-10-01,3455.83,1,31.23,0.0091,3444.06,3459.74,3440.42,493641155,12344643388616,2845543746980053.0,KOSPI
2025-10-02,3549.21,1,93.38,0.027,3525.48,3565.96,3512.16,402107231,19456116765360,2922226398313787.0,KOSPI
2025-10-10,3610.6,1,61.39,0.0173,3598.11,3617.86,3569.44,407410846,19600845152565,2974646441764439.0,KOSPI
2025-10-13,3584.55,2,-26.05,-0.0072,3550.08,3584.55,3522.54,408033131,14270855613049,2952828804530513.0,KOSPI
2025-10-14,3561.81,2,-22.74,-0.0063,3604.12,3646.77,3535.52,734084905,18926398057017,2933878249069508.0,KOSPI
2025-10-15,3657.28,1,95.47,0.0268,3580.64,3659.91,3577.06,543606716,13879932193738,3011908107364069.0,KOSPI
2025-10-16,3748.37,1,91.09,0.0249,3675.82,3748.37,3675.82,495790790,17664818382797,3086315775634677.0,KOSPI
2025-10-17,3748.89,1,0.52,0.0001,3732.76,3794.87,3722.07,420769792,17268693077595,3086895728948205.0,KOSPI
2025-10-20,3814.69,1,65.8,0.0176,3775.4,3814.69,3728.38,410146751,14190573342156,3141020446206737.0,KOSPI
2025-10-21,3823.84,1,9.15,0.0024,3851.01,3893.06,3816.19,526854280,19373490542844,3150160277294047.0,KOSPI
2025-10-22,3883.68,1,59.84,0.0156,3827.23,3883.68,3794.52,597215988,15451168656133,3197177009086480.0,KOSPI
2025-10-23,3845.56,2,-38.12,-0.0098,3835.79,3902.21,3822.33,423588471,16255705645739,3164799754839550.0,KOSPI
2025-10-24,3941.59,1,96.03,0.025,3893.23,3951.07,3886.64,426896560,17800793870343,3242987677820676.0,KOSPI
2025-10-27,4042.83,1,101.24,0.0256999999999999,3999.79,4042.83,3999.79,516998547,20122806110920,3325893588152838.0,KOSPI
2025-10-28,4010.41,2,-32.42,-0.008,4010.47,4018.22,3972.56,408224732,19719872621077,3298578950794474.0,KOSPI
2025-10-29,4081.15,1,70.74,0.0176,4061.54,4084.09,4014.84,466898421,22033182304082,3357610183598751.0,KOSPI
2025-10-30,4086.89,1,5.74,0.0014,4105.95,4146.72,4070.79,566538268,24198286552685,3364689797640767.0,KOSPI
2025-10-31,4107.5,1,20.61,0.005,4083.25,4122.09,4059.74,408275232,22950424588062,3383447874399935.0,KOSPI
2025-11-03,4221.87,1,114.37,0.0278,4123.36,4221.92,4123.36,472676323,22728714597138,3477046106115597.0,KOSPI
2025-11-04,4121.74,2,-100.13,-0.0237,4219.24,4226.75,4117.91,423542560,20785686586392,3392104995408260.0,KOSPI
2025-11-05,4004.42,2,-117.32,-0.0285,4055.47,4055.47,3867.81,594162840,29186234065822,3294411883299844.0,KOSPI
2025-11-06,4026.45,1,22.03,0.0055,4092.46,4111.96,3985.29,423420832,21483948611420,3311622923440594.0,KOSPI
2025-11-07,3953.76,2,-72.69,-0.0181,3963.72,4037.61,3887.32,377049668,18794295713216,3252007791121429.0,KOSPI
2025-11-10,4073.24,1,119.48,0.0302,3991.87,4092.91,3984.24,339514007,16685675541574,3349850858814010.0,KOSPI
2025-11-11,4106.39,1,33.15,0.0081,4124.3,4187.46,4066.58,377553974,20118818678387,3378037314926242.0,KOSPI
2025-11-12,4150.39,1,44.0,0.0107,4097.44,4154.62,4088.86,334584453,15670659198860,3413518794879764.0,KOSPI
2025-11-13,4170.63,1,20.24,0.0049,4127.57,4188.54,4123.84,424188608,17517048400982,3430213936916230.0,KOSPI
2025-11-14,4011.57,2,-159.06,-0.0381,4061.91,4092.76,4011.4,399992380,17968602377429,3298648291977145.0,KOSPI
2025-11-17,4089.25,1,77.68,0.0194,4078.57,4089.88,4045.4,344096599,14352976610800,3363116830407584.0,KOSPI
2025-11-18,3953.62,2,-135.63,-0.0332,4044.47,4072.41,3953.26,319659628,14077477816697,3251067247971822.0,KOSPI
2025-11-19,3929.51,2,-24.11,-0.0060999999999999,3966.64,3966.64,3854.95,338241537,14586911018135,3230586001015168.0,KOSPI
2025-11-20,4004.85,1,75.34,0.0192,4030.97,4059.37,4001.31,360281733,15143579448126,3293299591248162.0,KOSPI
2025-11-21,3853.26,2,-151.59,-0.0379,3908.7,3911.55,3838.46,319324121,14166906140808,3168593846191949.0,KOSPI
2025-11-24,3846.06,2,-7.2,-0.0019,3915.16,3917.16,3838.2,373120108,21411253137675,3169272356467234.0,KOSPI
2025-11-25,3857.78,1,11.72,0.003,3942.36,3946.61,3833.35,279293988,13275808347538,3180590413000717.0,KOSPI
2025-11-26,3960.87,1,103.09,0.0266999999999999,3891.88,3960.87,3866.66,295326951,15777742925834,3265922270499562.0,KOSPI
2025-11-27,3986.91,1,26.04,0.0066,3989.45,4023.42,3968.43,257854943,13008961064052,3286294870613815.0,KOSPI
2025-11-28,3926.59,2,-60.32,-0.0151,3995.3,3995.3,3921.89,241922807,11927326021478,3235761043400269.0,KOSPI
2025-12-01,3920.37,2,-6.22,-0.0016,3967.92,3977.31,3892.08,296914679,11805572699555,3232050936063668.0,KOSPI
2025-12-02,3994.93,1,74.56,0.019,3939.09,3994.93,3935.14,319034908,12439175118986,3293510638975859.0,KOSPI
2025-12-03,4036.3,1,41.37,0.0104,4010.26,4052.83,3987.76,290896486,13375747628074,3326804886983061.0,KOSPI
2025-12-04,4028.51,2,-7.79,-0.0019,4018.91,4028.53,3982.54,352043273,13716192682125,3321694379554629.0,KOSPI
2025-12-05,4100.05,1,71.54,0.0178,4023.5,4100.05,4003.29,478512573,16308814953657,3380661222188895.0,KOSPI
2025-12-08,4154.85,1,54.8,0.0134,4109.25,4154.85,4081.26,395582936,15207838759256,3424712364436096.0,KOSPI
2025-12-09,4143.55,2,-11.3,-0.0027,4129.77,4152.18,4121.21,400643400,13328759163343,3415203834522782.0,KOSPI
2025-12-10,4135.0,2,-8.55,-0.0021,4159.05,4172.64,4123.6,317901549,12625782614479,3408198244933671.0,KOSPI
2025-12-11,4110.62,2,-24.38,-0.0059,4163.32,4170.77,4103.2,539843372,20308402514420,3389085400995160.0,KOSPI
2025-12-12,4167.16,1,56.54,0.0138,4123.83,4168.17,4120.73,426616335,16545774986825,3435670897662502.0,KOSPI
2025-12-15,4090.59,2,-76.57,-0.0184,4053.74,4123.19,4052.65,346844575,15438300438426,3373508123630625.0,KOSPI
2025-12-16,3999.13,2,-91.46,-0.0224,4093.32,4099.01,3996.23,373989521,16525587865207,3298788270153600.0,KOSPI
2025-12-17,4056.41,1,57.28,0.0143,4019.43,4060.24,3994.65,360955505,12968279650414,3348121946855785.0,KOSPI
2025-12-18,3994.51,2,-61.9,-0.0153,3989.6,4030.65,3975.5,581445413,13077588489472,3297132526737519.0,KOSPI
2025-12-19,4020.55,1,26.04,0.0065,4055.78,4055.78,3997.05,442664473,16470368044849,3318795642740196.0,KOSPI
2025-12-22,4105.93,1,85.38,0.0212,4096.26,4105.93,4083.13,315627058,13013701888375,3389012795126445.0,KOSPI
2025-12-23,4117.32,1,11.39,0.0028,4127.4,4140.84,4110.25,385848331,13460733860454,3398648765464528.0,KOSPI
2025-12-24,4108.62,2,-8.7,-0.0021,4136.24,4137.2,4106.62,363613812,12114977293960,3391545827207752.0,KOSPI
2025-12-26,4129.68,1,21.06,0.0051,4130.37,4143.14,4116.53,510161651,16273592100742,3409552385683355.0,KOSPI
2025-12-29,4220.56,1,90.88,0.022,4146.48,4220.56,4146.48,502393980,14535157883542,3483297659265304.0,KOSPI
2025-12-30,4214.17,2,-6.39,-0.0015,4193.75,4226.36,4186.95,408198125,13213491562311,3477839534742714.0,KOSPI
2026-01-02,4309.63,1,95.46,0.0227,4224.53,4313.55,4216.68,406339246,17521809108064,3558736495078057.0,KOSPI
2026-01-05,4457.52,1,147.89,0.0343,4385.92,4457.52,4381.93,513869696,22783803354664,3683501014645836.0,KOSPI
2026-01-06,4525.48,1,67.96,0.0152,4446.08,4525.48,4395.0,498391270,25518237182834,3738188652369778.0,KOSPI
2026-01-07,4551.06,1,25.58,0.0056999999999999,4566.34,4611.72,4488.2,553653981,29139900200735,3759722548753830.0,KOSPI
2026-01-08,4552.37,1,1.31,0.0003,4531.46,4622.32,4527.5,440086040,27476981855641,3759062721637169.0,KOSPI
2026-01-09,4586.32,1,33.95,0.0075,4530.03,4590.03,4500.48,399219985,23478838394919,3790229810382982.0,KOSPI
2026-01-12,4624.79,1,38.47,0.0084,4639.89,4652.54,4567.55,394752880,23073767861614,3822227585757325.0,KOSPI
2026-01-13,4692.64,1,67.85,0.0147,4662.44,4693.07,4641.58,429151090,25240608214513,3877443681591208.0,KOSPI
2026-01-14,4723.1,1,30.46,0.0065,4685.11,4723.1,4669.32,550416487,24217478031620,3903166781496608.0,KOSPI
2026-01-15,4797.55,1,74.45,0.0158,4710.28,4797.55,4705.44,545175207,23826144317448,3966237189276504.0,KOSPI
2026-01-16,4840.74,1,43.19,0.009,4820.66,4855.61,4797.75,720905827,26948188036284,4004879773934139.0,KOSPI
2026-01-19,4904.66,1,63.92,0.0132,4829.4,4917.37,4827.95,570841030,25214738198401,4056832202296880.0,KOSPI
2026-01-20,4885.75,2,-18.91,-0.0039,4900.28,4935.48,4823.88,667709207,27148846770961,4038612917321370.0,KOSPI
2026-01-21,4909.93,1,24.18,0.0049,4808.94,4910.54,4807.13,600101467,30093031855585,4061917379318616.0,KOSPI
2026-01-22,4952.53,1,42.6,0.0087,4987.06,5019.54,4934.17,568624077,32919611108208,4095874148435200.0,KOSPI
2026-01-23,4990.07,1,37.54,0.0076,4984.08,5021.13,4926.22,612601752,30017138130375,4125555096685080.0,KOSPI
2026-01-26,4949.59,2,-40.48,-0.0081,4997.54,5023.76,4940.78,446903055,22842956876465,4093032390767832.0,KOSPI
2026-01-27,5084.85,1,135.26,0.0273,4932.89,5084.85,4890.72,476155582,28496381114727,4203734778009835.0,KOSPI
2026-01-28,5170.81,1,85.96,0.0169,5145.39,5183.44,5124.8,593108778,30856467311072,4276044578125425.0,KOSPI
2026-01-29,5221.25,1,50.44,0.0098,5243.42,5252.61,5073.12,699659390,35870200939592,4315677778298127.0,KOSPI
2026-01-30,5224.36,1,3.11,0.0006,5210.35,5321.68,5199.78,862540604,35493399111211,4318647135951042.0,KOSPI
2026-02-02,4949.67,2,-274.69,-0.0526,5122.62,5196.71,4933.58,572544402,32090618217805,4091111654386489.0,KOSPI
2026-02-03,5288.08,1,338.41,0.0684,5114.81,5288.08,5101.31,672610151,30015961619294,4372100336340858.0,KOSPI
2026-02-04,5371.1,1,83.02,0.0157,5260.71,5376.92,5243.11,789920328,30433498214654,4438841137256351.0,KOSPI
2026-02-05,5163.57,2,-207.53,-0.0385999999999999,5251.03,5304.4,5142.2,911910087,32385641184187,4264766371309451.0,KOSPI
2026-02-06,5089.14,2,-74.43,-0.0144,5013.15,5120.77,4899.3,745763942,29912342148788,4203477721125180.0,KOSPI
2026-02-09,5298.04,1,208.9,0.0409999999999999,5299.1,5322.35,5265.08,617657784,26454138847440,4374057800206435.0,KOSPI
2026-02-10,5301.69,1,3.65,0.0007,5350.21,5363.62,5286.67,712267871,23275929869547,4376615585478883.0,KOSPI
2026-02-11,5354.49,1,52.8,0.01,5293.75,5374.23,5257.53,753767377,25625896916781,4421255293234541.0,KOSPI
2026-02-12,5522.27,1,167.78,0.0313,5425.39,5522.27,5399.52,750614562,32322625268341,4560825989035452.0,KOSPI
2026-02-13,5507.01,2,-15.26,-0.0028,5513.71,5583.74,5480.92,1290658558,30820998931626,4553532159039352.0,KOSPI
2026-02-19,5677.25,1,170.24,0.0308999999999999,5642.09,5681.65,5614.97,1185838197,28945961371804,4696588119553641.0,KOSPI
2026-02-20,5808.53,1,131.28,0.0231,5696.89,5809.91,5684.58,1749302679,33119679281825,4803601345750885.0,KOSPI
2026-02-23,5846.09,1,37.56,0.0065,5903.11,5931.86,5792.57,1477788942,32044129428372,4820058734017212.0,KOSPI
2026-02-24,5969.64,1,123.55,0.0210999999999999,5853.48,5969.64,5775.61,1602004836,31372730942186,4922736641351075.0,KOSPI
2026-02-25,6083.86,1,114.22,0.0191,6022.7,6144.71,5984.28,1415254864,35284562768622,5016888866747315.0,KOSPI
2026-02-26,6307.27,1,223.41,0.0366999999999999,6121.03,6313.27,6107.41,1409623229,38930015318333,5199961588788373.0,KOSPI
2026-02-27,6244.13,2,-63.14,-0.01,6197.49,6347.41,6153.87,1166057975,54939339254580,5146373107791624.0,KOSPI
2026-03-03,5791.91,2,-452.22,-0.0724,6165.15,6180.45,5791.65,1227193147,52800572976931,4769433446422237.0,KOSPI
2026-03-04,5093.54,2,-698.37,-0.1206,5592.59,5672.12,5059.45,1637605952,62882735183204,4194946818672921.0,KOSPI
2026-03-05,5583.9,1,490.36,0.0963,5250.92,5715.3,5248.13,1660710447,45308989750851,4604357689057424.0,KOSPI
2026-03-06,5584.87,1,0.97,0.0002,5491.02,5609.98,5381.27,1223019737,31402462335366,4605057307856441.0,KOSPI
2026-03-09,5251.87,2,-333.0,-0.0596,5265.37,5327.42,5096.16,1026237730,33163873061508,4331264221607092.0,KOSPI
2026-03-10,5532.59,1,280.72,0.0535,5523.21,5595.88,5427.88,923209866,28713302920559,4567316826262150.0,KOSPI
2026-03-11,5609.95,1,77.36,0.0139999999999999,5658.72,5746.36,5559.69,1050946314,26619233612152,4633384475718061.0,KOSPI
2026-03-12,5583.25,2,-26.7,-0.0048,5567.65,5629.07,5527.47,801306208,23698184161863,4608099993232712.0,KOSPI
2026-03-13,5487.24,2,-96.01,-0.0172,5412.39,5537.59,5392.52,907655536,23719675922031,4530330570592410.0,KOSPI
2026-03-16,5549.85,1,62.61,0.0113999999999999,5510.82,5561.42,5448.75,1073859802,21760269884108,4583556928432968.0,KOSPI
2026-03-17,5640.48,1,90.63,0.0163,5711.8,5717.13,5632.86,1135071024,22303803944214,4657727421660004.0,KOSPI
2026-03-18,5925.03,1,284.55,0.0504,5767.1,5934.35,5766.14,1143771673,26851759232736,4892835711927923.0,KOSPI
2026-03-19,5763.22,2,-161.81,-0.0273,5761.4,5863.39,5738.95,1184170077,22994678385098,4757685123364079.0,KOSPI
2026-03-20,5781.2,1,17.98,0.0031,5813.35,5833.68,5764.64,1490805229,34025853798776,4768189155100582.0,KOSPI
2026-03-23,5405.75,2,-375.45,-0.0649,5580.15,5580.15,5397.94,1125619649,27243225200168,4459320431723521.0,KOSPI
2026-03-24,5553.92,1,148.17,0.0274,5638.2,5643.0,5395.17,1170517963,24932387802374,4580524886581023.0,KOSPI
2026-03-25,5642.21,1,88.29,0.0159,5680.33,5740.97,5630.07,763223598,24642071803976,4651600138064310.0,KOSPI
2026-03-26,5460.46,2,-181.75,-0.0322,5594.06,5598.37,5448.12,925092573,25615327461870,4499612828479672.0,KOSPI
2026-03-27,5438.87,2,-21.59,-0.004,5300.61,5462.51,5220.1,900080937,23659342023182,4482729458029578.0,KOSPI
2026-03-30,5277.3,2,-161.57,-0.0297,5181.8,5297.35,5151.22,727391077,20827490324014,4347926048851371.0,KOSPI
2026-03-31,5052.46,2,-224.84,-0.0426,5143.75,5233.99,5042.99,1163312408,29837663141391,4159085895028021.0,KOSPI
2026-04-01,5478.7,1,426.24,0.0843999999999999,5330.04,5512.33,5272.45,958953275,28902428321499,4512166156057644.0,KOSPI
2026-04-02,5234.05,2,-244.65,-0.0447,5551.69,5574.62,5170.27,1428159621,33290077738020,4308380470893253.0,KOSPI
2026-04-03,5377.3,1,143.25,0.0274,5375.5,5419.45,5316.42,1185178392,22234606978211,4427756587456585.0,KOSPI
2026-04-06,5450.33,1,73.03,0.0136,5423.35,5505.61,5404.91,1110507448,21761181854619,4489659930916441.0,KOSPI
2026-04-07,5494.78,1,44.45,0.0081999999999999,5552.19,5594.9,5424.46,990449091,23719394259706,4526464918181477.0,KOSPI
2026-04-08,5872.34,1,377.56,0.0687,5804.7,5919.6,5774.0,932610471,36306960525424,4836941534208473.0,KOSPI
2026-04-09,5778.01,2,-94.33,-0.0161,5826.45,5862.41,5757.49,1026732958,33473404312827,4759726731566801.0,KOSPI
2026-04-10,5858.87,1,80.86,0.0139999999999999,5876.12,5918.59,5850.83,1002353584,23746054636099,4825746498368875.0,KOSPI
2026-04-13,5808.62,2,-50.25,-0.0086,5737.28,5827.73,5730.23,1083211365,21456576328531,4781539435053419.0,KOSPI
2026-04-14,5967.75,1,159.13,0.0274,5960.0,6026.52,5938.33,889490621,27128583999285,4894528506626196.0,KOSPI
2026-04-15,6091.39,1,123.64,0.0207,6141.6,6183.21,6064.23,923846153,31615609364413,4995512345144474.0,KOSPI
2026-04-16,6226.05,1,134.66,0.0220999999999999,6149.49,6231.03,6126.06,925694636,27046822836317,5106020840373396.0,KOSPI
2026-04-17,6191.92,2,-34.13,-0.0055,6227.33,6230.32,6159.88,689739734,24619562398516,5076379137907436.0,KOSPI
2026-04-20,6219.09,1,27.17,0.0044,6213.92,6278.36,6176.75,692878455,23576476166973,5097490312334976.0,KOSPI
2026-04-21,6388.47,1,169.38,0.0272,6302.54,6388.47,6302.54,792021737,31105972365121,5236207009794765.0,KOSPI
2026-04-22,6417.93,1,29.46,0.0046,6387.57,6423.29,6318.51,900140335,31029074886506,5260014101328972.0,KOSPI
2026-04-23,6475.81,1,57.88,0.009,6488.83,6557.76,6309.1,1042392099,40604234649000,5308398010558094.0,KOSPI
2026-04-24,6475.63,2,-0.18,0.0,6496.1,6516.54,6403.74,878200671,30202932730976,5305337787341562.0,KOSPI
2026-04-27,6615.03,1,139.4,0.0215,6533.6,6657.22,6529.19,842664190,33410304671355,5421554158979603.0,KOSPI
2026-04-28,6641.02,1,25.99,0.0039,6646.8,6712.73,6621.73,1139472198,37622678897537,5443059491427780.0,KOSPI
2026-04-29,6690.9,1,49.88,0.0075,6619.0,6702.38,6596.03,717859460,31453311079064,5485580895085869.0,KOSPI
2026-04-30,6598.87,2,-92.03,-0.0138,6739.39,6750.27,6597.83,685459295,35808593571542,5407467825453161.0,KOSPI
2018-07-02,789.82,2,-28.4,-0.0347,818.75,819.94,789.8,676879051,3505889219938,258711689605477.0,KOSDAQ
2018-07-03,795.71,1,5.89,0.0075,797.63,801.91,779.41,718921722,3805231326422,260816855232981.0,KOSDAQ
2018-07-04,799.1,1,3.39,0.0043,795.06,802.92,792.44,704498397,3126708519867,261938843340586.0,KOSDAQ
2018-07-05,794.05,2,-5.05,-0.0063,799.77,800.93,782.23,651532031,3148655457989,260274887662365.0,KOSDAQ
2018-07-06,808.89,1,14.84,0.0187,795.23,809.96,785.22,710884727,3504711510468,265216175503581.0,KOSDAQ
2018-07-09,808.28,2,-0.61,-0.0008,806.85,813.1,803.25,521808363,2926289351149,265481193415351.0,KOSDAQ
2018-07-10,813.19,1,4.91,0.0060999999999999,814.56,815.9,811.46,533664970,2984844132246,267447468354542.0,KOSDAQ
2018-07-11,804.78,2,-8.41,-0.0103,810.18,811.56,803.88,532740201,3123959429280,264688881104401.0,KOSDAQ
2018-07-12,819.29,1,14.51,0.018,809.86,819.98,806.16,526496368,3339823551188,269543641484846.0,KOSDAQ
2018-07-13,827.89,1,8.6,0.0105,820.59,827.89,820.43,580528710,3192014391444,272433866623881.0,KOSDAQ
2018-07-16,825.71,2,-2.18,-0.0026,830.91,831.41,822.91,587342596,3009922686541,271901153945959.0,KOSDAQ
2018-07-17,819.72,2,-5.99,-0.0073,826.67,827.31,818.55,666457378,3427266124500,269912496047711.0,KOSDAQ
2018-07-18,810.44,2,-9.28,-0.0113,823.8,826.36,804.47,819764566,4302130889963,267922832327923.0,KOSDAQ
2018-07-19,796.49,2,-13.95,-0.0172,811.42,811.97,794.14,769174756,4142381974902,263391607781150.0,KOSDAQ
2018-07-20,791.61,2,-4.88,-0.0060999999999999,796.27,801.02,785.39,674706704,3526744320703,261793667866090.0,KOSDAQ
2018-07-23,756.96,2,-34.65,-0.0438,792.9,792.99,756.95,595300396,3641756230021,250374411818111.0,KOSDAQ
2018-07-24,761.57,1,4.61,0.0060999999999999,760.57,767.71,756.63,544441149,3370948905201,251891915326982.0,KOSDAQ
2018-07-25,748.89,2,-12.68,-0.0166,764.66,766.0,744.11,684209687,4525671493030,247442726672893.0,KOSDAQ
2018-07-26,765.15,1,16.26,0.0217,755.07,765.16,750.86,536438473,3512817055935,252909366023762.0,KOSDAQ
2018-07-27,773.98,1,8.83,0.0115,766.03,773.98,763.44,544487188,3218895032781,256136379253836.0,KOSDAQ
2018-07-30,769.8,2,-4.18,-0.0054,773.0,774.82,763.6,539661088,2969389646421,254752172557079.0,KOSDAQ
2018-07-31,775.52,1,5.72,0.0074,768.75,775.52,766.52,614997429,3462874002016,256779938718787.0,KOSDAQ
2018-08-01,790.25,1,14.73,0.019,779.0,790.38,778.55,574480489,3492273973580,261731395387269.0,KOSDAQ
2018-08-02,781.38,2,-8.87,-0.0112,788.77,788.88,776.38,546863363,3288313613652,258876237528439.0,KOSDAQ
2018-08-03,788.81,1,7.43,0.0095,786.1,788.82,784.33,539008143,2897141537453,261312194971196.0,KOSDAQ
2018-08-06,781.41,2,-7.4,-0.0093999999999999,789.26,790.82,780.97,514899864,2960288335318,259047561477913.0,KOSDAQ
2018-08-07,784.7,1,3.29,0.0042,783.45,784.88,775.5,526423100,3123384010790,260328467740551.0,KOSDAQ
2018-08-08,783.81,2,-0.89,-0.0011,787.21,789.76,781.27,660080140,3642343367614,259957407337473.0,KOSDAQ
2018-08-09,789.48,1,5.67,0.0072,783.43,789.68,780.95,601966834,3641778524984,261885978791975.0,KOSDAQ
2018-08-10,784.81,2,-4.67,-0.0059,789.71,792.44,781.34,620212742,3991177571168,260686513616504.0,KOSDAQ
2018-08-13,755.65,2,-29.16,-0.0372,780.69,780.69,755.58,619263602,3926053761221,251068682448489.0,KOSDAQ
2018-08-14,761.94,1,6.29,0.0083,758.33,766.26,756.01,538306146,3289211960903,253313267425745.0,KOSDAQ
2018-08-16,761.18,2,-0.76,-0.001,752.04,761.57,743.68,572841814,3739891369483,252978158375192.0,KOSDAQ
2018-08-17,772.3,1,11.12,0.0146,766.29,773.37,765.03,587546970,3479090774405,256839304580748.0,KOSDAQ
2018-08-20,769.78,2,-2.52,-0.0033,775.81,778.26,769.21,483971777,3230786511826,256254327895518.0,KOSDAQ
2018-08-21,787.15,1,17.37,0.0226,773.12,788.92,772.59,516586639,3466657096138,262063860659253.0,KOSDAQ
2018-08-22,785.95,2,-1.2,-0.0015,790.88,792.7,785.83,595001010,3432853196127,261700538792222.0,KOSDAQ
2018-08-23,791.28,1,5.33,0.0068,788.9,792.03,782.94,595238583,3351205316644,263677590456887.0,KOSDAQ
2018-08-24,798.23,1,6.95,0.0088,790.76,799.33,787.13,567855342,3572650951150,266054546513505.0,KOSDAQ
2018-08-27,801.04,1,2.81,0.0034999999999999,799.29,801.58,796.11,633860075,3884365494304,267219678291664.0,KOSDAQ
2018-08-28,798.17,2,-2.87,-0.0036,806.59,806.89,797.84,673695557,4031527904973,266352263808331.0,KOSDAQ
2018-08-29,803.18,1,5.01,0.0063,800.51,803.34,798.43,654444102,3554887723262,267990026393223.0,KOSDAQ
2018-08-30,804.47,1,1.29,0.0016,805.22,807.91,801.19,752106209,3709300648106,268611313095481.0,KOSDAQ
2018-08-31,816.97,1,12.5,0.0155,803.18,817.83,801.69,727392699,4109756161310,272940321623143.0,KOSDAQ
2018-09-03,816.84,2,-0.13,-0.0002,817.93,820.35,812.85,583650309,3918302447952,272917611840258.0,KOSDAQ
2018-09-04,827.27,1,10.43,0.0128,819.34,828.01,818.26,644221484,4275530458001,276384306175530.0,KOSDAQ
2018-09-05,820.0,2,-7.27,-0.0088,827.72,829.66,819.45,663690325,4349710681724,273883812960422.0,KOSDAQ
2018-09-06,815.18,2,-4.82,-0.0059,821.5,822.1,813.91,709791183,4545280825507,272407429201550.0,KOSDAQ
2018-09-07,818.86,1,3.68,0.0045,816.09,820.22,810.28,699516837,4536320400673,273534916750611.0,KOSDAQ
2018-09-10,816.16,2,-2.7,-0.0033,819.7,820.13,814.87,618278673,3922651952386,272533563410097.0,KOSDAQ
2018-09-11,820.23,1,4.07,0.005,816.21,821.29,815.82,688245471,4022844254451,274074079176991.0,KOSDAQ
2018-09-12,826.33,1,6.1,0.0074,824.52,827.75,820.34,639687491,5508599438041,276204491458732.0,KOSDAQ
2018-09-13,830.95,1,4.62,0.0056,828.54,830.95,825.1,552197766,4499267498988,277947585319826.0,KOSDAQ
2018-09-14,834.91,1,3.96,0.0048,833.84,836.36,831.17,603310027,5167283528703,279317641383401.0,KOSDAQ
2018-09-17,828.88,2,-6.03,-0.0072,837.93,837.97,826.16,587176284,4627530248489,277351012949646.0,KOSDAQ
2018-09-18,831.85,1,2.97,0.0036,826.44,833.66,824.87,704540424,5192696245170,276051927353647.0,KOSDAQ
2018-09-19,826.91,2,-4.94,-0.0059,833.0,834.15,824.46,788461469,6360568595936,274432043344296.0,KOSDAQ
2018-09-20,821.13,2,-5.78,-0.0069999999999999,829.2,832.51,819.3,686613089,6691515372823,272491011112509.0,KOSDAQ
2018-09-21,827.84,1,6.71,0.0081999999999999,825.16,827.92,821.36,532199942,4244709825328,274958905292278.0,KOSDAQ
2018-09-27,833.01,1,5.17,0.0062,828.09,834.29,827.88,551570335,3992029047663,276709737564135.0,KOSDAQ
2018-09-28,822.27,2,-10.74,-0.0129,832.37,833.14,819.9,704225581,4184390100154,273283124656181.0,KOSDAQ
2018-10-01,816.53,2,-5.74,-0.0069999999999999,824.86,825.53,813.48,571063155,3619620635172,271668920563327.0,KOSDAQ
2018-10-02,794.99,2,-21.54,-0.0264,817.39,818.46,794.99,587846630,3973314294873,264484947848439.0,KOSDAQ
2018-10-04,789.0,2,-5.99,-0.0075,800.03,801.46,785.14,528695877,3716734884375,262857464475025.0,KOSDAQ
2018-10-05,773.7,2,-15.3,-0.0194,784.94,791.32,769.29,573663099,3680850862085,257708002634756.0,KOSDAQ
2018-10-08,767.15,2,-6.55,-0.0085,772.36,784.47,767.08,516022536,3001838448983,255583943734479.0,KOSDAQ
2018-10-10,747.5,2,-19.65,-0.0256,768.31,770.85,746.63,669594222,3772109714063,249033708969613.0,KOSDAQ
2018-10-11,707.38,2,-40.12,-0.0537,720.22,733.04,707.31,699184831,4318476517061,235602529494587.0,KOSDAQ
2018-10-12,731.5,1,24.12,0.0341,704.72,731.5,704.72,557284456,3792517199172,243729490107583.0,KOSDAQ
2018-10-15,718.87,2,-12.63,-0.0173,732.98,733.9,717.72,496932092,3423222422824,239803745335333.0,KOSDAQ
2018-10-16,731.5,1,12.63,0.0176,724.3,734.12,724.3,472808145,2903469637056,244107600362184.0,KOSDAQ
2018-10-17,739.15,1,7.65,0.0105,744.21,746.14,732.61,536539291,3441848979443,246645296674458.0,KOSDAQ
2018-10-18,731.34,2,-7.81,-0.0106,741.21,742.24,730.08,482969617,2829537430755,244234781151314.0,KOSDAQ
2018-10-19,740.48,1,9.14,0.0125,725.29,740.54,718.48,440055700,3089661949957,247315788068331.0,KOSDAQ
2018-10-22,744.15,1,3.67,0.005,736.74,744.15,733.11,421570139,2491781835599,248675230760827.0,KOSDAQ
2018-10-23,719.0,2,-25.15,-0.0338,740.35,742.45,716.85,487839856,3154876659133,240261632450191.0,KOSDAQ
2018-10-24,699.3,2,-19.7,-0.0274,727.07,729.89,697.13,513842585,3632296376924,233616837595389.0,KOSDAQ
2018-10-25,686.84,2,-12.46,-0.0178,678.49,693.07,672.17,553155175,3618319329853,229296402534139.0,KOSDAQ
2018-10-26,663.07,2,-23.77,-0.0346,694.37,694.37,658.11,582817774,3581572531432,221754331529662.0,KOSDAQ
2018-10-29,629.7,2,-33.37,-0.0503,663.95,674.77,629.7,657089560,3899579842563,210461598792191.0,KOSDAQ
2018-10-30,644.14,1,14.44,0.0229,623.33,644.65,617.0,798837464,3996019127875,215282558501292.0,KOSDAQ
2018-10-31,648.67,1,4.53,0.0069999999999999,648.72,650.38,638.38,619017750,2789811796286,216610549871934.0,KOSDAQ
2018-11-01,657.46,1,8.79,0.0136,655.11,668.73,654.66,582655723,3481590252188,219969011322799.0,KOSDAQ
2018-11-02,690.65,1,33.19,0.0504999999999999,666.59,690.65,666.59,564217746,3581843359917,228151626412950.0,KOSDAQ
2018-11-05,691.94,1,1.29,0.0019,686.76,693.29,680.11,442503416,2904270959046,228699530285194.0,KOSDAQ
2018-11-06,691.55,2,-0.39,-0.0006,695.32,695.65,683.31,512018985,3016737507734,228714727297681.0,KOSDAQ
2018-11-07,682.37,2,-9.18,-0.0133,693.56,700.25,677.5,599590009,3820519509094,225696121485102.0,KOSDAQ
2018-11-08,693.67,1,11.3,0.0166,695.05,697.25,691.39,747371996,3358583711444,229337746248212.0,KOSDAQ
2018-11-09,687.29,2,-6.38,-0.0092,694.18,695.11,680.68,791776609,3219009264656,227355451815978.0,KOSDAQ
2018-11-12,670.82,2,-16.47,-0.024,677.96,682.52,670.13,574240069,2967793183621,221787657453778.0,KOSDAQ
2018-11-13,670.85,1,0.03,0.0,658.52,671.93,651.19,542147688,3036524874595,221928492865130.0,KOSDAQ
2018-11-14,671.56,1,0.71,0.0011,670.25,680.29,665.78,459371960,3024043900031,222360383996961.0,KOSDAQ
2018-11-15,681.38,1,9.82,0.0146,672.32,681.38,666.63,667932090,2903394326353,225865873975925.0,KOSDAQ
2018-11-16,690.18,1,8.8,0.0129,685.05,692.6,682.87,659141811,3031283088053,229002079768892.0,KOSDAQ
2018-11-19,702.13,1,11.95,0.0173,693.25,702.26,692.2,489402549,3312345095116,233419912312611.0,KOSDAQ
2018-11-20,690.81,2,-11.32,-0.0161,691.53,697.98,689.54,486692798,3288354893877,229680998622463.0,KOSDAQ
2018-11-21,695.72,1,4.91,0.0070999999999999,681.66,695.72,676.67,573867867,3394007896991,231848525861418.0,KOSDAQ
2018-11-22,692.39,2,-3.33,-0.0048,697.84,700.41,690.06,513214600,3020832991167,230887230587742.0,KOSDAQ
2018-11-23,683.06,2,-9.33,-0.0135,694.24,695.75,682.21,578900277,2986754708574,227802294833461.0,KOSDAQ
2018-11-26,695.36,1,12.3,0.018,685.1,697.57,685.06,470518186,2664505049470,231910663957195.0,KOSDAQ
2018-11-27,700.67,1,5.31,0.0076,698.96,702.13,693.18,521351708,2734460187217,234015590812190.0,KOSDAQ
2018-11-28,700.12,2,-0.55,-0.0008,702.99,703.24,698.74,658486858,3002075718277,233903944153814.0,KOSDAQ
2018-11-29,695.48,2,-4.64,-0.0066,709.69,710.45,694.71,667660376,3280449132345,232763354904228.0,KOSDAQ
2018-11-30,695.76,1,0.28,0.0004,696.99,700.51,692.8,537912083,2869072828899,233039252202824.0,KOSDAQ
2018-12-03,709.46,1,13.7,0.0197,704.38,709.65,702.65,549159722,3055096990811,237940070226674.0,KOSDAQ
2018-12-04,708.63,2,-0.83,-0.0012,709.46,711.77,704.3,656060919,2990364695417,237673253967067.0,KOSDAQ
2018-12-05,701.12,2,-7.51,-0.0106,695.14,702.69,694.88,639456960,2996231641527,235222582574375.0,KOSDAQ
2018-12-06,678.38,2,-22.74,-0.0324,699.15,699.54,677.09,637155175,3066759459291,227584350481934.0,KOSDAQ
2018-12-07,685.33,1,6.95,0.0102,685.48,687.81,679.28,600793565,2968604114517,229981711040784.0,KOSDAQ
2018-12-10,670.39,2,-14.94,-0.0218,675.53,680.19,667.25,495079044,2643646153096,224946562819319.0,KOSDAQ
2018-12-11,661.01,2,-9.38,-0.0139999999999999,673.23,673.61,661.01,566811528,3336836216121,221862468009549.0,KOSDAQ
2018-12-12,676.48,1,15.47,0.0233999999999999,664.76,676.98,664.76,524545971,2740279607439,227205577853831.0,KOSDAQ
2018-12-13,681.78,1,5.3,0.0078,678.51,681.78,673.78,553272397,3349855847228,229071450444581.0,KOSDAQ
2018-12-14,666.34,2,-15.44,-0.0226,680.91,680.91,663.43,522166804,3538722920672,223900925599200.0,KOSDAQ
2018-12-17,661.9,2,-4.44,-0.0067,665.48,665.77,652.84,550124013,3392667239260,222497887459774.0,KOSDAQ
2018-12-18,659.67,2,-2.23,-0.0034,654.14,665.17,653.81,675886473,3521203344218,221758984295227.0,KOSDAQ
2018-12-19,672.08,1,12.41,0.0187999999999999,663.73,673.59,661.2,777025225,3570092226068,226429851800210.0,KOSDAQ
2018-12-20,668.13,2,-3.95,-0.0059,667.74,677.79,664.34,597235110,3193672962699,225149068065952.0,KOSDAQ
2018-12-21,673.64,1,5.51,0.0081999999999999,667.22,675.23,667.21,629582676,3277942486143,227178218535190.0,KOSDAQ
2018-12-24,669.79,2,-3.85,-0.0056999999999999,671.78,673.48,668.46,690900740,3392852221903,226553577652210.0,KOSDAQ
2018-12-26,665.74,2,-4.05,-0.006,658.7,666.69,655.8,696045076,3848396998721,225343624143510.0,KOSDAQ
2018-12-27,667.88,1,2.14,0.0032,678.86,678.86,667.13,575975991,3318858353423,225448053533305.0,KOSDAQ
2018-12-28,675.65,1,7.77,0.0116,670.83,675.89,669.71,598210555,3033870814294,228238295556450.0,KOSDAQ
2019-01-02,669.37,2,-6.28,-0.0093,682.16,683.09,667.71,539451686,3384325928172,226172804873996.0,KOSDAQ
2019-01-03,657.02,2,-12.35,-0.0185,671.98,673.61,656.85,656327569,3626867586671,221939519745490.0,KOSDAQ
2019-01-04,664.49,1,7.47,0.0113999999999999,655.62,664.49,648.95,554455638,3331488964507,224484123520116.0,KOSDAQ
2019-01-07,672.84,1,8.35,0.0126,672.76,675.31,669.07,584294682,3211134627621,227214008912378.0,KOSDAQ
2019-01-08,668.49,2,-4.35,-0.0065,674.53,675.05,667.01,623518443,3713727831818,225736488713264.0,KOSDAQ
2019-01-09,679.74,1,11.25,0.0168,672.38,681.12,671.95,622017629,3193834800235,229481678678262.0,KOSDAQ
2019-01-10,683.34,1,3.6,0.0053,680.61,685.65,678.23,735087237,3742925557164,230368301689768.0,KOSDAQ
2019-01-11,686.33,1,2.99,0.0044,686.09,688.01,683.59,701507943,3570684869324,231370185200878.0,KOSDAQ
2019-01-14,683.09,2,-3.24,-0.0046999999999999,687.42,687.42,682.54,613343310,3108914766615,230223287985563.0,KOSDAQ
2019-01-15,690.39,1,7.3,0.0107,684.97,691.56,684.32,639018327,3517053518394,232655529282550.0,KOSDAQ
2019-01-16,693.38,1,2.99,0.0043,692.72,693.5,687.43,788307833,3971466187284,233791659218652.0,KOSDAQ
2019-01-17,686.35,2,-7.03,-0.0101,694.94,696.21,686.27,862712540,4591532425577,231441898717926.0,KOSDAQ
2019-01-18,696.34,1,9.99,0.0146,690.83,696.34,689.8,819962730,4437355713901,234953392130970.0,KOSDAQ
2019-01-21,695.62,2,-0.72,-0.001,698.74,698.74,692.95,794340039,4025977636613,234700429265073.0,KOSDAQ
2019-01-22,694.55,2,-1.07,-0.0015,698.0,698.3,692.45,794374278,3930136680080,234383726172398.0,KOSDAQ
2019-01-23,695.63,1,1.08,0.0016,691.5,697.06,690.91,683155731,3926609186389,234782562964434.0,KOSDAQ
2019-01-24,704.41,1,8.78,0.0126,696.97,704.78,696.8,605765601,3742060902639,237779647415955.0,KOSDAQ
2019-01-25,711.38,1,6.97,0.0098999999999999,705.66,712.67,704.67,631592683,3816846591053,240274364183482.0,KOSDAQ
2019-01-28,714.26,1,2.88,0.004,713.41,717.31,711.96,664266603,3699906342744,241311836491744.0,KOSDAQ
2019-01-29,710.99,2,-3.27,-0.0046,712.65,713.65,705.89,703385953,3922761019731,240178987977898.0,KOSDAQ
2019-01-30,715.3,1,4.31,0.0060999999999999,712.87,716.77,711.71,719235308,3898469223103,241788283362943.0,KOSDAQ
2019-01-31,716.86,1,1.56,0.0022,719.93,721.58,714.31,684510366,3771395597638,242350256510105.0,KOSDAQ
2019-02-01,716.92,1,0.06,0.0001,719.08,719.74,714.66,643316085,3952423768726,242782200511810.0,KOSDAQ
2019-02-07,728.79,1,11.87,0.0166,719.86,728.89,717.53,713057339,3702347432161,246736050134590.0,KOSDAQ
2019-02-08,728.74,2,-0.05,-0.0001,726.4,729.74,724.99,736597474,3648374473503,246776515243943.0,KOSDAQ
2019-02-11,733.47,1,4.73,0.0065,731.82,733.94,730.32,704616472,3822231369341,248908061978054.0,KOSDAQ
2019-02-12,730.58,2,-2.89,-0.0039,734.87,735.14,729.52,692220009,3825195419827,247959824641585.0,KOSDAQ
2019-02-13,739.91,1,9.33,0.0128,734.56,740.44,733.37,798622665,3948426111484,250983252700381.0,KOSDAQ
2019-02-14,742.27,1,2.36,0.0032,740.69,742.46,737.07,738308285,3987054876490,251780394230617.0,KOSDAQ
2019-02-15,738.66,2,-3.61,-0.0049,741.53,743.2,734.37,737998888,4103589081840,250599992041802.0,KOSDAQ
2019-02-18,745.33,1,6.67,0.009,743.53,746.81,742.5,734383010,3422762288037,252958777803011.0,KOSDAQ
2019-02-19,748.05,1,2.72,0.0036,746.5,748.69,741.2,793917047,4023712015054,253987813292963.0,KOSDAQ
2019-02-20,750.69,1,2.64,0.0034999999999999,749.52,751.66,747.56,885293212,4103406263374,255424452195619.0,KOSDAQ
2019-02-21,747.33,2,-3.36,-0.0045,752.3,752.75,744.87,956553966,4334338331038,254302733216394.0,KOSDAQ
2019-02-22,743.38,2,-3.95,-0.0053,747.25,748.11,740.94,965508426,3920070962790,253089830791098.0,KOSDAQ
2019-02-25,750.4,1,7.02,0.0093999999999999,746.79,750.93,746.3,735845476,3701081658260,255564176845209.0,KOSDAQ
2019-02-26,747.09,2,-3.31,-0.0044,752.25,753.66,746.12,956644348,3832204470466,254604553318959.0,KOSDAQ
2019-02-27,752.16,1,5.07,0.0068,748.11,752.16,747.16,921722317,3986164490346,256372124992380.0,KOSDAQ
2019-02-28,731.25,2,-20.91,-0.0278,753.29,755.92,731.25,1016481452,5427451603553,249196922425730.0,KOSDAQ
2019-03-04,748.07,1,16.82,0.023,739.19,748.87,739.19,707577329,4184004983196,254982915497620.0,KOSDAQ
2019-03-05,747.95,2,-0.12,-0.0002,746.9,751.45,743.8,753414435,4386457020919,256229006168043.0,KOSDAQ
2019-03-06,746.7,2,-1.25,-0.0017,750.13,750.81,741.68,846993878,4320269888968,255757714884388.0,KOSDAQ
2019-03-07,736.83,2,-9.87,-0.0132,746.21,750.13,733.49,897292641,4482811030884,252451521962709.0,KOSDAQ
2019-03-08,735.97,2,-0.86,-0.0012,733.38,739.59,730.42,871229124,3573382377818,252101576340321.0,KOSDAQ
2019-03-11,739.09,1,3.12,0.0042,737.27,739.1,726.11,686954305,3892937135444,253141160291227.0,KOSDAQ
2019-03-12,754.76,1,15.67,0.0212,745.76,754.76,745.76,792766590,5189636070641,257319123920014.0,KOSDAQ
2019-03-13,754.89,1,0.13,0.0002,755.3,758.9,750.49,797145431,4981843746791,257314386798309.0,KOSDAQ
2019-03-14,755.42,1,0.53,0.0007,758.53,762.41,755.42,643981465,4405717875089,257522551866539.0,KOSDAQ
2019-03-15,748.36,2,-7.06,-0.0093,756.82,757.29,743.34,881367995,5907010498846,255342326725899.0,KOSDAQ
2019-03-18,753.13,1,4.77,0.0064,752.15,755.89,748.7,705218778,4343581491035,256965884676772.0,KOSDAQ
2019-03-19,748.91,2,-4.22,-0.0056,757.07,757.88,748.76,984686466,4713909636460,255533876679720.0,KOSDAQ
2019-03-20,749.76,1,0.85,0.0011,750.5,750.5,741.25,880135052,4838198497290,255742070457329.0,KOSDAQ
2019-03-21,743.52,2,-6.24,-0.0083,750.79,753.98,742.03,795564446,4822786804180,253620523613674.0,KOSDAQ
2019-03-22,743.97,1,0.45,0.0006,747.87,748.05,741.03,752365722,4744195193807,254008903243493.0,KOSDAQ
2019-03-25,727.21,2,-16.76,-0.0225,733.51,737.22,726.93,696282882,4494273492070,248283881293986.0,KOSDAQ
2019-03-26,736.81,1,9.6,0.0132,732.76,737.5,729.22,656384764,3912306076119,251389139094777.0,KOSDAQ
2019-03-27,728.45,2,-8.36,-0.0113,739.22,739.22,728.43,748819204,4137567377744,249152887716950.0,KOSDAQ
2019-03-28,719.72,2,-8.73,-0.012,727.7,728.56,719.72,695541132,3893133953049,246179611007462.0,KOSDAQ
2019-03-29,729.31,1,9.59,0.0133,723.64,729.31,714.53,779262138,4081058843724,249257413979735.0,KOSDAQ
2019-04-01,736.81,1,7.5,0.0103,731.5,737.69,729.74,704756685,3592041943598,251172763022900.0,KOSDAQ
2019-04-02,739.57,1,2.76,0.0037,740.94,740.94,737.18,955939923,4106381975763,251856567066333.0,KOSDAQ
2019-04-03,749.3,1,9.73,0.0132,741.76,749.3,740.73,807521350,4220277762824,255220562464877.0,KOSDAQ
2019-04-04,751.58,1,2.28,0.003,750.9,753.39,746.29,879690011,4359673200201,256161280047488.0,KOSDAQ
2019-04-05,751.71,1,0.13,0.0002,752.28,753.97,748.79,788494161,4273409603442,256131503119815.0,KOSDAQ
2019-04-08,751.92,1,0.21,0.0003,755.32,756.16,750.02,762374091,4321665707119,256229804900545.0,KOSDAQ
2019-04-09,756.81,1,4.89,0.0065,753.72,756.92,749.87,836573253,4701168278265,257772263571615.0,KOSDAQ
2019-04-10,760.15,1,3.34,0.0044,755.73,760.15,754.05,744528283,4692968086240,258999547195325.0,KOSDAQ
2019-04-11,766.49,1,6.34,0.0083,762.15,766.56,762.13,760873641,4329711935026,261317478015639.0,KOSDAQ
2019-04-12,767.85,1,1.36,0.0018,765.6,769.09,762.99,926529303,4342635071383,261987812245584.0,KOSDAQ
2019-04-15,766.75,2,-1.1,-0.0014,770.63,770.66,765.62,951955801,4783660077768,261996782554331.0,KOSDAQ
2019-04-16,765.02,2,-1.73,-0.0023,767.59,767.73,758.69,979257064,4776286054814,261543432632971.0,KOSDAQ
2019-04-17,766.89,1,1.87,0.0024,766.7,768.43,765.36,1063544966,4967478306557,262126284511625.0,KOSDAQ
2019-04-18,753.52,2,-13.37,-0.0174,767.74,767.85,751.59,904450018,4815044019784,257721056087787.0,KOSDAQ
2019-04-19,762.57,1,9.05,0.012,757.42,762.95,757.35,773546174,3805305968263,260935317389039.0,KOSDAQ
2019-04-22,762.01,2,-0.56,-0.0007,764.37,767.02,760.02,691820958,3677724507590,260715131871053.0,KOSDAQ
2019-04-23,761.42,2,-0.59,-0.0008,763.58,764.48,756.77,895100932,4169425321426,260579136322297.0,KOSDAQ
2019-04-24,757.82,2,-3.6,-0.0046999999999999,765.0,765.02,755.93,886600155,4453437820077,259580232785139.0,KOSDAQ
2019-04-25,750.43,2,-7.39,-0.0098,757.64,757.64,750.43,946890229,4328694774584,257052034620312.0,KOSDAQ
2019-04-26,741.0,2,-9.43,-0.0126,748.3,750.23,739.84,865151764,3788915871174,254021602511795.0,KOSDAQ
2019-04-29,750.6,1,9.6,0.013,744.01,750.6,742.43,754662014,3228088303422,257339065385459.0,KOSDAQ
2019-04-30,754.74,1,4.14,0.0055,751.4,755.11,746.42,671042346,3769023253750,258788699292522.0,KOSDAQ
2019-05-02,760.38,1,5.64,0.0075,753.51,760.94,753.43,779401696,4247854989866,260784600617045.0,KOSDAQ
2019-05-03,761.82,1,1.44,0.0019,761.13,762.72,758.42,701320875,3753454939110,261291519790318.0,KOSDAQ
2019-05-07,753.45,2,-8.37,-0.011,751.26,757.97,749.27,728048409,3645775551244,258806780259188.0,KOSDAQ
2019-05-08,745.37,2,-8.08,-0.0107,745.86,751.55,745.36,922683490,4239485294749,256173387823944.0,KOSDAQ
2019-05-09,724.22,2,-21.15,-0.0283999999999999,746.96,747.96,722.6,992089008,4603640937913,248970984826653.0,KOSDAQ
2019-05-10,722.62,2,-1.6,-0.0022,726.06,729.84,712.15,916495571,4200841844187,248036568662459.0,KOSDAQ
2019-05-13,708.8,2,-13.82,-0.0191,722.19,724.78,708.77,916425309,4537676946296,243264156643002.0,KOSDAQ
2019-05-14,710.16,1,1.36,0.0019,698.86,714.8,698.3,1072271282,5055505136498,243734205724435.0,KOSDAQ
2019-05-15,729.6,1,19.44,0.0274,714.94,729.63,713.49,859428120,4941190904835,250301184628782.0,KOSDAQ
2019-05-16,717.59,2,-12.01,-0.0165,731.09,731.78,716.68,911753485,4878492699371,246284374547733.0,KOSDAQ
2019-05-17,714.13,2,-3.46,-0.0048,723.94,727.56,713.94,783634881,4587780339595,245328349591977.0,KOSDAQ
2019-05-20,702.08,2,-12.05,-0.0169,717.12,719.57,701.76,733169278,3770627782839,241215212711996.0,KOSDAQ
2019-05-21,703.98,1,1.9,0.0027,701.83,708.16,700.0,792043798,4390983735945,241890925833418.0,KOSDAQ
2019-05-22,706.93,1,2.95,0.0042,709.38,710.46,702.25,723703822,4221779360344,242883735391821.0,KOSDAQ
2019-05-23,696.89,2,-10.04,-0.0141999999999999,707.74,707.95,696.88,902830344,4643652388720,239395672890253.0,KOSDAQ
2019-05-24,690.03,2,-6.86,-0.0098,694.02,696.75,686.72,862120736,4387035886268,237063634707988.0,KOSDAQ
2019-05-27,689.67,2,-0.36,-0.0005,692.06,696.3,684.07,782619316,4313687221940,237021265674575.0,KOSDAQ
2019-05-28,702.76,1,13.09,0.019,691.55,702.76,690.78,723961541,4538620887701,241316089198946.0,KOSDAQ
2019-05-29,691.47,2,-11.29,-0.0161,699.12,699.53,689.9,849781747,4522970828689,234288964305568.0,KOSDAQ
2019-05-30,689.33,2,-2.14,-0.0031,692.6,696.45,685.31,669463495,3953387593616,233627782831492.0,KOSDAQ
2019-05-31,696.47,1,7.14,0.0104,688.7,699.4,687.71,642145318,3498742989670,236882568200022.0,KOSDAQ
2019-06-03,697.5,1,1.03,0.0015,693.26,698.35,691.8,643044614,3581778781114,237193624481924.0,KOSDAQ
2019-06-04,702.53,1,5.03,0.0072,699.12,702.53,697.2,657095617,3857151697919,238838422868794.0,KOSDAQ
2019-06-05,707.75,1,5.22,0.0074,709.07,710.11,706.76,616916072,4063890887693,240722090069871.0,KOSDAQ
2019-06-07,716.53,1,8.78,0.0124,711.77,716.56,708.73,723224035,4016297951303,243722653073456.0,KOSDAQ
2019-06-10,721.14,1,4.61,0.0064,721.12,721.5,717.08,763021333,4071222896085,245587311755135.0,KOSDAQ
2019-06-11,728.79,1,7.65,0.0106,723.61,728.79,722.51,897025715,4195981335360,248217444770902.0,KOSDAQ
2019-06-12,724.32,2,-4.47,-0.0060999999999999,729.06,729.06,721.91,724080554,3997840844032,247173659825164.0,KOSDAQ
2019-06-13,726.68,1,2.36,0.0033,724.57,730.86,721.87,839460636,4977454118166,247960685184053.0,KOSDAQ
2019-06-14,722.25,2,-4.43,-0.0060999999999999,729.39,729.39,721.44,843435161,4627883529044,246460311736197.0,KOSDAQ
2019-06-17,719.13,2,-3.12,-0.0043,723.52,723.9,718.62,757969775,3994985337530,245470963234586.0,KOSDAQ
2019-06-18,714.86,2,-4.27,-0.0059,721.25,723.79,713.17,1047010209,4899676116328,244174120067672.0,KOSDAQ
2019-06-19,717.71,1,2.85,0.004,721.66,722.66,714.98,979442675,4250538250725,245237583298782.0,KOSDAQ
2019-06-20,727.32,1,9.61,0.0134,719.54,727.34,719.31,1004460003,4056678934668,248571463662141.0,KOSDAQ
2019-06-21,722.64,2,-4.68,-0.0064,729.2,729.2,721.96,1100646594,4380845803931,246991457439294.0,KOSDAQ
2019-06-24,717.69,2,-4.95,-0.0068,725.04,725.05,717.22,923986488,3717770468558,245347008877130.0,KOSDAQ
2019-06-25,710.02,2,-7.67,-0.0107,719.03,720.06,707.64,1058007888,4875710544689,242887154127185.0,KOSDAQ
2019-06-26,709.37,2,-0.65,-0.0009,710.15,713.57,706.44,981440876,4747047714141,242791007408047.0,KOSDAQ
2019-06-27,698.21,2,-11.16,-0.0157,711.18,713.14,694.53,909979154,5131838476368,239089172765087.0,KOSDAQ
2019-06-28,690.53,2,-7.68,-0.011,698.63,700.42,687.29,784769785,4241075097229,236405674233134.0,KOSDAQ
2019-07-01,696.0,1,5.47,0.0079,696.38,697.97,692.76,734433278,5156354340512,238458830094666.0,KOSDAQ
2019-07-02,696.25,1,0.25,0.0004,695.8,699.44,693.19,696445726,4052249681800,238565438926786.0,KOSDAQ
2019-07-03,693.04,2,-3.21,-0.0046,697.68,698.89,689.86,676298786,3979382946906,237389805604275.0,KOSDAQ
2019-07-04,691.27,2,-1.77,-0.0026,693.96,694.63,682.73,763516530,4132922883851,236950136647970.0,KOSDAQ
2019-07-05,694.17,1,2.9,0.0042,692.86,694.39,686.93,729813499,4048011198486,237965631550822.0,KOSDAQ
2019-07-08,668.72,2,-25.45,-0.0366999999999999,691.97,691.97,668.72,766598859,4249617551670,229212801240612.0,KOSDAQ
2019-07-09,657.8,2,-10.92,-0.0163,670.76,675.09,657.77,879148637,4125586247927,225546659345829.0,KOSDAQ
2019-07-10,666.9,1,9.1,0.0138,662.3,670.68,660.62,774833232,3861175800149,228676544330116.0,KOSDAQ
2019-07-11,677.09,1,10.19,0.0153,669.98,677.11,668.42,791145307,4152966756187,232180143981602.0,KOSDAQ
2019-07-12,681.17,1,4.08,0.006,677.87,682.65,673.76,735655717,4135928126626,234104173281677.0,KOSDAQ
2019-07-15,674.79,2,-6.38,-0.0093999999999999,682.36,682.36,671.71,715663293,4212000125404,231859260272464.0,KOSDAQ
2019-07-16,674.42,2,-0.37,-0.0005,675.67,679.69,672.77,824276679,4586564165414,231884531075356.0,KOSDAQ
2019-07-17,666.28,2,-8.14,-0.0121,673.08,673.34,661.93,901090508,4235393318706,229203214099759.0,KOSDAQ
2019-07-18,665.15,2,-1.13,-0.0017,665.09,669.47,661.82,837117059,4258998337436,228809066865268.0,KOSDAQ
2019-07-19,674.06,1,8.91,0.0134,668.2,674.06,668.2,756214631,3949976654904,231949931597697.0,KOSDAQ
2019-07-22,674.78,1,0.72,0.0011,674.0,675.48,671.44,644965353,3357187145112,232164617476852.0,KOSDAQ
2019-07-23,668.65,2,-6.13,-0.0091,675.84,678.27,666.79,894110668,4590939822447,230134682111962.0,KOSDAQ
2019-07-24,659.83,2,-8.82,-0.0132,670.31,672.36,659.26,971455779,4976197605457,227291906032066.0,KOSDAQ
2019-07-25,652.4,2,-7.43,-0.0113,660.3,661.62,647.38,871058203,4177256663695,225066018857751.0,KOSDAQ
2019-07-26,644.59,2,-7.81,-0.012,650.3,652.38,640.43,886276587,3969501849022,222533551234131.0,KOSDAQ
2019-07-29,618.78,2,-25.81,-0.04,643.34,643.34,618.78,795264713,3783791120835,213640714342623.0,KOSDAQ
2019-07-30,625.64,1,6.86,0.0111,620.33,630.61,620.33,716177618,3566194812620,216345978315231.0,KOSDAQ
2019-07-31,630.18,1,4.54,0.0073,625.05,631.43,610.7,770559301,4228756057098,217992287425957.0,KOSDAQ
2019-08-01,622.26,2,-7.92,-0.0126,627.94,634.44,622.25,694237671,4161131559796,215506175554230.0,KOSDAQ
2019-08-02,615.7,2,-6.56,-0.0105,612.01,622.36,607.01,601247078,3703940738704,213545670041730.0,KOSDAQ
2019-08-05,569.79,2,-45.91,-0.0746,614.69,615.23,569.78,821183035,4773105529178,197856076764247.0,KOSDAQ
2019-08-06,551.5,2,-18.29,-0.0321,555.07,577.51,540.83,973681906,5611504802381,191455864980664.0,KOSDAQ
2019-08-07,564.64,1,13.14,0.0237999999999999,562.47,567.52,554.18,835978098,4843612803632,195944703306167.0,KOSDAQ
2019-08-08,585.44,1,20.8,0.0368,571.59,585.44,571.0,929189336,4831848776070,203396203114656.0,KOSDAQ
2019-08-09,590.04,1,4.6,0.0079,590.51,593.28,585.94,690855034,4157334385171,204947491024048.0,KOSDAQ
2019-08-12,594.17,1,4.13,0.0069999999999999,590.43,594.7,585.07,707419095,3440960280596,206537033466707.0,KOSDAQ
2019-08-13,590.75,2,-3.42,-0.0058,589.71,593.98,588.47,755896855,3792005148606,204835997368035.0,KOSDAQ
2019-08-14,597.15,1,6.4,0.0108,600.35,601.46,596.23,793565045,4105968772649,207100532953758.0,KOSDAQ
2019-08-16,591.57,2,-5.58,-0.0093,590.04,592.82,587.49,684048938,3767531763396,205179214565609.0,KOSDAQ
2019-08-19,594.65,1,3.08,0.0052,596.42,597.59,591.21,706961204,3393083985576,206354181149146.0,KOSDAQ
2019-08-20,607.01,1,12.36,0.0208,597.15,607.87,595.62,914620469,3639424352108,210746710801948.0,KOSDAQ
2019-08-21,615.96,1,8.95,0.0147,605.83,615.96,604.83,821038397,3531843672807,213809009611395.0,KOSDAQ
2019-08-22,612.25,2,-3.71,-0.006,618.34,618.73,611.67,850917587,3931125815518,212800968802061.0,KOSDAQ
2019-08-23,608.98,2,-3.27,-0.0053,606.28,612.63,605.93,706441336,3806195546938,211789012084086.0,KOSDAQ
2019-08-26,582.91,2,-26.07,-0.0428,594.25,598.08,582.77,711378671,3917963814228,202842694120796.0,KOSDAQ
2019-08-27,588.32,1,5.41,0.0093,592.38,596.43,587.42,651146613,3241330547057,204893443109570.0,KOSDAQ
2019-08-28,602.9,1,14.58,0.0248,590.67,602.9,590.36,698491116,3908017106616,209884833126731.0,KOSDAQ
2019-08-29,599.57,2,-3.33,-0.0055,604.19,605.39,595.26,681486558,3605905577977,208866574935509.0,KOSDAQ
2019-08-30,610.55,1,10.98,0.0183,607.14,611.11,606.65,787576090,3705439647747,212772631897591.0,KOSDAQ
2019-09-02,619.81,1,9.26,0.0152,609.46,619.9,608.97,683774686,3577065689618,216055268206340.0,KOSDAQ
2019-09-03,620.02,1,0.21,0.0003,619.86,623.34,619.28,777379804,3728694223690,216093197893145.0,KOSDAQ
2019-09-04,629.31,1,9.29,0.015,619.61,629.31,619.46,792568398,3955113050918,219361174674080.0,KOSDAQ
2019-09-05,632.99,1,3.68,0.0058,633.19,634.96,631.38,948696015,5023655216351,221496777139205.0,KOSDAQ
2019-09-06,631.15,2,-1.84,-0.0029,637.33,637.33,630.6,882307022,4481747586236,220838794009387.0,KOSDAQ
2019-09-09,625.77,2,-5.38,-0.0085,633.61,634.3,625.28,709696093,3850357999061,219019398786224.0,KOSDAQ
2019-09-10,623.25,2,-2.52,-0.004,627.77,628.81,621.95,830373283,3762025354693,218172410796504.0,KOSDAQ
2019-09-11,630.37,1,7.12,0.0113999999999999,625.81,632.42,624.78,718202237,3720938578364,220787040467794.0,KOSDAQ
2019-09-16,638.59,1,8.22,0.013,634.67,638.59,630.16,622054824,3220465928060,223602964046458.0,KOSDAQ
2019-09-17,644.28,1,5.69,0.0089,637.1,646.05,636.0,823507478,4139544485812,225609051150302.0,KOSDAQ
2019-09-18,645.12,1,0.84,0.0013,646.25,648.95,644.32,909109347,4459121075228,226017141265775.0,KOSDAQ
2019-09-19,645.71,1,0.59,0.0009,646.83,651.45,643.0,867284167,4008539192546,226266025048850.0,KOSDAQ
2019-09-20,649.07,1,3.36,0.0052,647.5,650.03,645.91,844700719,4340363378878,227801893193165.0,KOSDAQ
2019-09-23,645.01,2,-4.06,-0.0063,648.81,649.22,644.39,747643998,3397867496267,226423545060383.0,KOSDAQ
2019-09-24,641.85,2,-3.16,-0.0049,643.45,646.6,641.17,778008050,3765461126040,225371212491872.0,KOSDAQ
2019-09-25,626.76,2,-15.09,-0.0235,641.08,641.23,626.02,987731264,4561734326663,220152599211948.0,KOSDAQ
2019-09-26,628.42,1,1.66,0.0026,632.31,635.64,622.55,838492593,4566644471714,220728153788628.0,KOSDAQ
2019-09-27,626.93,2,-1.49,-0.0024,628.41,628.41,623.32,724108625,3402629379822,220226431579822.0,KOSDAQ
2019-09-30,621.76,2,-5.17,-0.0081999999999999,625.69,627.3,615.64,745973380,3606633471657,218426090721906.0,KOSDAQ
2019-10-01,632.1,1,10.34,0.0166,623.7,632.12,621.76,875336334,4374428925022,222117887908451.0,KOSDAQ
2019-10-02,624.51,2,-7.59,-0.012,627.75,630.62,624.47,1252778506,4524334853147,219465800160828.0,KOSDAQ
2019-10-04,621.84,2,-2.67,-0.0043,623.08,627.15,619.53,792984550,4033259788597,218535335892240.0,KOSDAQ
2019-10-07,627.21,1,5.37,0.0086,625.25,627.82,622.45,753054161,4811783564400,220387804400524.0,KOSDAQ
2019-10-08,635.41,1,8.2,0.0131,628.03,635.94,624.92,864368705,6110522317562,223300696347799.0,KOSDAQ
2019-10-10,634.73,2,-0.68,-0.0011,633.96,635.85,630.59,715225988,4376728738244,223036537137259.0,KOSDAQ
2019-10-11,632.95,2,-1.78,-0.0028,638.22,638.49,632.92,767474370,4681884179305,222444691940169.0,KOSDAQ
2019-10-14,641.46,1,8.51,0.0134,638.65,643.41,637.69,681422756,4037155024696,225736599169810.0,KOSDAQ
2019-10-15,646.8,1,5.34,0.0083,641.51,647.4,641.49,737772872,4121168218779,227629916977590.0,KOSDAQ
2019-10-16,651.96,1,5.16,0.008,650.61,652.73,649.88,860252569,4633299833111,229431185552449.0,KOSDAQ
2019-10-17,649.29,2,-2.67,-0.0040999999999999,653.08,654.67,646.61,1042682866,5194384471385,228674544040349.0,KOSDAQ
2019-10-18,646.69,2,-2.6,-0.004,651.55,651.97,645.59,866092933,4760597539519,227454259231187.0,KOSDAQ
2019-10-21,649.18,1,2.49,0.0039,646.79,649.18,645.35,767921115,4694497434238,228312444370258.0,KOSDAQ
2019-10-22,655.91,1,6.73,0.0104,653.17,660.35,651.1,883770949,6333997484232,230791758834899.0,KOSDAQ
2019-10-23,658.98,1,3.07,0.0046999999999999,656.88,660.38,654.78,1033677815,6307183955711,231862915530164.0,KOSDAQ
2019-10-24,658.75,2,-0.23,-0.0003,658.53,662.27,647.53,1073219785,7963560083764,231876860432554.0,KOSDAQ
2019-10-25,652.37,2,-6.38,-0.0097,657.6,658.77,651.29,1009206412,7007192225884,229730534434466.0,KOSDAQ
2019-10-28,652.42,1,0.05,0.0001,655.05,657.29,651.95,933703160,6476201719453,229792981455510.0,KOSDAQ
2019-10-29,658.3,1,5.88,0.009,656.85,658.76,653.83,954715557,6534640743936,231933741165663.0,KOSDAQ
2019-10-30,655.04,2,-3.26,-0.005,660.6,660.6,654.15,892700183,5813807629476,230810077691786.0,KOSDAQ
2019-10-31,658.52,1,3.48,0.0053,658.45,661.65,656.96,892492409,5241227668046,232231894758796.0,KOSDAQ
2019-11-01,662.34,1,3.82,0.0058,658.16,662.34,656.13,820171960,4734490574657,233606028149201.0,KOSDAQ
2019-11-04,668.45,1,6.11,0.0092,667.2,669.66,665.63,921194123,4731445508040,235777038270106.0,KOSDAQ
2019-11-05,672.18,1,3.73,0.0056,669.47,672.18,666.0,987479965,6221553991449,237194145218387.0,KOSDAQ
2019-11-06,669.68,2,-2.5,-0.0037,672.12,673.86,669.25,1091285897,6061616775367,236277253693209.0,KOSDAQ
2019-11-07,666.15,2,-3.53,-0.0053,668.73,669.57,663.7,1026100144,5679533394144,235693338116395.0,KOSDAQ
2019-11-08,664.6,2,-1.55,-0.0023,669.34,670.59,662.46,952988845,4475519931633,235295732464099.0,KOSDAQ
2019-11-11,661.37,2,-3.23,-0.0049,666.13,666.13,658.7,922613294,4160073858555,234286919438724.0,KOSDAQ
2019-11-12,665.14,1,3.77,0.0056999999999999,662.11,665.86,661.42,1081150643,4618378952911,235619187912989.0,KOSDAQ
2019-11-13,661.85,2,-3.29,-0.0049,665.37,665.48,659.95,1363966104,4829468954620,234500283907913.0,KOSDAQ
2019-11-14,663.31,1,1.46,0.0022,663.25,666.05,659.21,1359616417,5251760314812,235158204574983.0,KOSDAQ
2019-11-15,668.51,1,5.2,0.0078,662.87,668.54,660.64,1107075108,5124025379951,237163556746131.0,KOSDAQ
2019-11-18,669.34,1,0.83,0.0012,670.07,671.09,666.82,1086953751,5401260327604,237591190482029.0,KOSDAQ
2019-11-19,662.53,2,-6.81,-0.0102,669.11,669.24,662.24,1156557400,5280502776301,235179760942236.0,KOSDAQ
2019-11-20,649.87,2,-12.66,-0.0191,661.45,663.76,648.82,1289204747,5928634361236,230847032261264.0,KOSDAQ
2019-11-21,635.99,2,-13.88,-0.0214,650.56,651.23,634.29,1051934240,5025589607923,226030655427824.0,KOSDAQ
2019-11-22,633.92,2,-2.07,-0.0033,637.99,640.77,629.74,1053044808,5162173373470,225644236961763.0,KOSDAQ
2019-11-25,647.4,1,13.48,0.0213,639.5,647.41,639.5,826788539,4086008502225,230500423530390.0,KOSDAQ
2019-11-26,651.59,1,4.19,0.0065,650.79,653.54,649.78,868850404,5091667170718,232218230848022.0,KOSDAQ
2019-11-27,647.39,2,-4.2,-0.0064,653.74,653.87,646.89,859365268,5153173452390,231384396667132.0,KOSDAQ
2019-11-28,640.18,2,-7.21,-0.0111,646.27,649.37,640.18,882465675,4265274491306,228908690676662.0,KOSDAQ
2019-11-29,632.99,2,-7.19,-0.0112,641.72,643.27,631.4,940624909,4319179702527,226930389499064.0,KOSDAQ
2019-12-02,634.5,1,1.51,0.0024,635.58,638.35,632.22,845648626,3811687139821,227301561927990.0,KOSDAQ
2019-12-03,629.58,2,-4.92,-0.0078,630.07,632.01,627.0,868945247,4117052572313,225664363880845.0,KOSDAQ
2019-12-04,625.27,2,-4.31,-0.0068,626.06,630.45,622.67,928166942,3828566664827,224147875661267.0,KOSDAQ
2019-12-05,617.6,2,-7.67,-0.0123,629.49,629.6,613.77,901705508,4682213345378,221358411691637.0,KOSDAQ
2019-12-06,628.1,1,10.5,0.017,619.48,628.11,619.48,726660329,4098402463336,225209549673349.0,KOSDAQ
2019-12-09,627.86,2,-0.24,-0.0004,630.6,630.63,625.59,778729886,4226425976737,225159097723253.0,KOSDAQ
2019-12-10,627.11,2,-0.75,-0.0012,627.62,627.76,623.54,763025394,3950678325328,225002396244804.0,KOSDAQ
2019-12-11,629.13,1,2.02,0.0032,627.26,630.6,626.57,817888278,3952346344697,225900417038854.0,KOSDAQ
2019-12-12,636.94,1,7.81,0.0124,632.29,638.92,631.25,941202174,4498908804218,228754293952703.0,KOSDAQ
2019-12-13,643.45,1,6.51,0.0102,643.34,645.73,641.87,913750547,4290512961784,231121252745390.0,KOSDAQ
2019-12-16,644.44,1,0.99,0.0015,644.91,646.56,643.24,794175485,3748611659928,231552540646795.0,KOSDAQ
2019-12-17,650.58,1,6.14,0.0095,646.8,650.58,646.04,851063934,4486599257941,233969648834926.0,KOSDAQ
2019-12-18,648.95,2,-1.63,-0.0025,650.87,651.71,647.73,882121524,4328545825601,233518136077077.0,KOSDAQ
2019-12-19,647.85,2,-1.1,-0.0017,650.3,653.65,645.11,808153790,3734443972598,233553667866613.0,KOSDAQ
2019-12-20,649.73,1,1.88,0.0029,650.19,651.2,647.9,944573044,4198107649046,234817288488122.0,KOSDAQ
2019-12-23,647.62,2,-2.11,-0.0032,651.77,652.81,646.68,725861836,3968732238058,234058374740461.0,KOSDAQ
2019-12-24,638.91,2,-8.71,-0.0134,648.71,648.71,638.74,763092114,3572405768036,231075710418008.0,KOSDAQ
2019-12-26,652.07,1,13.16,0.0206,640.77,652.09,640.2,921877734,4352931501885,235647597350004.0,KOSDAQ
2019-12-27,661.24,1,9.17,0.0141,652.6,661.59,652.17,807711662,4312635345158,238198875786701.0,KOSDAQ
2019-12-30,669.83,1,8.59,0.013,662.06,669.83,661.62,789329743,3799412603271,241350997492726.0,KOSDAQ
2020-01-02,674.02,1,4.19,0.0063,672.53,674.3,666.62,783730760,4476504857524,242768147795532.0,KOSDAQ
2020-01-03,669.93,2,-4.09,-0.0060999999999999,677.57,679.37,668.1,903858876,5540086126762,241357675885325.0,KOSDAQ
2020-01-06,655.31,2,-14.62,-0.0218,660.08,663.1,653.61,884278619,4961872077526,236177411592074.0,KOSDAQ
2020-01-07,663.44,1,8.13,0.0124,660.87,664.21,659.18,970306788,5302183281958,239161960485498.0,KOSDAQ
2020-01-08,640.94,2,-22.5,-0.0339,657.24,658.14,637.43,1379708008,7034355004943,231058476164510.0,KOSDAQ
2020-01-09,666.09,1,25.15,0.0392,657.01,666.09,656.25,980618698,5261765806520,240120847246063.0,KOSDAQ
2020-01-10,673.03,1,6.94,0.0104,668.79,673.03,665.92,837389583,4913661593203,242702877200386.0,KOSDAQ
2020-01-13,679.22,1,6.19,0.0092,673.76,679.22,673.23,894402015,4843152895175,245066837935631.0,KOSDAQ
2020-01-14,678.71,2,-0.51,-0.0008,682.14,685.88,676.78,897262055,5205779468611,244889130461349.0,KOSDAQ
2020-01-15,679.16,1,0.45,0.0007,678.83,681.39,676.91,908209030,4233510087479,245115557824536.0,KOSDAQ
2020-01-16,686.52,1,7.36,0.0108,679.67,686.52,679.49,880290516,5239369411283,247712207619104.0,KOSDAQ
2020-01-17,688.41,1,1.89,0.0028,689.73,690.61,686.68,1028709944,5544314335430,248533214454011.0,KOSDAQ
2020-01-20,683.47,2,-4.94,-0.0072,690.85,691.17,682.48,1019250129,5916227176847,246894427722961.0,KOSDAQ
2020-01-21,676.52,2,-6.95,-0.0102,683.82,685.89,675.48,1032065677,5569469276494,244458961690645.0,KOSDAQ
2020-01-22,688.25,1,11.73,0.0173,677.05,688.28,677.05,1012722625,4631042812298,248680112428119.0,KOSDAQ
2020-01-23,685.57,2,-2.68,-0.0039,685.94,687.71,683.52,957782058,5009218101843,247897515122218.0,KOSDAQ
2020-01-28,664.7,2,-20.87,-0.0304,660.79,668.22,658.78,1161215976,6991101823659,240463052434010.0,KOSDAQ
2020-01-29,670.18,1,5.48,0.0081999999999999,671.08,671.98,664.09,1056865386,5573599516899,242425934306568.0,KOSDAQ
2020-01-30,656.39,2,-13.79,-0.0206,670.65,673.17,652.42,1213886224,6228414001644,237472764148828.0,KOSDAQ
2020-01-31,642.48,2,-13.91,-0.0212,660.98,664.77,641.57,1343602255,6458896895510,232461525068773.0,KOSDAQ
2020-02-03,646.85,1,4.37,0.0068,631.82,648.34,627.65,1193311562,6081593041160,234039520722233.0,KOSDAQ
2020-02-04,661.24,1,14.39,0.0222,650.72,661.24,649.22,938254924,5073960091488,239254407386027.0,KOSDAQ
2020-02-05,661.32,1,0.08,0.0001,666.74,668.91,658.03,991276604,5266753341740,239361588048135.0,KOSDAQ
2020-02-06,672.69,1,11.37,0.0172,665.94,672.69,665.88,946334024,4609410422953,243440170558289.0,KOSDAQ
2020-02-07,672.63,2,-0.06,-0.0001,673.11,674.03,667.93,1024735295,5232691970056,243475160024523.0,KOSDAQ
2020-02-10,676.07,1,3.44,0.0051,669.53,676.08,668.1,979098232,4829779418425,244756201921369.0,KOSDAQ
2020-02-11,682.34,1,6.27,0.0093,678.97,682.34,678.43,1167070785,5516294922133,247131855300206.0,KOSDAQ
2020-02-12,686.59,1,4.25,0.0062,683.26,686.79,680.26,1333842814,6045972742596,248735276118634.0,KOSDAQ
2020-02-13,687.61,1,1.02,0.0015,689.54,691.43,681.77,1345100386,6993822271358,249058921341075.0,KOSDAQ
2020-02-14,688.91,1,1.3,0.0019,687.23,692.0,685.67,1499191417,7351634149471,249470581193694.0,KOSDAQ
2020-02-17,692.59,1,3.68,0.0053,690.35,692.64,686.73,1524917678,6524735802533,250776122607491.0,KOSDAQ
2020-02-18,682.92,2,-9.67,-0.0139999999999999,691.42,692.52,681.44,1781024489,7509559701628,247300825929936.0,KOSDAQ
2020-02-19,684.78,1,1.86,0.0027,686.89,688.11,673.64,1604888015,7629860887603,247969809714929.0,KOSDAQ
2020-02-20,681.66,2,-3.12,-0.0046,687.65,688.51,677.99,1464809296,8799125908971,246963573454710.0,KOSDAQ
2020-02-21,667.99,2,-13.67,-0.0200999999999999,673.57,680.28,667.47,1427547789,8134693336716,242180852576083.0,KOSDAQ
2020-02-24,639.29,2,-28.7,-0.043,653.4,656.31,639.22,1476932932,8178363148054,231858846358029.0,KOSDAQ
2020-02-25,656.95,1,17.66,0.0276,639.28,656.96,633.65,1212527284,6189111196201,238230648416244.0,KOSDAQ
2020-02-26,654.63,2,-2.32,-0.0034999999999999,644.02,658.29,642.98,1137059053,6137280607060,237411187960495.0,KOSDAQ
2020-02-27,638.17,2,-16.46,-0.0250999999999999,654.61,660.89,634.79,1231802620,7715985421182,231512753527037.0,KOSDAQ
2020-02-28,610.73,2,-27.44,-0.043,626.36,631.25,608.38,1389631587,8020425755643,221971810594185.0,KOSDAQ
2020-03-02,627.66,1,16.93,0.0277,617.88,627.71,607.32,1186854779,6153922071526,228073910340194.0,KOSDAQ
2020-03-03,626.82,2,-0.84,-0.0013,641.65,641.77,626.71,1232865263,6053621553612,227876485133828.0,KOSDAQ
2020-03-04,641.73,1,14.91,0.0237999999999999,623.75,641.73,623.55,1097676285,5659995987956,233919307962997.0,KOSDAQ
2020-03-05,650.19,1,8.46,0.0132,647.75,650.81,643.97,1077679803,6397649942101,237065256511816.0,KOSDAQ
2020-03-06,642.72,2,-7.47,-0.0115,642.33,647.83,637.2,1113502073,7238871927898,234780562644888.0,KOSDAQ
2020-03-09,614.6,2,-28.12,-0.0438,631.13,632.52,614.58,1317498376,8683416599387,224592596545367.0,KOSDAQ
2020-03-10,619.97,1,5.37,0.0087,606.89,619.98,604.51,1431027674,9633330697362,226525539356804.0,KOSDAQ
2020-03-11,595.61,2,-24.36,-0.0393,621.12,622.07,591.38,1570650509,8354953879364,217679145366129.0,KOSDAQ
2020-03-12,563.49,2,-32.12,-0.0538999999999999,589.2,594.32,555.47,1639528781,8049548012064,206048862292365.0,KOSDAQ
2020-03-13,524.0,2,-39.49,-0.0701,536.62,540.3,487.07,1522369149,8152013079708,191628164131520.0,KOSDAQ
2020-03-16,504.51,2,-19.49,-0.0372,538.68,541.87,504.51,1201664860,7219385680887,184690203595051.0,KOSDAQ
2020-03-17,514.73,1,10.22,0.0203,488.02,518.72,483.51,1367413984,7993286249998,188460556731288.0,KOSDAQ
2020-03-18,485.14,2,-29.59,-0.0575,520.79,526.1,485.14,1322271650,7410179195828,177738871903080.0,KOSDAQ
2020-03-19,428.35,2,-56.79,-0.1171,501.59,502.12,419.55,1646248394,8575181050654,157026545958875.0,KOSDAQ
2020-03-20,467.75,1,39.4,0.092,443.88,467.75,435.11,1243149958,6503974031895,171351187321883.0,KOSDAQ
2020-03-23,443.76,2,-23.99,-0.0513,443.51,455.97,435.81,1086690070,6163699189650,162563926645787.0,KOSDAQ
2020-03-24,480.4,1,36.64,0.0825999999999999,457.21,480.4,454.24,1143642267,6742315364863,175921670307867.0,KOSDAQ
2020-03-25,505.68,1,25.28,0.0526,496.32,506.43,488.98,1441082091,9686607773242,185244161322073.0,KOSDAQ
2020-03-26,516.61,1,10.93,0.0216,506.51,533.33,501.82,1649355882,11902864582657,189294134771057.0,KOSDAQ
2020-03-27,522.83,1,6.22,0.012,535.94,540.04,502.48,1979703657,14845252012307,191551905037994.0,KOSDAQ
2020-03-30,542.11,1,19.28,0.0369,513.13,542.12,511.47,1431987410,9610628410137,198576610761497.0,KOSDAQ
2020-03-31,569.07,1,26.96,0.0496999999999999,551.48,569.07,551.25,1865421932,13672046430924,208277587033144.0,KOSDAQ
2020-04-01,551.84,2,-17.23,-0.0302999999999999,568.88,579.76,551.3,1897096897,13461988721235,202131521987384.0,KOSDAQ
2020-04-02,567.7,1,15.86,0.0287,555.4,567.7,542.75,1680263293,10992105086350,207901417119792.0,KOSDAQ
2020-04-03,573.01,1,5.31,0.0093999999999999,571.29,576.27,564.02,1374770725,9453490282824,209882652288378.0,KOSDAQ
2020-04-06,597.21,1,24.2,0.0421999999999999,579.25,597.21,577.83,1526019932,9876607425043,218761437654472.0,KOSDAQ
2020-04-07,606.9,1,9.69,0.0162,606.21,606.9,593.22,2108624329,13276333571182,222382947974652.0,KOSDAQ
2020-04-08,607.37,1,0.47,0.0008,604.46,615.32,599.3,2362934605,12763686140658,222708420453819.0,KOSDAQ
2020-04-09,615.95,1,8.58,0.0141,616.67,618.37,610.66,1810580436,9552047659184,225817399796490.0,KOSDAQ
2020-04-10,611.26,2,-4.69,-0.0076,617.75,618.08,593.01,2001744917,10153608127697,224262545585950.0,KOSDAQ
2020-04-13,596.71,2,-14.55,-0.0237999999999999,609.94,611.06,596.71,2010346095,10096969133134,218902486182504.0,KOSDAQ
2020-04-14,610.29,1,13.58,0.0227999999999999,605.14,611.36,602.05,1600520940,8357337654927,223912578480156.0,KOSDAQ
2020-04-16,623.43,1,13.14,0.0215,606.69,623.59,603.15,1368160094,8217243456587,228844401093106.0,KOSDAQ
2020-04-17,634.79,1,11.36,0.0182,631.34,634.79,628.05,1640016902,9115282488580,233023373736427.0,KOSDAQ
2020-04-20,637.82,1,3.03,0.0048,635.71,643.05,634.2,1571067027,9532297331852,234188826361793.0,KOSDAQ
2020-04-21,628.77,2,-9.05,-0.0141999999999999,634.76,641.07,602.05,2164007881,12731402753334,230989350667137.0,KOSDAQ
2020-04-22,635.16,1,6.39,0.0102,618.95,635.31,616.88,1459274525,9185269344820,233065200930142.0,KOSDAQ
2020-04-23,643.79,1,8.63,0.0136,640.13,645.54,637.33,1659299238,10091678257927,236376134230907.0,KOSDAQ
2020-04-24,632.96,2,-10.83,-0.0168,640.19,645.22,629.12,1781069738,8847938332134,233087533911480.0,KOSDAQ
2020-04-27,646.86,1,13.9,0.022,638.9,647.11,638.58,1718845651,7697761067172,238021426354776.0,KOSDAQ
2020-04-28,644.93,2,-1.93,-0.003,649.46,651.39,638.69,1770727311,8179500497782,237324919684448.0,KOSDAQ
2020-04-29,645.18,1,0.25,0.0004,646.33,648.42,644.06,1686253660,7967208238399,237464993001678.0,KOSDAQ
2020-05-04,641.91,2,-3.27,-0.0051,637.0,648.57,635.16,1279273919,6695809690676,236245972556141.0,KOSDAQ
2020-05-06,658.4,1,16.49,0.0256999999999999,650.15,658.4,647.52,1506803206,8491492820293,242298856631906.0,KOSDAQ
2020-05-07,668.17,1,9.77,0.0148,659.45,669.03,658.93,1744936974,8831807027077,245929086568090.0,KOSDAQ
2020-05-08,682.3,1,14.13,0.0210999999999999,674.01,682.94,673.52,1683945287,9622021002854,251162127963181.0,KOSDAQ
2020-05-11,685.04,1,2.74,0.004,686.81,690.34,676.6,1538941850,10447899824259,252116820247388.0,KOSDAQ
2020-05-12,684.21,2,-0.83,-0.0012,687.48,688.37,673.66,1486569858,10034743488977,251887582457666.0,KOSDAQ
2020-05-13,691.53,1,7.32,0.0107,676.53,691.57,676.24,1510721806,9717013004508,253969090468104.0,KOSDAQ
2020-05-14,690.57,2,-0.96,-0.0014,687.92,693.68,684.33,1572689405,13051237743745,253699212433587.0,KOSDAQ
2020-05-15,691.93,1,1.36,0.002,695.8,696.91,686.23,1360015022,12394013972883,254601166225382.0,KOSDAQ
2020-05-18,690.85,2,-1.08,-0.0016,695.17,695.9,688.88,1470278618,10497458554156,254241536040340.0,KOSDAQ
2020-05-19,696.36,1,5.51,0.008,696.01,696.39,687.67,1819084997,11873294254513,256361306366522.0,KOSDAQ
2020-05-20,708.76,1,12.4,0.0178,697.15,709.16,697.09,2068645159,10475840387551,260722663361861.0,KOSDAQ
2020-05-21,716.02,1,7.26,0.0102,714.33,716.72,711.71,1993800798,11336859865421,263378591314049.0,KOSDAQ
2020-05-22,708.58,2,-7.44,-0.0104,717.78,719.15,702.5,1696053428,10791248591617,260660795756584.0,KOSDAQ
2020-05-25,719.89,1,11.31,0.016,712.88,719.89,708.6,1603666460,9460186140297,264794260868980.0,KOSDAQ
2020-05-26,729.11,1,9.22,0.0128,723.28,729.16,718.81,1554767947,10344399180723,268197171928379.0,KOSDAQ
2020-05-27,724.59,2,-4.52,-0.0062,728.26,730.41,722.04,1571385984,10577662065220,266629833314572.0,KOSDAQ
2020-05-28,708.75,2,-15.84,-0.0219,728.76,728.8,695.3,2097276801,11912397616368,260829222541212.0,KOSDAQ
2020-05-29,713.68,1,4.93,0.0069999999999999,706.16,714.51,700.84,1472678588,8503015269715,262489491150160.0,KOSDAQ
2020-06-01,735.72,1,22.04,0.0308999999999999,716.96,735.72,716.83,1275399532,10325550072820,270574394489720.0,KOSDAQ
2020-06-02,743.58,1,7.86,0.0107,737.67,743.7,735.06,1464961256,10733016778350,274253647791854.0,KOSDAQ
2020-06-03,737.66,2,-5.92,-0.008,749.49,750.14,734.63,1482743643,11559145518301,272084302185968.0,KOSDAQ
2020-06-04,742.37,1,4.71,0.0064,742.87,744.36,733.91,1305965359,9774409088927,273828409346018.0,KOSDAQ
2020-06-05,749.31,1,6.94,0.0093,743.65,749.75,739.52,1125022729,8656169341319,276027410148199.0,KOSDAQ
2020-06-08,753.04,1,3.73,0.005,754.12,754.32,747.37,1325593883,9120474445961,277963922903614.0,KOSDAQ
2020-06-09,753.82,1,0.78,0.001,756.02,756.45,746.56,1532566129,10343145794014,278254924581486.0,KOSDAQ
2020-06-10,758.62,1,4.8,0.0064,754.3,759.48,752.29,1577271882,12213263402340,280250042281570.0,KOSDAQ
2020-06-11,757.06,2,-1.56,-0.0021,760.07,766.96,752.04,1452105458,13508483238328,279711253374558.0,KOSDAQ
2020-06-12,746.06,2,-11.0,-0.0144999999999999,722.91,747.37,722.81,1324399825,11700600066952,275693170627774.0,KOSDAQ
2020-06-15,693.15,2,-52.91,-0.0709,745.6,747.21,693.15,1470732690,12260630750648,256105100809004.0,KOSDAQ
2020-06-16,735.38,1,42.23,0.0608999999999999,716.6,735.74,714.14,1320202220,10669159163167,270837275164427.0,KOSDAQ
2020-06-17,735.4,1,0.02,0.0,731.91,743.11,717.68,1408467690,10425319275124,271270293628374.0,KOSDAQ
2020-06-18,737.33,1,1.93,0.0026,738.11,743.12,732.92,1243956090,10605932236459,272153590832893.0,KOSDAQ
2020-06-19,742.03,1,4.7,0.0064,743.35,743.94,732.55,1529200115,12365576841701,274440983987982.0,KOSDAQ
2020-06-22,751.64,1,9.61,0.013,742.98,752.98,741.78,1336686240,10511545117287,278063201264343.0,KOSDAQ
2020-06-23,753.23,1,1.59,0.0021,758.61,761.37,744.26,1584472642,11682636855356,279155470931867.0,KOSDAQ
2020-06-24,759.5,1,6.27,0.0083,758.15,765.21,755.12,1333491336,11763015571337,281450477660148.0,KOSDAQ
2020-06-25,750.36,2,-9.14,-0.012,749.81,757.23,745.98,1362068902,11212779391026,277965658495348.0,KOSDAQ
2020-06-26,750.58,1,0.22,0.0003,758.62,758.62,742.57,1522033594,11787915491304,278144001033545.0,KOSDAQ
2020-06-29,734.69,2,-15.89,-0.0212,743.88,747.3,732.86,1347220000,9278719446789,272137619942336.0,KOSDAQ
2020-06-30,737.97,1,3.28,0.0045,744.54,744.54,731.76,1638598248,10528654854717,273285565080667.0,KOSDAQ
2020-07-01,727.58,2,-10.39,-0.0141,743.53,744.03,726.36,1184777323,8563272653656,269662310956897.0,KOSDAQ
2020-07-02,742.55,1,14.97,0.0206,732.94,742.55,732.09,1155544385,7539546908279,275201178190719.0,KOSDAQ
2020-07-03,752.18,1,9.63,0.013,746.13,752.22,741.11,1285378847,10147594270901,279224713694335.0,KOSDAQ
2020-07-06,759.9,1,7.72,0.0103,754.74,759.93,750.43,1142167783,8304840999364,282228831199949.0,KOSDAQ
2020-07-07,759.16,2,-0.74,-0.001,763.4,764.46,755.44,1290021016,10083403656699,282597936055501.0,KOSDAQ
2020-07-08,765.96,1,6.8,0.009,761.19,765.96,758.38,1306346231,10447531664480,283626666703050.0,KOSDAQ
2020-07-09,772.9,1,6.94,0.0091,770.46,774.5,769.31,1465602850,10387777888447,286265524654509.0,KOSDAQ
2020-07-10,772.81,2,-0.09,-0.0001,773.75,775.99,766.51,1332284345,12857389818389,286443593282677.0,KOSDAQ
2020-07-13,781.19,1,8.38,0.0108,777.92,781.19,773.08,1395977765,10852689014357,289955018660195.0,KOSDAQ
2020-07-14,778.39,2,-2.8,-0.0036,776.19,782.7,775.29,1635618753,12279852723326,289138577379961.0,KOSDAQ
2020-07-15,781.29,1,2.9,0.0037,783.14,783.29,775.96,1527810704,11307493831109,290382638256614.0,KOSDAQ
2020-07-16,775.07,2,-6.22,-0.008,783.24,783.24,769.39,1631137865,11153409883460,288054482816058.0,KOSDAQ
2020-07-17,783.22,1,8.15,0.0105,776.97,783.32,775.78,1365421261,8582996503427,290874354829833.0,KOSDAQ
2020-07-20,781.96,2,-1.26,-0.0016,786.25,786.29,776.97,1399220868,9279615248617,290683030081282.0,KOSDAQ
2020-07-21,790.58,1,8.62,0.011,787.3,792.2,785.75,1500350945,10341745248274,293847532413471.0,KOSDAQ
2020-07-22,794.99,1,4.41,0.0056,790.58,795.32,785.97,1476960212,11376188140829,295699183058717.0,KOSDAQ
2020-07-23,801.69,1,6.7,0.0084,796.46,803.07,792.27,1384206023,13661425189524,295719448167150.0,KOSDAQ
2020-07-24,794.8,2,-6.89,-0.0086,796.08,804.61,788.72,1455338205,12472640781381,293589630685837.0,KOSDAQ
2020-07-27,801.23,1,6.43,0.0081,795.19,804.58,795.19,1293548736,10426711995792,296395850284599.0,KOSDAQ
2020-07-28,807.85,1,6.62,0.0083,807.29,810.97,802.04,1547330215,11968083145955,298918047452087.0,KOSDAQ
2020-07-29,808.59,1,0.74,0.0009,807.71,809.77,804.29,1181621506,10594912989302,299433926691035.0,KOSDAQ
2020-07-30,814.19,1,5.6,0.0069,812.83,814.41,808.02,1301897880,13271127401229,301637228211747.0,KOSDAQ
2020-07-31,815.3,1,1.11,0.0014,817.52,818.7,814.23,1357354629,13058945226631,303951763086638.0,KOSDAQ
2020-08-03,827.57,1,12.27,0.015,820.41,827.79,815.15,1522754148,14512981443529,308607793868019.0,KOSDAQ
2020-08-04,835.35,1,7.78,0.0093999999999999,833.28,835.35,830.55,1509116541,13940170504044,311492401847718.0,KOSDAQ
2020-08-05,847.28,1,11.93,0.0143,837.19,847.38,837.11,1521802094,12744683649905,316312310546645.0,KOSDAQ
2020-08-06,854.12,1,6.84,0.0081,854.02,855.73,847.9,1498959838,14220423784626,318891872037496.0,KOSDAQ
2020-08-07,857.63,1,3.51,0.0040999999999999,858.3,859.43,849.01,1397199527,14574967437092,320507965456862.0,KOSDAQ
2020-08-10,862.76,1,5.13,0.006,859.53,863.8,854.48,1464015119,12625988092545,322848851704705.0,KOSDAQ
2020-08-11,860.23,2,-2.53,-0.0029,863.07,863.72,858.0,1532477407,13343016331686,322120086005506.0,KOSDAQ
2020-08-12,845.6,2,-14.63,-0.017,858.88,858.88,836.58,1674531224,14357658336914,316875295766191.0,KOSDAQ
2020-08-13,854.77,1,9.17,0.0108,854.82,862.98,852.15,1811111238,14868747939517,323218790975472.0,KOSDAQ
2020-08-14,835.03,2,-19.74,-0.0231,854.71,854.71,831.15,1732238253,13842550789521,316140847903004.0,KOSDAQ
2020-08-18,800.22,2,-34.81,-0.0417,834.55,834.55,794.91,1897401079,15861822146640,303852984979660.0,KOSDAQ
2020-08-19,818.74,1,18.52,0.0231,810.86,818.74,805.52,1601780980,14760513194950,311308564860357.0,KOSDAQ
2020-08-20,791.14,2,-27.6,-0.0337,816.63,821.11,785.0,1813140955,15393962828935,300679365482901.0,KOSDAQ
2020-08-21,796.01,1,4.87,0.0062,801.14,802.7,781.41,1658737136,14078885159446,302335894670751.0,KOSDAQ
2020-08-24,815.74,1,19.73,0.0248,798.2,815.74,787.93,1521281540,12997622808742,309708752641242.0,KOSDAQ
2020-08-25,836.31,1,20.57,0.0252,821.53,836.41,820.02,1605321337,14241915426823,317479077590074.0,KOSDAQ
2020-08-26,841.35,1,5.04,0.006,838.86,842.48,827.27,2152206828,17370409390169,319342491193477.0,KOSDAQ
2020-08-27,836.4,2,-4.95,-0.0059,842.38,842.83,832.74,2951684093,20848705414699,317502632627264.0,KOSDAQ
2020-08-28,841.3,1,4.9,0.0059,841.76,850.38,837.86,2111380251,16800923043506,319399051714396.0,KOSDAQ
2020-08-31,848.24,1,6.94,0.0081999999999999,847.97,852.54,839.63,1890066384,14737499586874,322427182130296.0,KOSDAQ
2020-09-01,853.37,1,5.13,0.006,850.58,854.22,847.53,1843909656,12734768508275,324374410245305.0,KOSDAQ
2020-09-02,866.74,1,13.37,0.0157,859.58,866.87,858.23,1843232410,14343098669927,329509234445006.0,KOSDAQ
2020-09-03,874.13,1,7.39,0.0085,871.02,874.16,869.84,1763488562,14025988533573,332407173304438.0,KOSDAQ
2020-09-04,866.04,2,-8.09,-0.0093,841.37,866.9,841.37,1730687456,14668094740830,329352561238170.0,KOSDAQ
2020-09-07,878.88,1,12.84,0.0148,872.03,879.36,864.39,1884731635,16014602593085,334262941381201.0,KOSDAQ
2020-09-08,878.29,2,-0.59,-0.0007,884.72,887.01,874.31,2517936267,19644737767900,333947635918970.0,KOSDAQ
2020-09-09,869.47,2,-8.82,-0.01,864.91,877.67,864.17,2367815600,16431483506706,330792229296867.0,KOSDAQ
2020-09-10,884.3,1,14.83,0.0171,881.12,884.3,874.77,1990691642,14651175377663,341586680390987.0,KOSDAQ
2020-09-11,888.44,1,4.14,0.0046999999999999,881.23,888.44,877.58,1994166155,14400432257925,343176240753738.0,KOSDAQ
2020-09-14,894.17,1,5.73,0.0064,894.38,894.8,886.48,1699498499,13528195166100,345578327210490.0,KOSDAQ
2020-09-15,899.46,1,5.29,0.0059,898.63,899.64,893.24,2098772869,15836926948795,347286394902148.0,KOSDAQ
2020-09-16,896.28,2,-3.18,-0.0034999999999999,901.75,905.56,891.99,2410950958,16003999657018,346431900577334.0,KOSDAQ
2020-09-17,885.18,2,-11.1,-0.0124,897.88,898.43,883.5,2286208575,14316885512166,342165649898536.0,KOSDAQ
2020-09-18,888.88,1,3.7,0.0042,889.47,892.39,878.78,1768419897,12674547734766,343792634700892.0,KOSDAQ
2020-09-21,866.99,2,-21.89,-0.0246,889.94,892.34,859.4,1965201109,13745295530716,335595334631637.0,KOSDAQ
2020-09-22,842.72,2,-24.27,-0.0279999999999999,867.72,867.89,838.13,1973655610,12318664052452,326397280358627.0,KOSDAQ
2020-09-23,843.45,1,0.73,0.0009,855.57,856.14,821.89,2246112604,13123004566410,326789815264100.0,KOSDAQ
2020-09-24,806.95,2,-36.5,-0.0433,825.74,833.04,804.28,2196877554,15462868746297,312855988837733.0,KOSDAQ
2020-09-25,808.28,1,1.33,0.0016,817.95,820.74,799.53,2212037146,13310027470901,313297467776482.0,KOSDAQ
2020-09-28,835.91,1,27.63,0.0342,820.72,836.15,819.86,1938337187,11134007052469,323925942792849.0,KOSDAQ
2020-09-29,848.15,1,12.24,0.0146,844.69,848.59,839.68,2084774071,11430772176461,328737556831502.0,KOSDAQ
2020-10-05,858.39,1,10.24,0.0121,848.67,858.82,843.06,1675260522,9951689845926,332735297891713.0,KOSDAQ
2020-10-06,862.58,1,4.19,0.0049,863.74,866.67,855.65,1981912495,10972339979124,334539907656227.0,KOSDAQ
2020-10-07,869.66,1,7.08,0.0081999999999999,856.7,869.69,856.66,2013038584,10601101845334,337583712704180.0,KOSDAQ
2020-10-08,871.62,1,1.96,0.0023,875.12,875.59,867.63,1994293780,12138290250017,338661105978556.0,KOSDAQ
2020-10-12,873.5,1,1.88,0.0022,875.25,875.25,868.01,2009372661,11751824977415,339021906210366.0,KOSDAQ
2020-10-13,871.92,2,-1.58,-0.0018,878.15,878.15,865.95,2277904281,14295524271439,338430534770178.0,KOSDAQ
2020-10-14,861.48,2,-10.44,-0.012,873.04,875.02,859.88,2373269157,12910781479414,334550903603476.0,KOSDAQ
2020-10-15,844.44,2,-17.04,-0.0197999999999999,861.37,861.37,833.55,2238669254,12500116810433,328155187061264.0,KOSDAQ
2020-10-16,833.84,2,-10.6,-0.0126,845.63,849.2,822.58,2275827730,10675848866378,324013185437601.0,KOSDAQ
2020-10-19,822.25,2,-11.59,-0.0139,836.83,838.63,821.5,1701656424,8516309771294,319817488099764.0,KOSDAQ
2020-10-20,824.65,1,2.4,0.0029,816.16,825.96,803.24,1664943968,10171863498380,320969248161526.0,KOSDAQ
2020-10-21,830.67,1,6.02,0.0073,827.35,830.95,819.66,1492449767,8700877486759,323449840723502.0,KOSDAQ
2020-10-22,812.7,2,-17.97,-0.0216,826.71,826.71,812.7,1734931881,9569520842369,316737110306542.0,KOSDAQ
2020-10-23,807.98,2,-4.72,-0.0058,817.7,817.7,804.75,1613364042,8366884020886,314966299108851.0,KOSDAQ
2020-10-26,778.02,2,-29.96,-0.0371,808.06,808.06,776.7,1634353781,8397441484378,303350650289887.0,KOSDAQ
2020-10-27,783.73,1,5.71,0.0073,771.84,794.04,766.96,2056533903,9246700919836,305590127162085.0,KOSDAQ
2020-10-28,806.2,1,22.47,0.0287,784.88,806.2,784.88,2049765027,7888726075126,314532559648375.0,KOSDAQ
2020-10-29,813.93,1,7.73,0.0096,791.02,814.16,791.02,1942544826,8292420034498,317270556284783.0,KOSDAQ
2020-10-30,792.65,2,-21.28,-0.0260999999999999,814.16,814.59,791.3,1880463332,8550017302636,309289392479541.0,KOSDAQ
2020-11-02,802.95,1,10.3,0.013,796.46,805.92,789.85,1537119962,6627149202726,313355465592139.0,KOSDAQ
2020-11-03,818.46,1,15.51,0.0192999999999999,810.01,821.28,810.01,1672273900,8746154853318,320035935003544.0,KOSDAQ
2020-11-04,826.97,1,8.51,0.0104,826.04,828.89,814.76,1804688626,10836965446701,323327674558939.0,KOSDAQ
2020-11-05,844.8,1,17.83,0.0216,833.37,845.81,831.78,1660809740,9827780299701,330313259670443.0,KOSDAQ
2020-11-06,836.78,2,-8.02,-0.0095,849.18,849.39,832.27,1923198756,13035090450987,327536568247327.0,KOSDAQ
2020-11-09,851.21,1,14.43,0.0172,845.81,851.21,845.17,1735445076,9930999641108,333140278598057.0,KOSDAQ
2020-11-10,840.79,2,-10.42,-0.0121999999999999,844.22,844.22,835.27,1815647411,11637052317231,329059123341736.0,KOSDAQ
2020-11-11,839.9,2,-0.89,-0.0011,840.89,842.76,829.53,2281172072,14066237034416,328432620617222.0,KOSDAQ
2020-11-12,840.08,1,0.18,0.0002,844.64,846.87,835.95,2068886438,11004803550932,328523167447655.0,KOSDAQ
2020-11-13,839.14,2,-0.94,-0.0011,837.28,839.54,826.17,1878625510,11733210878522,328357813196633.0,KOSDAQ
2020-11-16,847.33,1,8.19,0.0098,843.49,849.8,841.6,1619880173,10255818641401,331576034102507.0,KOSDAQ
2020-11-17,839.47,2,-7.86,-0.0093,846.55,846.55,836.0,1789493228,13642004402586,328957751501870.0,KOSDAQ
2020-11-18,851.74,1,12.27,0.0146,842.55,852.27,840.43,2330367048,14023705136659,334104731554859.0,KOSDAQ
2020-11-19,859.94,1,8.2,0.0096,851.68,860.99,849.72,2249200505,14795415294038,337226659089998.0,KOSDAQ
2020-11-20,870.18,1,10.24,0.0118999999999999,863.07,870.78,861.29,2148981921,13486881457703,342172155909942.0,KOSDAQ
2020-11-23,873.29,1,3.11,0.0036,872.22,875.26,868.6,2118835981,12853792911956,343359670857658.0,KOSDAQ
2020-11-24,872.1,2,-1.19,-0.0014,876.65,876.89,868.89,3185108496,14901986395090,343063375713436.0,KOSDAQ
2020-11-25,865.12,2,-6.98,-0.008,877.35,878.76,855.28,2494367783,18099462883809,340769656448342.0,KOSDAQ
2020-11-26,874.53,1,9.41,0.0109,868.6,875.26,861.05,1917340219,14580990661332,344984852565356.0,KOSDAQ
2020-11-27,885.56,1,11.03,0.0126,876.37,886.2,875.45,1829517005,12257401111567,349517656218602.0,KOSDAQ
2020-11-30,886.11,1,0.55,0.0006,890.65,891.53,885.65,1738037033,12153801452750,349878362036610.0,KOSDAQ
2020-12-01,891.29,1,5.18,0.0058,889.53,892.22,883.24,2133268235,12060673918302,352059819129442.0,KOSDAQ
2020-12-02,899.34,1,8.05,0.009,894.94,899.87,891.61,1890607381,13100865549191,355729099214863.0,KOSDAQ
2020-12-03,907.61,1,8.27,0.0092,901.61,907.72,900.09,2361180563,16430143120017,359010281832876.0,KOSDAQ
2020-12-04,913.76,1,6.15,0.0068,909.99,914.27,908.24,2167590114,16022525163512,361579274457035.0,KOSDAQ
2020-12-07,926.88,1,13.12,0.0144,914.15,927.35,910.36,2240526628,15665448246537,366928818634212.0,KOSDAQ
2020-12-08,906.84,2,-20.04,-0.0216,927.69,933.14,906.31,2601247446,18790847038787,358900481894265.0,KOSDAQ
2020-12-09,913.81,1,6.97,0.0077,908.05,917.21,904.45,2695657558,15615512175206,361967964595158.0,KOSDAQ
2020-12-10,921.7,1,7.89,0.0086,913.02,922.13,905.76,2666888165,14252740108960,365460909381638.0,KOSDAQ
2020-12-11,928.44,1,6.74,0.0073,925.3,929.23,923.39,1913758653,12775711431871,368341552823298.0,KOSDAQ
2020-12-14,929.54,1,1.1,0.0012,930.78,935.9,924.52,1610591744,14468239351106,369095208364118.0,KOSDAQ
2020-12-15,931.27,1,1.73,0.0019,930.73,934.3,921.27,2100826277,15788436049628,369949155726159.0,KOSDAQ
2020-12-16,939.65,1,8.38,0.009,932.41,941.45,932.41,1998312721,15564362953766,373325658996791.0,KOSDAQ
2020-12-17,944.04,1,4.39,0.0046999999999999,938.88,948.43,938.88,2650705919,16016013441596,375215635852649.0,KOSDAQ
2020-12-18,947.24,1,3.2,0.0034,945.81,948.59,942.46,2114839283,14532797545092,376636182298777.0,KOSDAQ
2020-12-21,953.58,1,6.34,0.0067,948.64,954.34,940.98,1926451056,16060513051164,379532019557436.0,KOSDAQ
2020-12-22,928.73,2,-24.85,-0.0260999999999999,953.48,953.48,928.51,1856455546,16455910112488,370417453416453.0,KOSDAQ
2020-12-23,923.17,2,-5.56,-0.006,932.25,938.91,918.44,1924137383,17289386263186,368990490176716.0,KOSDAQ
2020-12-24,928.68,1,5.51,0.006,924.34,933.39,920.53,1724765857,14369069603729,371285191286270.0,KOSDAQ
2020-12-28,927.0,2,-1.68,-0.0018,930.07,937.76,923.96,1642275265,16901675320394,370820564030624.0,KOSDAQ
2020-12-29,957.41,1,30.41,0.0327999999999999,928.58,957.48,928.58,1510814119,15406656310122,381194852318890.0,KOSDAQ
2020-12-30,968.42,1,11.01,0.0115,957.38,971.04,955.38,1638729235,16629392847377,385582620024419.0,KOSDAQ
2021-01-04,977.62,1,9.2,0.0095,968.86,977.62,960.52,1697123287,16878573342719,389065995135020.0,KOSDAQ
2021-01-05,985.76,1,8.14,0.0083,976.43,985.76,965.53,1808188609,18692449817778,391948561343148.0,KOSDAQ
2021-01-06,981.39,2,-4.37,-0.0044,987.25,990.88,977.37,1980415660,17521679765796,390292104174552.0,KOSDAQ
2021-01-07,988.86,1,7.47,0.0076,983.28,993.91,982.27,2256784798,18205995735137,393044712397583.0,KOSDAQ
2021-01-08,987.79,2,-1.07,-0.0011,990.7,995.22,978.12,2557365931,20362396725517,393016718764822.0,KOSDAQ
2021-01-11,976.63,2,-11.16,-0.0113,988.38,993.2,953.36,2201087113,20404861049194,388709158840849.0,KOSDAQ
2021-01-12,973.72,2,-2.91,-0.003,977.14,982.46,956.72,1741983615,13948876927307,387975469314251.0,KOSDAQ
2021-01-13,979.13,1,5.41,0.0056,974.14,982.66,972.1,1635160538,13080341895002,389900531656255.0,KOSDAQ
2021-01-14,980.29,1,1.16,0.0012,979.1,980.29,973.63,1736166508,13926039855569,390258095416319.0,KOSDAQ
2021-01-15,964.44,2,-15.85,-0.0162,981.72,982.31,963.09,1844766395,14722914589801,384165117957820.0,KOSDAQ
2021-01-18,944.67,2,-19.77,-0.0204999999999999,963.18,967.05,940.11,2040501391,13833864860768,376489396513436.0,KOSDAQ
2021-01-19,957.75,1,13.08,0.0138,945.33,962.14,936.93,2107756060,13405288448098,381601683194685.0,KOSDAQ
2021-01-20,977.66,1,19.91,0.0208,959.52,978.88,959.52,2441708683,14524258375480,389715588171039.0,KOSDAQ
2021-01-21,981.4,1,3.74,0.0038,979.82,984.98,975.62,1995071158,13845534429881,391719846279938.0,KOSDAQ
2021-01-22,979.98,2,-1.42,-0.0014,982.2,984.67,975.05,2288183346,15030875451228,392789001939249.0,KOSDAQ
2021-01-25,999.3,1,19.32,0.0197,981.05,999.64,981.05,1850119233,13779123861299,400496596683655.0,KOSDAQ
2021-01-26,994.0,2,-5.3,-0.0053,1000.0,1007.52,989.03,2651486050,16664899933369,398475654653447.0,KOSDAQ
2021-01-27,985.92,2,-8.08,-0.0081,996.42,1000.75,984.37,2857961966,15052424810455,395807997983747.0,KOSDAQ
2021-01-28,961.23,2,-24.69,-0.025,980.7,980.7,957.17,1951603292,13574661196362,386191348324985.0,KOSDAQ
2021-01-29,928.73,2,-32.5,-0.0338,963.58,970.95,918.68,2190876596,14917826136720,373691858148363.0,KOSDAQ
2021-02-01,956.92,1,28.19,0.0304,927.92,957.26,918.92,1546510024,10500432228328,383852379055594.0,KOSDAQ
2021-02-02,963.81,1,6.89,0.0072,958.85,972.35,953.72,1957391693,12015887337305,386610425371649.0,KOSDAQ
2021-02-03,970.69,1,6.88,0.0070999999999999,965.99,970.85,958.47,1912432035,12424600016962,389885989651896.0,KOSDAQ
2021-02-04,964.58,2,-6.11,-0.0063,970.93,970.95,958.05,2164705215,10415048915052,387517289425539.0,KOSDAQ
2021-02-05,967.42,1,2.84,0.0029,965.61,970.6,961.26,1988200753,10875951709484,388912076402899.0,KOSDAQ
2021-02-08,960.78,2,-6.64,-0.0069,966.94,968.03,956.93,2128325793,11091711042157,386388134694390.0,KOSDAQ
2021-02-09,957.85,2,-2.93,-0.003,961.31,966.22,957.69,3198991739,11467879097019,385254075945136.0,KOSDAQ
2021-02-10,964.31,1,6.46,0.0067,958.45,964.66,951.21,2806752142,10869297224752,388165994006552.0,KOSDAQ
2021-02-15,981.97,1,17.66,0.0183,965.83,982.78,965.83,3028376072,13372443817717,395295971775420.0,KOSDAQ
2021-02-16,977.74,2,-4.23,-0.0043,982.81,987.89,974.3,2985480993,17770235901468,393679329335145.0,KOSDAQ
2021-02-17,979.77,1,2.03,0.0021,977.93,979.9,970.55,5067754544,17218003934773,394436144128262.0,KOSDAQ
2021-02-18,967.42,2,-12.35,-0.0126,980.01,981.83,967.42,4408951407,16123123919251,389666391103170.0,KOSDAQ
2021-02-19,965.11,2,-2.31,-0.0024,967.65,968.92,944.74,4388461298,14536826618216,388856406467420.0,KOSDAQ
2021-02-22,954.29,2,-10.82,-0.0112,965.55,969.96,953.48,2731249440,13079035608091,384951310602166.0,KOSDAQ
2021-02-23,936.6,2,-17.69,-0.0185,952.23,952.23,934.35,3388331684,14776667851803,377978844331845.0,KOSDAQ
2021-02-24,906.31,2,-30.29,-0.0323,936.8,944.71,906.31,3622292087,15018599227546,367568379814534.0,KOSDAQ
2021-02-25,936.21,1,29.9,0.033,910.15,936.94,910.15,2445198430,13624179173398,379987785639181.0,KOSDAQ
2021-02-26,913.94,2,-22.27,-0.0237999999999999,930.54,930.54,904.18,2642759545,13748133033236,371466543251172.0,KOSDAQ
2021-03-02,923.17,1,9.23,0.0101,919.17,936.61,914.49,2959663360,11890567267383,374761728785017.0,KOSDAQ
2021-03-03,930.8,1,7.63,0.0083,922.52,930.86,920.07,3392814631,11170634491467,377728532829665.0,KOSDAQ
2021-03-04,926.2,2,-4.6,-0.0049,929.09,929.09,916.75,2448986924,11408925950249,375878532596092.0,KOSDAQ
2021-03-05,923.48,2,-2.72,-0.0029,923.32,924.42,907.41,2167990446,11452388886214,374836333465674.0,KOSDAQ
2021-03-08,904.77,2,-18.71,-0.0203,925.19,931.14,904.62,3318912036,11138339467079,367276289920824.0,KOSDAQ
2021-03-09,896.36,2,-8.41,-0.0093,904.04,904.04,877.73,3506189834,12509904631001,363976850953458.0,KOSDAQ
2021-03-10,890.07,2,-6.29,-0.0069999999999999,900.19,911.04,890.07,2879346024,10985816567193,361305227194353.0,KOSDAQ
2021-03-11,908.01,1,17.94,0.0202,890.97,908.01,890.97,2424907434,10785517154361,369291141596873.0,KOSDAQ
2021-03-12,925.49,1,17.48,0.0192999999999999,910.41,925.9,910.41,2856192772,11371313278564,376937995497048.0,KOSDAQ
2021-03-15,926.9,1,1.41,0.0015,926.04,929.69,921.71,2341585237,9808561730228,374910568269933.0,KOSDAQ
2021-03-16,940.65,1,13.75,0.0148,928.17,941.0,928.17,3365161890,12772182236696,381805863582235.0,KOSDAQ
2021-03-17,943.78,1,3.13,0.0033,941.2,943.78,935.11,2756482451,11765127256871,382735307810819.0,KOSDAQ
2021-03-18,949.83,1,6.05,0.0064,945.11,953.1,945.11,2062909604,11265567462545,385169771506175.0,KOSDAQ
2021-03-19,952.11,1,2.28,0.0024,946.61,953.06,935.27,1664272944,9633981408576,386433770456718.0,KOSDAQ
2021-03-22,955.38,1,3.27,0.0034,953.04,957.52,948.77,1777228197,10545520312097,387718070775718.0,KOSDAQ
2021-03-23,946.31,2,-9.07,-0.0095,956.1,962.65,945.97,2041533917,10883535325053,384442003801071.0,KOSDAQ
2021-03-24,953.82,1,7.51,0.0079,946.23,954.2,939.19,1729386492,10779149255181,386868063841943.0,KOSDAQ
2021-03-25,954.99,1,1.17,0.0012,953.26,955.24,948.34,1751078877,10640625791853,387311921085308.0,KOSDAQ
2021-03-26,956.7,1,1.71,0.0018,955.68,959.46,951.13,2125124532,9859024652982,388051677647507.0,KOSDAQ
2021-03-29,954.1,2,-2.6,-0.0027,956.88,961.73,952.22,2388776081,10283078701462,386977420485060.0,KOSDAQ
2021-03-30,958.06,1,3.96,0.0042,954.54,959.88,954.54,2027304695,10898410835946,388660278311558.0,KOSDAQ
2021-03-31,956.17,2,-1.89,-0.002,958.38,961.02,954.17,1854442291,11157684161677,388147690314283.0,KOSDAQ
2021-04-01,965.78,1,9.61,0.0101,956.87,965.81,954.93,2007569734,11588752060360,394771352585303.0,KOSDAQ
2021-04-02,970.09,1,4.31,0.0045,967.56,971.17,966.34,2331145002,12475512938704,396697734570566.0,KOSDAQ
2021-04-05,969.77,2,-0.32,-0.0003,971.04,973.57,966.52,1927322026,10929283245729,396773128894474.0,KOSDAQ
2021-04-06,968.63,2,-1.14,-0.0012,971.11,974.14,964.62,2413259358,12537286793688,396257628693703.0,KOSDAQ
2021-04-07,973.22,1,4.59,0.0046999999999999,969.3,974.11,968.35,2044987278,11616232738217,398349530804879.0,KOSDAQ
2021-04-08,982.02,1,8.8,0.009,974.14,982.04,969.53,1909598759,12521104061889,401896476660266.0,KOSDAQ
2021-04-09,989.39,1,7.37,0.0075,983.4,991.17,983.4,1593414936,11105387299119,405099551452819.0,KOSDAQ
2021-04-12,1000.65,1,11.26,0.0113999999999999,992.31,1000.78,990.32,1910152776,11840390517269,411115361023712.0,KOSDAQ
2021-04-13,1010.37,1,9.72,0.0097,1001.0,1010.8,1001.0,3655477351,14516838064880,415390067415364.0,KOSDAQ
2021-04-14,1014.42,1,4.05,0.004,1011.35,1016.06,1009.34,3177259828,13053979363154,417153328275534.0,KOSDAQ
2021-04-15,1013.9,2,-0.52,-0.0005,1014.34,1014.72,1008.8,2618274064,13132193741034,417077084368359.0,KOSDAQ
2021-04-16,1021.62,1,7.72,0.0076,1015.71,1022.36,1014.4,2070393809,12810677631426,420677460835311.0,KOSDAQ
2021-04-19,1029.46,1,7.84,0.0077,1022.06,1032.64,1020.58,2005256990,12743222843875,423343134725197.0,KOSDAQ
2021-04-20,1031.88,1,2.42,0.0024,1029.18,1031.9,1025.48,1768976339,11547530302802,424474314927600.0,KOSDAQ
2021-04-21,1022.22,2,-9.66,-0.0093999999999999,1031.26,1031.26,1019.59,2887741660,12630919012049,420953717156715.0,KOSDAQ
2021-04-22,1025.71,1,3.49,0.0034,1023.65,1029.8,1023.43,4090170279,13743537919361,422945269881904.0,KOSDAQ
2021-04-23,1026.82,1,1.11,0.0011,1024.29,1029.79,1018.87,4099784415,13672671471562,421550876803695.0,KOSDAQ
2021-04-26,1030.06,1,3.24,0.0032,1027.4,1030.6,1025.73,2927454731,13564839609432,423108000635792.0,KOSDAQ
2021-04-27,1021.01,2,-9.05,-0.0088,1030.29,1031.95,1019.81,3413757092,13671001025821,419685854453869.0,KOSDAQ
2021-04-28,998.27,2,-22.74,-0.0223,1021.13,1021.13,995.96,3244383442,13711332738506,411061833412744.0,KOSDAQ
2021-04-29,990.69,2,-7.58,-0.0076,999.01,1004.57,983.73,1931273721,11030438705238,408351811829639.0,KOSDAQ
2021-04-30,983.45,2,-7.24,-0.0073,991.08,995.74,975.66,1467201921,9529736593310,405736743776629.0,KOSDAQ
2021-05-03,961.81,2,-21.64,-0.022,982.97,986.2,961.3,1463943555,9138618717780,396831733638339.0,KOSDAQ
2021-05-04,967.2,1,5.39,0.0056,961.32,967.68,944.15,1548789401,9663135608893,398772703896844.0,KOSDAQ
2021-05-06,969.99,1,2.79,0.0029,966.62,971.65,961.16,1144812274,7410517881895,399981476935046.0,KOSDAQ
2021-05-07,978.3,1,8.31,0.0086,970.96,981.04,970.96,1268171627,8329519876075,403331514284598.0,KOSDAQ
2021-05-10,992.8,1,14.5,0.0148,979.38,993.06,979.38,1321822328,9194819231867,409442843856119.0,KOSDAQ
2021-05-11,978.61,2,-14.19,-0.0143,991.41,991.41,974.1,1413548300,9057854155977,403655764953011.0,KOSDAQ
2021-05-12,967.1,2,-11.51,-0.0118,978.27,979.99,958.57,1973033508,10980021244267,398888551390249.0,KOSDAQ
2021-05-13,951.77,2,-15.33,-0.0159,963.31,965.27,948.04,1445729955,10532691676594,392640700628032.0,KOSDAQ
2021-05-14,966.72,1,14.95,0.0157,953.91,967.18,953.91,1563428973,9811854409167,398933318009256.0,KOSDAQ
2021-05-17,962.5,2,-4.22,-0.0044,968.02,973.35,958.64,1458831318,10130861131875,397767111649832.0,KOSDAQ
2021-05-18,969.1,1,6.6,0.0069,962.83,969.79,959.98,1422393325,9981061863402,400500532174965.0,KOSDAQ
2021-05-20,971.13,1,2.03,0.0021,968.35,971.62,962.78,1531653535,8678381258959,403740754781293.0,KOSDAQ
2021-05-21,965.63,2,-5.5,-0.0056999999999999,972.3,979.37,965.55,1533585027,9504922357367,401618335153906.0,KOSDAQ
2021-05-24,948.37,2,-17.26,-0.0179,965.23,965.23,948.37,1540416884,9572309621161,394522746128492.0,KOSDAQ
2021-05-25,962.07,1,13.7,0.0144,949.78,963.4,949.78,1681868216,9513732404121,400299188194730.0,KOSDAQ
2021-05-26,966.06,1,3.99,0.0040999999999999,962.69,967.49,962.69,1939819737,9619791920821,402405441395329.0,KOSDAQ
2021-05-27,974.08,1,8.02,0.0083,967.01,974.29,960.64,1846140294,9837962073664,405770135577068.0,KOSDAQ
2021-05-28,977.46,1,3.38,0.0034999999999999,974.55,979.59,973.76,1577407642,8791949425246,407091956786306.0,KOSDAQ
2021-05-31,981.78,1,4.32,0.0044,979.0,983.41,979.0,1639881268,9035639114514,408938575016279.0,KOSDAQ
2021-06-01,984.59,1,2.81,0.0029,982.25,984.61,979.13,1779134671,9307165354697,410198729530081.0,KOSDAQ
2021-06-02,981.1,2,-3.49,-0.0034999999999999,985.5,986.0,977.74,1608837586,9639645807445,408626969774157.0,KOSDAQ
2021-06-03,990.19,1,9.09,0.0093,981.52,992.01,981.52,1704638309,8903652596634,412623714616328.0,KOSDAQ
2021-06-04,987.58,2,-2.61,-0.0026,990.16,990.16,983.02,2145264098,9881302433859,411626501939352.0,KOSDAQ
2021-06-07,985.86,2,-1.72,-0.0017,989.16,993.06,982.14,1954562972,9593189295963,410940950546112.0,KOSDAQ
2021-06-08,986.12,1,0.26,0.0003,986.43,988.35,982.75,1870820092,10590624231171,411012620425734.0,KOSDAQ
2021-06-09,978.79,2,-7.33,-0.0074,986.59,989.15,978.79,1687026003,10707179239580,407968255243612.0,KOSDAQ
2021-06-10,987.77,1,8.98,0.0092,979.52,993.08,979.47,1822081867,11158582914620,411720368833280.0,KOSDAQ
2021-06-11,991.13,1,3.36,0.0034,989.39,993.9,989.15,1548048245,9302575660730,413452800863739.0,KOSDAQ
2021-06-14,997.41,1,6.28,0.0063,992.8,998.85,991.93,1410029915,8648789497348,416060123492539.0,KOSDAQ
2021-06-15,997.37,2,-0.04,0.0,998.05,999.53,993.64,1643386486,9272013405861,415922787479071.0,KOSDAQ
2021-06-16,998.49,1,1.12,0.0011,997.68,1000.43,995.35,1435443567,8458793242890,416454471929237.0,KOSDAQ
2021-06-17,1003.72,1,5.23,0.0052,998.27,1004.7,994.76,1879605156,10138782773724,418787424540406.0,KOSDAQ
2021-06-18,1015.88,1,12.16,0.0121,1004.57,1016.33,1004.57,1849423450,11630309166631,423922152780844.0,KOSDAQ
2021-06-21,1010.99,2,-4.89,-0.0048,1014.59,1014.59,1006.83,1506150987,11060016377784,421945247103062.0,KOSDAQ
2021-06-22,1011.56,1,0.57,0.0006,1012.01,1016.7,1008.11,1611178252,11361988493104,422123177352320.0,KOSDAQ
2021-06-23,1016.46,1,4.9,0.0048,1012.78,1020.85,1012.78,1861225824,15440030033107,424693629699365.0,KOSDAQ
2021-06-24,1012.62,2,-3.84,-0.0038,1017.11,1019.35,1010.18,1862769084,12802685707274,423111351428983.0,KOSDAQ
2021-06-25,1012.13,2,-0.49,-0.0005,1013.97,1018.98,1011.31,1340335001,9845815540016,423253943120004.0,KOSDAQ
2021-06-28,1017.91,1,5.78,0.0056999999999999,1013.47,1018.76,1013.47,1587502357,9860922680859,425676140763402.0,KOSDAQ
2021-06-29,1022.52,1,4.61,0.0045,1019.64,1026.83,1019.28,2061941918,11864825291981,427689302215526.0,KOSDAQ
2021-06-30,1029.96,1,7.44,0.0073,1023.74,1030.94,1023.74,2086090133,10424600134472,430852268750372.0,KOSDAQ
2021-07-01,1035.64,1,5.68,0.0055,1030.48,1036.47,1028.48,1686829722,11193236448322,433343011836407.0,KOSDAQ
2021-07-02,1038.18,1,2.54,0.0025,1036.28,1038.54,1033.94,1685412039,12315435942919,434367744576722.0,KOSDAQ
2021-07-05,1047.33,1,9.15,0.0088,1039.79,1048.16,1039.79,1743060742,13870149686160,438133554796721.0,KOSDAQ
2021-07-06,1044.96,2,-2.37,-0.0023,1047.6,1049.24,1043.51,1964143239,12052441399772,436408555236986.0,KOSDAQ
2021-07-07,1047.36,1,2.4,0.0023,1045.0,1050.31,1042.42,1692983960,13770429999361,437764656273515.0,KOSDAQ
2021-07-08,1034.48,2,-12.88,-0.0123,1047.96,1049.95,1028.14,1869433462,15076515066718,432462660464132.0,KOSDAQ
2021-07-09,1028.93,2,-5.55,-0.0054,1031.78,1031.78,1013.91,2188638702,16117024439742,430338424020886.0,KOSDAQ
2021-07-12,1034.64,1,5.71,0.0055,1030.36,1037.01,1030.36,1716579256,10521164597353,432781974597761.0,KOSDAQ
2021-07-13,1043.31,1,8.67,0.0084,1035.68,1044.64,1035.68,1706838384,12868946954311,436637530493466.0,KOSDAQ
2021-07-14,1044.98,1,1.67,0.0016,1043.5,1045.45,1038.68,1714355799,12921471521369,437311499321458.0,KOSDAQ
2021-07-15,1054.31,1,9.33,0.0089,1046.57,1055.82,1046.57,2057346426,14717739646084,441302326422663.0,KOSDAQ
2021-07-16,1051.98,2,-2.33,-0.0022,1053.85,1053.95,1044.7,1728614265,11962097470508,439277850957363.0,KOSDAQ
2021-07-19,1049.83,2,-2.15,-0.002,1049.51,1051.45,1046.9,1404708503,11490891576495,438254882904271.0,KOSDAQ
2021-07-20,1043.64,2,-6.19,-0.0059,1040.99,1049.2,1036.14,1645090439,13173212169315,435763960794600.0,KOSDAQ
2021-07-21,1042.03,2,-1.61,-0.0015,1051.73,1051.95,1041.44,1322431057,12054385633639,435136915674887.0,KOSDAQ
2021-07-22,1050.25,1,8.22,0.0079,1046.51,1051.94,1046.51,1623555413,13719638220793,438722951266277.0,KOSDAQ
2021-07-23,1055.5,1,5.25,0.005,1053.01,1059.18,1053.01,1387871291,11489955224009,441045046066939.0,KOSDAQ
2021-07-26,1047.63,2,-7.87,-0.0075,1059.91,1060.21,1045.27,1267942889,11547869131951,437943873263120.0,KOSDAQ
2021-07-27,1046.55,2,-1.08,-0.001,1050.87,1053.46,1045.66,1550178367,11787582715930,438069645140399.0,KOSDAQ
2021-07-28,1035.68,2,-10.87,-0.0104,1043.19,1048.78,1030.04,1421011305,11763085049011,433789919954429.0,KOSDAQ
2021-07-29,1044.13,1,8.45,0.0081999999999999,1040.45,1044.79,1039.26,1206053845,10242211515037,436016220558679.0,KOSDAQ
2021-07-30,1031.14,2,-12.99,-0.0124,1044.28,1044.36,1029.19,1339556449,10862103635482,431002824833462.0,KOSDAQ
2021-08-02,1037.8,1,6.66,0.0065,1033.17,1038.49,1029.26,1202119976,9558869602146,433576142634198.0,KOSDAQ
2021-08-03,1036.11,2,-1.69,-0.0016,1038.91,1041.76,1029.05,1504475073,11502919135679,432870713562794.0,KOSDAQ
2021-08-04,1047.93,1,11.82,0.0113999999999999,1038.96,1047.93,1035.98,1485459389,12036705821031,437927097386031.0,KOSDAQ
2021-08-05,1059.54,1,11.61,0.0111,1050.45,1060.14,1050.32,1374783413,11892679952479,442746097426831.0,KOSDAQ
2021-08-06,1059.8,1,0.26,0.0002,1061.32,1062.03,1055.64,1346819616,10222599400268,442943362567919.0,KOSDAQ
2021-08-09,1060.0,1,0.2,0.0002,1059.29,1061.78,1054.58,1352833724,13620289329328,443085977787914.0,KOSDAQ
2021-08-10,1052.07,2,-7.93,-0.0075,1060.9,1060.9,1048.98,1689404454,12998339519041,439963433806927.0,KOSDAQ
2021-08-11,1051.92,2,-0.15,-0.0001,1050.48,1057.03,1048.7,1308328199,12738079063451,440941647898410.0,KOSDAQ
2021-08-12,1054.09,1,2.17,0.0021,1054.16,1058.41,1052.21,1089521907,12692268968746,441879392583593.0,KOSDAQ
2021-08-13,1040.78,2,-13.31,-0.0126,1054.28,1054.46,1024.48,1372315163,13044592285920,436624809366874.0,KOSDAQ
2021-08-17,1011.05,2,-29.73,-0.0286,1039.66,1039.66,1009.21,1176479166,12262428473077,424665454367757.0,KOSDAQ
2021-08-18,1021.08,1,10.03,0.0098999999999999,1006.8,1022.09,999.26,1095404874,11748690495630,428808322933653.0,KOSDAQ
2021-08-19,991.15,2,-29.93,-0.0293,1013.93,1022.77,991.13,1401855005,12148931578966,416692695265248.0,KOSDAQ
2021-08-20,967.9,2,-23.25,-0.0235,997.02,1000.67,964.02,1266099067,12190380219219,408591996539144.0,KOSDAQ
2021-08-23,993.18,1,25.28,0.0260999999999999,977.87,996.23,969.48,993511266,10296601618224,419217755555069.0,KOSDAQ
2021-08-24,1013.18,1,20.0,0.0200999999999999,1002.19,1015.09,1000.72,1326076918,12377736833398,427039371777845.0,KOSDAQ
2021-08-25,1017.78,1,4.6,0.0045,1017.96,1017.96,1006.98,1225841208,10816491514067,429489097888340.0,KOSDAQ
2021-08-26,1020.44,1,2.66,0.0026,1020.85,1026.26,1015.91,1081654384,11180169707648,430319914198000.0,KOSDAQ
2021-08-27,1023.51,1,3.07,0.003,1017.36,1027.26,1014.1,1298908156,11406684565352,431572258752024.0,KOSDAQ
2021-08-30,1031.84,1,8.33,0.0081,1030.65,1035.77,1027.84,1178120943,12200172741599,435388315979671.0,KOSDAQ
2021-08-31,1038.33,1,6.49,0.0063,1032.77,1038.33,1026.36,1243473897,13623946468144,438022823462682.0,KOSDAQ
2021-09-01,1045.98,1,7.65,0.0074,1038.09,1046.0,1035.09,1145478500,12022604000530,440812884706616.0,KOSDAQ
2021-09-02,1047.19,1,1.21,0.0012,1048.15,1048.2,1042.36,1292476797,11427941630718,441259857358480.0,KOSDAQ
2021-09-03,1053.85,1,6.66,0.0064,1049.81,1054.53,1047.12,1435361402,12103383599963,444098819986813.0,KOSDAQ
2021-09-06,1052.96,2,-0.89,-0.0008,1056.3,1056.3,1049.27,1331555858,10880614330842,444024963370838.0,KOSDAQ
2021-09-07,1054.43,1,1.47,0.0014,1054.03,1054.76,1049.8,1568516031,11912893314215,444754596676937.0,KOSDAQ
2021-09-08,1037.22,2,-17.21,-0.0163,1053.46,1053.46,1037.22,1479336261,11490320271385,437821726277239.0,KOSDAQ
2021-09-09,1034.62,2,-2.6,-0.0025,1033.97,1042.04,1027.64,1414153405,11120049299621,436799116498971.0,KOSDAQ
2021-09-10,1037.91,1,3.29,0.0032,1035.86,1039.73,1026.97,1378379001,11346322957348,438788954150453.0,KOSDAQ
2021-09-13,1026.34,2,-11.57,-0.0111,1036.86,1037.5,1023.98,1261320042,11293321989389,433474434881504.0,KOSDAQ
2021-09-14,1037.74,1,11.4,0.0111,1029.57,1038.94,1028.4,1157085076,10835020038294,438236418448785.0,KOSDAQ
2021-09-15,1042.79,1,5.05,0.0049,1039.57,1044.26,1038.8,1438562152,10981025205942,440310242042624.0,KOSDAQ
2021-09-16,1039.43,2,-3.36,-0.0032,1047.85,1048.37,1037.72,1131795685,9824587326945,438749514615599.0,KOSDAQ
2021-09-17,1046.12,1,6.69,0.0064,1040.73,1046.13,1033.69,1160928052,10015698180738,441460079778840.0,KOSDAQ
2021-09-23,1036.26,2,-9.86,-0.0093999999999999,1040.38,1043.58,1036.25,968174945,8944856527666,437574971088129.0,KOSDAQ
2021-09-24,1037.03,1,0.77,0.0007,1040.43,1045.21,1034.8,1306783503,11609039774307,438342789829077.0,KOSDAQ
2021-09-27,1034.82,2,-2.21,-0.0021,1037.21,1039.63,1031.93,1045959758,9391058104375,438030979698356.0,KOSDAQ
2021-09-28,1012.51,2,-22.31,-0.0216,1034.04,1034.07,1012.51,1396083037,11058076989719,428895986394031.0,KOSDAQ
2021-09-29,1001.46,2,-11.05,-0.0109,994.61,1004.85,989.07,1313134191,10231070525590,424692994271143.0,KOSDAQ
2021-09-30,1003.27,1,1.81,0.0018,1001.92,1010.03,999.58,1290217375,10376952766694,425618382401229.0,KOSDAQ
2021-10-01,983.2,2,-20.07,-0.02,998.7,1002.68,982.26,1371271438,11792050726209,416951983881276.0,KOSDAQ
2021-10-05,955.37,2,-27.83,-0.0283,974.24,974.24,950.09,1346265019,11661440540237,405150027566390.0,KOSDAQ
2021-10-06,922.36,2,-33.01,-0.0346,962.62,967.67,922.36,1651916244,13277921283319,392727529211677.0,KOSDAQ
2021-10-07,953.43,1,31.07,0.0337,932.65,953.48,932.32,1353557216,10685912221155,406545805846351.0,KOSDAQ
2021-10-08,953.11,2,-0.32,-0.0003,959.81,961.72,948.02,1339875035,11200342898141,406605402466677.0,KOSDAQ
2021-10-12,940.15,2,-12.96,-0.0136,951.12,951.12,936.95,1142383534,8629240929449,401105990838963.0,KOSDAQ
2021-10-13,953.47,1,13.32,0.0141999999999999,939.4,954.63,939.28,1049502909,9340619809442,406746302690497.0,KOSDAQ
2021-10-14,983.43,1,29.96,0.0314,960.58,983.63,960.52,1191419853,11105866087309,419563013621520.0,KOSDAQ
2021-10-15,990.54,1,7.11,0.0072,990.24,992.16,981.83,1365015404,11764984606769,422904129256407.0,KOSDAQ
2021-10-18,993.86,1,3.32,0.0034,992.57,997.92,985.14,1188921086,9740207830369,424330514996207.0,KOSDAQ
2021-10-19,1005.35,1,11.49,0.0116,997.57,1005.35,997.1,1375183920,12240802751841,429310538619943.0,KOSDAQ
2021-10-20,1001.62,2,-3.73,-0.0037,1009.11,1011.55,1001.1,1552193249,11827293635053,427826189364811.0,KOSDAQ
2021-10-21,993.7,2,-7.92,-0.0079,1003.48,1004.61,992.04,1559956716,11817299443322,424749090561410.0,KOSDAQ
2021-10-22,995.07,1,1.37,0.0014,992.22,1000.15,989.43,1161757809,10771157419543,425781067107259.0,KOSDAQ
2021-10-25,994.31,2,-0.76,-0.0008,994.75,995.39,986.55,1061836072,8737161207277,425437548603624.0,KOSDAQ
2021-10-26,1011.76,1,17.45,0.0175,1000.32,1011.76,1000.29,1330616766,9991541408685,432990292153404.0,KOSDAQ
2021-10-27,1008.95,2,-2.81,-0.0028,1012.91,1013.17,1006.03,1273224675,11207852223318,431939999325316.0,KOSDAQ
2021-10-28,1000.13,2,-8.82,-0.0087,1008.93,1011.5,999.59,1311944369,11407407913073,428184000016564.0,KOSDAQ
2021-10-29,992.33,2,-7.8,-0.0078,1004.91,1005.19,991.03,1318558678,10407000817514,425205954505588.0,KOSDAQ
2021-11-01,998.57,1,6.24,0.0063,995.56,1001.25,994.28,1173729999,10938622668484,429084558556825.0,KOSDAQ
2021-11-02,1009.44,1,10.87,0.0109,1000.96,1012.2,1000.96,1399930759,10826784587141,433942487239632.0,KOSDAQ
2021-11-03,1005.0,2,-4.44,-0.0044,1011.2,1013.68,1003.66,1099571601,10258777705298,432055399313600.0,KOSDAQ
2021-11-04,1001.43,2,-3.57,-0.0036,1012.62,1015.72,995.73,1227813093,11418124829686,430353454538720.0,KOSDAQ
2021-11-05,1001.35,2,-0.08,-0.0001,1006.04,1006.04,995.35,1253704592,11271591794126,430421532035926.0,KOSDAQ
2021-11-08,1002.5,1,1.15,0.0011,999.08,1003.18,988.36,1254164590,10375408483886,430895728191855.0,KOSDAQ
2021-11-09,1008.68,1,6.18,0.0062,1002.51,1010.79,1002.51,1245497354,11659256395296,433588443941298.0,KOSDAQ
2021-11-10,987.75,2,-20.93,-0.0207,1006.59,1006.9,983.82,1476502817,14354186393141,425780255167798.0,KOSDAQ
2021-11-11,992.65,1,4.9,0.005,981.42,994.69,979.68,1108639885,12919701760092,427847548553403.0,KOSDAQ
2021-11-12,1009.07,1,16.42,0.0165,999.29,1009.15,998.14,856017580,11961657280067,435405394416065.0,KOSDAQ
2021-11-15,1029.03,1,19.96,0.0197999999999999,1016.35,1029.07,1016.16,932602849,11727310938119,444075252174115.0,KOSDAQ
2021-11-16,1035.46,1,6.43,0.0062,1029.35,1035.98,1027.07,995271359,13408979760445,446578961130180.0,KOSDAQ
2021-11-17,1031.26,2,-4.2,-0.0040999999999999,1039.36,1039.36,1028.02,1410240728,16138328944504,445377127450418.0,KOSDAQ
2021-11-18,1032.77,1,1.51,0.0015,1033.16,1034.51,1018.13,1467430336,14920600398097,446203604074411.0,KOSDAQ
2021-11-19,1041.92,1,9.15,0.0089,1032.07,1042.4,1029.54,1268957422,13397520463189,450938406584796.0,KOSDAQ
2021-11-22,1032.31,2,-9.61,-0.0092,1043.55,1045.36,1023.13,1320324223,14537344182526,447133257664301.0,KOSDAQ
2021-11-23,1013.72,2,-18.59,-0.018,1024.33,1029.08,1012.95,1037747986,11656504011083,439265359557293.0,KOSDAQ
2021-11-24,1020.13,1,6.41,0.0063,1015.23,1021.13,1003.19,1023600040,11197105285054,442042985564224.0,KOSDAQ
2021-11-25,1015.66,2,-4.47,-0.0044,1023.41,1025.9,1015.62,1097455962,11633756355210,439680919576126.0,KOSDAQ
2021-11-26,1005.89,2,-9.77,-0.0096,1017.9,1021.15,999.4,1239981144,14129245038385,435589065367490.0,KOSDAQ
2021-11-29,992.34,2,-13.55,-0.0135,986.64,1002.79,980.26,1347690421,13027892641875,429666318680950.0,KOSDAQ
2021-11-30,965.63,2,-26.71,-0.0269,1003.04,1004.83,960.84,1356752020,15438608276619,418808272904352.0,KOSDAQ
2021-12-01,977.15,1,11.52,0.0118999999999999,969.9,977.73,949.86,1079797538,12150973154702,423861519579088.0,KOSDAQ
2021-12-02,977.43,1,0.28,0.0003,967.34,978.16,961.98,1091537350,12346721801988,423999641982597.0,KOSDAQ
2021-12-03,998.47,1,21.04,0.0215,981.65,998.49,977.91,1211827400,10563290752183,433213610767510.0,KOSDAQ
2021-12-06,991.87,2,-6.6,-0.0066,990.07,994.15,980.87,1060487530,10411792834236,430237684596149.0,KOSDAQ
2021-12-07,996.64,1,4.77,0.0048,996.89,999.52,991.07,1017251343,11173734150755,432398081907593.0,KOSDAQ
2021-12-08,1006.04,1,9.4,0.0093999999999999,1006.61,1012.64,1003.92,1065606558,12033920414527,436475610108375.0,KOSDAQ
2021-12-09,1022.87,1,16.83,0.0167,1009.29,1022.87,1009.29,1060993102,11094331065320,443671151691760.0,KOSDAQ
2021-12-10,1011.57,2,-11.3,-0.011,1016.34,1018.42,1010.02,1153420893,11060443518846,439846924196262.0,KOSDAQ
2021-12-13,1005.96,2,-5.61,-0.0055,1014.27,1014.9,1005.96,1339322710,11497778932588,437471422879508.0,KOSDAQ
2021-12-14,1002.81,2,-3.15,-0.0031,1001.11,1007.73,996.85,1081580537,10304040060288,436213478092887.0,KOSDAQ
2021-12-15,1003.52,1,0.71,0.0007,1002.18,1007.44,999.21,1125306039,10406637581192,436595791418957.0,KOSDAQ
2021-12-16,1007.86,1,4.34,0.0043,1013.05,1016.32,1006.9,1336914031,12447275181054,438852179769454.0,KOSDAQ
2021-12-17,1001.26,2,-6.6,-0.0065,1001.51,1005.36,995.93,1095248020,10335780047776,436220014726675.0,KOSDAQ
2021-12-20,990.51,2,-10.75,-0.0107,1001.17,1004.75,990.51,1009820662,10568759886075,431776419073318.0,KOSDAQ
2021-12-21,996.6,1,6.09,0.0060999999999999,994.53,997.3,982.43,1371817709,11768346637023,434549269899128.0,KOSDAQ
2021-12-22,1000.13,1,3.53,0.0034999999999999,1004.1,1005.23,999.05,1182499203,10925724483426,436198794272414.0,KOSDAQ
2021-12-23,1003.31,1,3.18,0.0032,1004.45,1007.42,1001.48,1435842578,11870959043649,437820806126368.0,KOSDAQ
2021-12-24,1007.42,1,4.11,0.0040999999999999,1008.05,1010.98,1005.61,1235763775,10866440448675,439628750148269.0,KOSDAQ
2021-12-27,1011.36,1,3.94,0.0039,1008.9,1013.7,1006.87,1151529210,10044619548010,437280772439099.0,KOSDAQ
2021-12-28,1027.44,1,16.08,0.0159,1016.29,1027.45,1014.39,1286746402,13243096735294,444227877043742.0,KOSDAQ
2021-12-29,1028.05,1,0.61,0.0006,1028.46,1034.05,1022.73,950937045,11683612739396,443469160171658.0,KOSDAQ
2021-12-30,1033.98,1,5.93,0.0058,1029.74,1034.87,1021.59,907418457,10102608496296,446297029881938.0,KOSDAQ
2022-01-03,1037.83,1,3.85,0.0037,1038.97,1039.67,1030.57,1054529978,10092577626702,448123660319139.0,KOSDAQ
2022-01-04,1031.66,2,-6.17,-0.0059,1041.07,1041.29,1025.23,1324120700,12139420862451,445673977477660.0,KOSDAQ
2022-01-05,1009.62,2,-22.04,-0.0214,1029.12,1029.12,1007.84,1500450916,12047849537273,436918828218897.0,KOSDAQ
2022-01-06,980.3,2,-29.32,-0.0289999999999999,993.6,1003.01,979.83,1461244707,11947623485793,424544648878166.0,KOSDAQ
2022-01-07,995.16,1,14.86,0.0152,986.18,997.02,986.18,1470712915,9820274964864,431724177701455.0,KOSDAQ
2022-01-10,980.38,2,-14.78,-0.0149,992.49,992.49,976.41,1270478402,9536208495774,425456621483680.0,KOSDAQ
2022-01-11,969.92,2,-10.46,-0.0107,982.44,985.13,962.91,1280482436,9752763386872,420951312688205.0,KOSDAQ
2022-01-12,991.33,1,21.41,0.0220999999999999,978.69,991.71,978.69,1158100024,9981837923495,430201006473291.0,KOSDAQ
2022-01-13,983.25,2,-8.08,-0.0081999999999999,994.55,994.55,981.31,1235146232,10044965640570,426726340266803.0,KOSDAQ
2022-01-14,971.39,2,-11.86,-0.0121,971.11,977.69,967.19,1367327453,9305693667967,421694680043486.0,KOSDAQ
2022-01-17,957.9,2,-13.49,-0.0139,971.81,971.81,954.82,1111747598,7852818283868,415424862217103.0,KOSDAQ
2022-01-18,943.94,2,-13.96,-0.0146,959.98,969.17,942.11,1070286086,8179885155252,409390938874315.0,KOSDAQ
2022-01-19,933.9,2,-10.04,-0.0106,935.06,944.81,929.15,1224551812,7749003553659,405062938182427.0,KOSDAQ
2022-01-20,958.7,1,24.8,0.0266,934.0,958.7,933.97,1043809180,7188206594715,416429841592345.0,KOSDAQ
2022-01-21,942.85,2,-15.85,-0.0165,950.67,958.38,937.48,1128911326,7949730211206,409743138449470.0,KOSDAQ
2022-01-24,915.4,2,-27.45,-0.0291,935.13,935.13,911.02,1038913331,7938015555392,398458758496571.0,KOSDAQ
2022-01-25,889.44,2,-25.96,-0.0283999999999999,920.95,923.07,883.17,1286527934,8856272168303,387167442019088.0,KOSDAQ
2022-01-26,882.09,2,-7.35,-0.0083,892.01,900.38,881.68,1116983736,8871976082750,384058256976012.0,KOSDAQ
2022-01-27,849.23,2,-32.86,-0.0373,884.23,885.0,847.34,1174848537,9037590212119,369827744061809.0,KOSDAQ
2022-01-28,872.87,1,23.64,0.0278,852.57,872.87,835.55,1028107642,9071937987284,380260388779252.0,KOSDAQ
2022-02-03,891.6,1,18.73,0.0215,887.85,898.37,887.02,1079998296,9307433776056,388466615847469.0,KOSDAQ
2022-02-04,902.87,1,11.27,0.0126,888.51,902.87,886.93,1053336697,9138397820051,393766191972217.0,KOSDAQ
2022-02-07,899.4,2,-3.47,-0.0038,905.96,905.96,893.91,901974599,8037457729732,392418354684870.0,KOSDAQ
2022-02-08,895.27,2,-4.13,-0.0046,900.7,907.24,887.54,1184929632,9593500889777,391097718188182.0,KOSDAQ
2022-02-09,910.53,1,15.26,0.017,904.07,910.53,900.86,890473957,6782622238426,397834342026246.0,KOSDAQ
2022-02-10,895.68,2,-14.85,-0.0163,914.65,914.92,893.21,858885055,7714202732049,391411062362073.0,KOSDAQ
2022-02-11,877.42,2,-18.26,-0.0204,885.31,889.42,877.28,1025547169,7707268938382,383602822152052.0,KOSDAQ
2022-02-14,852.79,2,-24.63,-0.0281,864.49,867.24,850.28,889899460,6732107608974,372833835774588.0,KOSDAQ
2022-02-15,839.92,2,-12.87,-0.0151,855.62,860.4,837.83,1036347162,6961353571634,367242898548042.0,KOSDAQ
2022-02-16,878.15,1,38.23,0.0455,857.54,878.15,857.54,876748382,7281488555172,383988705322053.0,KOSDAQ
2022-02-17,874.22,2,-3.93,-0.0045,879.12,890.78,858.78,1171956008,8927373604145,382333310474190.0,KOSDAQ
2022-02-18,881.71,1,7.49,0.0086,862.19,882.01,860.81,953404999,6306614205106,385828184375665.0,KOSDAQ
2022-02-21,884.25,1,2.54,0.0029,871.23,884.26,865.58,865985994,5780449790017,387158113167875.0,KOSDAQ
2022-02-22,868.11,2,-16.14,-0.0183,869.08,878.33,865.23,1103601733,7066242474935,380676182413189.0,KOSDAQ
2022-02-23,877.33,1,9.22,0.0106,873.32,879.98,870.25,1084257343,6859833461226,384957792011110.0,KOSDAQ
2022-02-24,848.21,2,-29.12,-0.0332,869.24,870.58,847.86,1678595090,8953088073517,372262706716240.0,KOSDAQ
2022-02-25,872.98,1,24.77,0.0292,864.72,872.98,863.47,1373455481,8691597560365,383233819767983.0,KOSDAQ
2022-02-28,881.07,1,8.09,0.0093,870.27,881.07,868.91,1071362969,6936755798474,387033875719455.0,KOSDAQ
2022-03-02,895.45,1,14.38,0.0163,880.62,896.8,879.03,1039389675,6874849954390,393343010204497.0,KOSDAQ
2022-03-03,912.32,1,16.87,0.0187999999999999,901.28,912.35,899.85,1059669757,8396536395734,401110114813612.0,KOSDAQ
2022-03-04,900.96,2,-11.36,-0.0125,908.47,909.24,896.84,1000716536,7348995514720,396397810166970.0,KOSDAQ
2022-03-07,881.54,2,-19.42,-0.0216,889.95,889.95,878.45,865671012,6334514007687,387915944066587.0,KOSDAQ
2022-03-08,870.14,2,-11.4,-0.0129,869.05,881.3,864.69,981991611,7405890899096,382989670039652.0,KOSDAQ
2022-03-10,889.08,1,18.94,0.0218,885.05,892.55,884.98,987431107,7435469065556,391287843536653.0,KOSDAQ
2022-03-11,891.71,1,2.63,0.003,888.57,894.99,887.28,1128282684,7829917853151,392472709466829.0,KOSDAQ
2022-03-14,872.44,2,-19.27,-0.0216,893.18,893.18,870.81,1154157954,9133398628550,384018876707850.0,KOSDAQ
2022-03-15,871.22,2,-1.22,-0.0014,870.33,874.73,866.47,1194863731,7817048691498,383588750727378.0,KOSDAQ
2022-03-16,891.8,1,20.58,0.0236,881.89,891.8,879.68,1347121286,7779376624922,392806696742367.0,KOSDAQ
2022-03-17,914.13,1,22.33,0.025,903.75,916.22,903.75,1462932895,9832703365547,402564095959107.0,KOSDAQ
2022-03-18,922.96,1,8.83,0.0097,915.29,922.99,912.0,1200427471,8475000412914,406720223471162.0,KOSDAQ
2022-03-21,918.4,2,-4.56,-0.0049,926.86,926.86,917.93,1333272216,8416902151868,404917200939360.0,KOSDAQ
2022-03-22,924.67,1,6.27,0.0068,916.7,924.72,914.33,1392364387,9800673523800,407903885898752.0,KOSDAQ
2022-03-23,930.57,1,5.9,0.0064,929.35,933.27,927.02,1442826026,11241547101096,410597405465788.0,KOSDAQ
2022-03-24,931.75,1,1.18,0.0013,926.29,931.87,920.69,1381161798,11123840267222,411477462295878.0,KOSDAQ
2022-03-25,934.69,1,2.94,0.0032,936.94,937.69,933.09,1568700133,11253887680966,412928688293104.0,KOSDAQ
2022-03-28,927.11,2,-7.58,-0.0081,934.18,934.18,926.55,1374925556,9545340789373,409535802584339.0,KOSDAQ
2022-03-29,937.83,1,10.72,0.0116,932.86,937.83,930.34,1459601369,10371474884334,414362927826984.0,KOSDAQ
2022-03-30,939.07,1,1.24,0.0013,942.08,943.3,936.91,1537106736,9222847466715,415191485205692.0,KOSDAQ
2022-03-31,944.53,1,5.46,0.0058,936.66,944.92,936.2,1424833366,9307445604421,417317124960856.0,KOSDAQ
2022-04-01,940.57,2,-3.96,-0.0042,940.49,942.22,936.86,1252845693,8425958355698,415795813768009.0,KOSDAQ
2022-04-04,947.32,1,6.75,0.0072,940.47,947.33,938.45,1089321829,6757594402514,418735951725720.0,KOSDAQ
2022-04-05,952.47,1,5.15,0.0054,950.89,953.06,949.46,1639513628,8474699704859,420359516199467.0,KOSDAQ
2022-04-06,943.13,2,-9.34,-0.0098,944.27,947.41,939.82,1405795481,8945967853785,416395345298109.0,KOSDAQ
2022-04-07,927.95,2,-15.18,-0.0161,936.92,936.92,925.91,1182004185,8336296905619,409710290313283.0,KOSDAQ
2022-04-08,934.73,1,6.78,0.0073,931.98,935.68,924.73,906472465,7220461334467,412680661082717.0,KOSDAQ
2022-04-11,921.83,2,-12.9,-0.0138,932.48,934.61,920.75,943672153,6407700982592,406890348889889.0,KOSDAQ
2022-04-12,913.82,2,-8.01,-0.0087,914.28,916.76,905.18,1137434538,7007752079496,403567029948941.0,KOSDAQ
2022-04-13,927.31,1,13.49,0.0148,915.89,927.33,913.92,1108431927,6877376859109,409147233206636.0,KOSDAQ
2022-04-14,928.01,1,0.7,0.0008,930.69,931.81,925.61,1166368166,6645178870081,409395445424699.0,KOSDAQ
2022-04-15,924.44,2,-3.57,-0.0038,921.53,925.13,916.91,1296261590,6606185918117,408167667786018.0,KOSDAQ
2022-04-18,918.23,2,-6.21,-0.0067,921.69,923.51,917.53,1099287788,6044292282101,405179742679094.0,KOSDAQ
2022-04-19,931.56,1,13.33,0.0144999999999999,922.6,931.56,922.6,1301362690,7714189096974,410912732976898.0,KOSDAQ
2022-04-20,928.93,2,-2.63,-0.0028,933.29,933.37,927.29,1258908533,7096616182752,409871010834383.0,KOSDAQ
2022-04-21,929.68,1,0.75,0.0008,930.45,934.26,929.54,1400233085,8308883170490,410430449166271.0,KOSDAQ
2022-04-22,922.78,2,-6.9,-0.0074,922.77,924.16,916.65,1381524478,7466490287022,407887319830007.0,KOSDAQ
2022-04-25,899.84,2,-22.94,-0.0249,909.53,911.53,899.83,1425300927,8691118587644,398487564978506.0,KOSDAQ
2022-04-26,911.16,1,11.32,0.0126,906.59,913.29,906.59,1631935445,8624225538291,403859901753410.0,KOSDAQ
2022-04-27,896.18,2,-14.98,-0.0163999999999999,898.02,898.02,888.97,1855182935,9413386908782,397285087482093.0,KOSDAQ
2022-04-28,892.22,2,-3.96,-0.0044,900.43,902.02,889.3,1551067110,8940771352968,395601327668017.0,KOSDAQ
2022-04-29,904.75,1,12.53,0.0139999999999999,895.64,904.76,894.62,1457806377,7504236515984,401206971105223.0,KOSDAQ
2022-05-02,901.82,2,-2.93,-0.0032,894.03,903.26,892.54,1227536215,6791298130459,399921905315823.0,KOSDAQ
2022-05-03,907.57,1,5.75,0.0064,905.05,912.67,905.05,1640455775,8358975175832,402633971856903.0,KOSDAQ
2022-05-04,900.06,2,-7.51,-0.0083,911.16,911.97,899.34,1359364635,7237546332765,399881870773474.0,KOSDAQ
2022-05-06,884.22,2,-15.84,-0.0176,888.54,892.43,883.31,1144209984,6156155506156,392854739216552.0,KOSDAQ
2022-05-09,860.84,2,-23.38,-0.0264,880.34,880.78,859.73,1121825506,6588804094753,382539249222543.0,KOSDAQ
2022-05-10,856.14,2,-4.7,-0.0055,848.08,858.43,831.59,1268868388,7626685835125,380482533057701.0,KOSDAQ
2022-05-11,866.34,1,10.2,0.0118999999999999,853.73,866.81,852.23,1078452509,6648177970586,385206699350948.0,KOSDAQ
2022-05-12,833.66,2,-32.68,-0.0377,855.46,857.75,833.24,1065854989,7245356982468,371074971272180.0,KOSDAQ
2022-05-13,853.08,1,19.42,0.0233,839.52,853.34,839.52,1011783476,7354714515077,379686572400489.0,KOSDAQ
2022-05-16,856.25,1,3.17,0.0037,862.24,866.47,855.45,1010956745,6320149569546,381318247461824.0,KOSDAQ
2022-05-17,865.98,1,9.73,0.0113999999999999,857.28,866.21,856.3,913815388,5934234324423,385619997756693.0,KOSDAQ
2022-05-18,871.57,1,5.59,0.0065,872.19,876.82,868.28,1061166980,7629685618131,387421014258818.0,KOSDAQ
2022-05-19,863.8,2,-7.77,-0.0089,853.23,866.61,849.59,1167569909,8426403623785,383985320542863.0,KOSDAQ
2022-05-20,879.88,1,16.08,0.0186,866.76,880.17,866.76,1076078707,8204680753027,391352318955396.0,KOSDAQ
2022-05-23,883.59,1,3.71,0.0042,883.78,884.39,878.9,1077068928,8240948644922,392992007570250.0,KOSDAQ
2022-05-24,865.07,2,-18.52,-0.021,881.55,883.11,865.05,1099072400,8234351091970,384756657072360.0,KOSDAQ
2022-05-25,872.69,1,7.62,0.0088,869.19,877.71,861.92,989300060,7382596834246,388008200267247.0,KOSDAQ
2022-05-26,871.43,2,-1.26,-0.0014,876.19,885.12,868.81,947423302,7415182671875,387316345043233.0,KOSDAQ
2022-05-27,873.97,1,2.54,0.0029,881.41,883.36,873.21,1275325572,7608486132111,388509325333349.0,KOSDAQ
2022-05-30,886.44,1,12.47,0.0143,882.17,886.44,881.46,1020992217,6718334765214,394013364305123.0,KOSDAQ
2022-05-31,893.36,1,6.92,0.0078,888.44,893.42,884.11,1316943362,7322459546310,395862738788720.0,KOSDAQ
2022-06-02,891.14,2,-2.22,-0.0025,890.47,892.98,888.45,1182037389,6622206774202,394538694279141.0,KOSDAQ
2022-06-03,891.51,1,0.37,0.0004,897.08,899.01,890.2,1199287039,6980064359169,394581900681347.0,KOSDAQ
2022-06-07,873.78,2,-17.73,-0.0199,889.07,889.09,873.09,1115605213,7162937369443,386405375187817.0,KOSDAQ
2022-06-08,874.95,1,1.17,0.0013,877.77,880.73,873.61,1336530340,7241277105343,386754986841134.0,KOSDAQ
2022-06-09,877.18,1,2.23,0.0025,873.22,877.18,867.2,1265672393,7606511397764,387105516641743.0,KOSDAQ
2022-06-10,869.86,2,-7.32,-0.0083,869.1,872.09,865.96,1206284229,7398895769399,383891942482134.0,KOSDAQ
2022-06-13,828.77,2,-41.09,-0.0472,852.74,852.74,828.76,1264039290,8489789009206,366175792145623.0,KOSDAQ
2022-06-14,823.58,2,-5.19,-0.0063,816.25,826.5,804.38,1269494458,8533400816438,364060219653604.0,KOSDAQ
2022-06-15,799.41,2,-24.17,-0.0293,822.27,826.3,795.42,1203159513,8453536146891,353596002548904.0,KOSDAQ
2022-06-16,802.15,1,2.74,0.0034,812.95,822.31,800.56,997608437,7316267394284,354964982043771.0,KOSDAQ
2022-06-17,798.69,2,-3.46,-0.0043,787.97,798.85,780.96,972926129,7637003448632,354177656894905.0,KOSDAQ
2022-06-20,769.92,2,-28.77,-0.036,804.48,804.89,763.22,989356497,7253469497608,341761949864394.0,KOSDAQ
2022-06-21,778.3,1,8.38,0.0109,774.8,782.55,764.69,1032713332,6923151907381,345680333395747.0,KOSDAQ
2022-06-22,746.96,2,-31.34,-0.0403,783.21,785.23,746.94,1093478424,8098717691616,332276497249083.0,KOSDAQ
2022-06-23,714.38,2,-32.58,-0.0436,747.49,751.99,714.38,1260211780,8862111825887,318142286764558.0,KOSDAQ
2022-06-24,750.3,1,35.92,0.0503,719.47,750.41,719.47,837119070,6287369588227,334693540051871.0,KOSDAQ
2022-06-27,770.6,1,20.3,0.0271,758.0,774.57,754.62,893324155,6699470706636,334545524955124.0,KOSDAQ
2022-06-28,769.51,2,-1.09,-0.0014,770.69,774.8,759.83,978286886,6455444471270,334683635302411.0,KOSDAQ
2022-06-29,762.35,2,-7.16,-0.0093,759.21,765.79,753.32,819568049,5970952094642,331666597471280.0,KOSDAQ
2022-06-30,745.44,2,-16.91,-0.0222,762.45,762.45,744.24,910028517,6318523150369,325164482012359.0,KOSDAQ
2022-07-01,729.48,2,-15.96,-0.0214,748.2,753.45,724.2,798819284,5722053219394,318801893238906.0,KOSDAQ
2022-07-04,722.73,2,-6.75,-0.0093,733.35,736.73,712.53,867467637,5294937781723,315450102342663.0,KOSDAQ
2022-07-05,750.95,1,28.22,0.039,729.4,750.98,728.32,936690912,5932357206981,327057896313900.0,KOSDAQ
2022-07-06,744.63,2,-6.32,-0.0084,750.04,759.88,743.61,742267524,6386479683280,324728172843930.0,KOSDAQ
2022-07-07,757.97,1,13.34,0.0179,750.98,759.03,750.67,809541581,5797632475749,330995391053553.0,KOSDAQ
2022-07-08,766.48,1,8.51,0.0112,764.98,770.92,764.02,850955967,6438571833689,334753996120748.0,KOSDAQ
2022-07-11,767.04,1,0.56,0.0007,767.89,774.35,763.14,779199227,6013544167205,335524647011279.0,KOSDAQ
2022-07-12,750.78,2,-16.26,-0.0212,762.18,762.18,747.74,766362605,6368335091323,328272561873519.0,KOSDAQ
2022-07-13,763.18,1,12.4,0.0165,751.34,763.73,747.74,896498523,6872495531120,333169863098839.0,KOSDAQ
2022-07-14,766.08,1,2.9,0.0038,762.54,768.13,757.99,823119558,6300322486021,334610536948123.0,KOSDAQ
2022-07-15,762.39,2,-3.69,-0.0048,768.41,769.29,754.33,850289830,6235060961124,342387086112776.0,KOSDAQ
2022-07-18,776.72,1,14.33,0.0187999999999999,770.29,776.72,766.89,720021009,5831126906358,349013967985744.0,KOSDAQ
2022-07-19,782.33,1,5.61,0.0072,773.73,782.33,771.69,743423519,6177791655721,351550342875987.0,KOSDAQ
2022-07-20,790.72,1,8.39,0.0107,792.94,795.92,788.02,939573292,7152741980281,355312983095515.0,KOSDAQ
2022-07-21,795.15,1,4.43,0.0056,792.95,795.67,790.97,937754661,6900705345692,357733545683863.0,KOSDAQ
2022-07-22,789.75,2,-5.4,-0.0068,796.58,800.65,789.73,892760423,6130997020762,355384475657580.0,KOSDAQ
2022-07-25,789.69,2,-0.06,-0.0001,787.71,791.25,783.78,871219511,5494818208643,355144878350457.0,KOSDAQ
2022-07-26,789.93,1,0.24,0.0003,788.76,791.01,786.46,841385906,5373789744343,355173673947398.0,KOSDAQ
2022-07-27,795.7,1,5.77,0.0073,789.61,795.81,788.29,678540939,5162361436354,357673315428518.0,KOSDAQ
2022-07-28,798.32,1,2.62,0.0033,802.5,805.2,796.48,737057966,5915930693705,360161550116531.0,KOSDAQ
2022-07-29,803.62,1,5.3,0.0066,802.97,807.77,801.05,784397942,5962099165531,363327090142570.0,KOSDAQ
2022-08-01,807.61,1,3.99,0.005,804.15,808.96,801.4,823057871,5632185800277,365116133528533.0,KOSDAQ
2022-08-02,804.34,2,-3.27,-0.004,807.69,807.69,799.36,905937256,6522128357132,363794093278157.0,KOSDAQ
2022-08-03,815.36,1,11.02,0.0137,804.17,815.4,803.2,997272924,6614198679845,368803438244635.0,KOSDAQ
2022-08-04,825.16,1,9.8,0.012,820.06,825.99,820.06,908490915,7513813172005,373558759026534.0,KOSDAQ
2022-08-05,831.64,1,6.48,0.0079,826.23,832.27,826.23,931758961,6868939398758,376514340450709.0,KOSDAQ
2022-08-08,830.86,2,-0.78,-0.0009,829.77,831.12,825.94,931450883,6455353636158,376117150324373.0,KOSDAQ
2022-08-09,833.65,1,2.79,0.0034,831.13,833.94,826.45,976695633,7001642777296,377566288512358.0,KOSDAQ
2022-08-10,820.27,2,-13.38,-0.016,829.29,829.29,820.27,897224568,6394376976262,371625461907665.0,KOSDAQ
2022-08-11,832.15,1,11.88,0.0144999999999999,831.99,834.88,828.27,897832932,7029241577786,376921674700047.0,KOSDAQ
2022-08-12,831.63,2,-0.52,-0.0006,831.18,833.7,826.72,792426794,7062541133556,376887723942445.0,KOSDAQ
2022-08-16,834.74,1,3.11,0.0037,835.2,836.49,831.69,887226491,7363288082060,378527165223375.0,KOSDAQ
2022-08-17,827.42,2,-7.32,-0.0088,834.91,834.96,825.46,1129912087,7729891374024,375022272820858.0,KOSDAQ
2022-08-18,826.06,2,-1.36,-0.0016,822.71,826.75,817.52,950528289,7063798969163,374250512759244.0,KOSDAQ
2022-08-19,814.17,2,-11.89,-0.0144,827.25,827.32,814.17,887455475,6614537623579,369234112958133.0,KOSDAQ
2022-08-22,795.87,2,-18.3,-0.0225,806.9,806.92,795.87,811881078,5828845346668,361316213497474.0,KOSDAQ
2022-08-23,783.42,2,-12.45,-0.0156,789.95,793.81,781.92,855724045,5956121776494,355825721326646.0,KOSDAQ
2022-08-24,793.14,1,9.72,0.0124,788.36,793.14,782.97,714898233,5801414736553,360258575885697.0,KOSDAQ
2022-08-25,807.37,1,14.23,0.0179,795.18,807.37,794.16,630309825,5596398579940,366788600007638.0,KOSDAQ
2022-08-26,802.45,2,-4.92,-0.0060999999999999,810.33,813.0,801.84,718360689,6067799027857,364598714433802.0,KOSDAQ
2022-08-29,779.89,2,-22.56,-0.0281,780.48,783.45,775.33,619621069,5372133391087,354410893917581.0,KOSDAQ
2022-08-30,797.02,1,17.13,0.022,783.99,797.03,783.99,667241358,6078636744212,362303882632861.0,KOSDAQ
2022-08-31,807.04,1,10.02,0.0126,792.33,807.19,791.01,637455707,5866886680234,366816015012029.0,KOSDAQ
2022-09-01,788.32,2,-18.72,-0.0232,800.74,801.02,788.13,711355972,6645920145526,358507548414235.0,KOSDAQ
2022-09-02,785.88,2,-2.44,-0.0031,793.11,795.87,784.67,801799322,5893632324361,357503273732584.0,KOSDAQ
2022-09-05,771.43,2,-14.45,-0.0184,784.83,786.6,768.82,741714845,5639235406389,350972749587023.0,KOSDAQ
2022-09-06,779.46,1,8.03,0.0104,774.23,781.9,774.23,732725011,5369171254541,354746927319481.0,KOSDAQ
2022-09-07,768.19,2,-11.27,-0.0144999999999999,776.82,776.99,765.08,795842991,6394706632540,349785644300329.0,KOSDAQ
2022-09-08,777.81,1,9.62,0.0125,776.59,781.52,775.31,738189111,6231332770349,354230891863360.0,KOSDAQ
2022-09-13,796.79,1,18.98,0.0243999999999999,790.89,796.83,790.83,842462566,6199033224787,362871797889994.0,KOSDAQ
2022-09-14,782.93,2,-13.86,-0.0174,775.93,784.45,770.05,858083331,6759114515004,356659511125992.0,KOSDAQ
2022-09-15,781.38,2,-1.55,-0.002,786.33,787.0,780.31,851719443,7269660031559,355934997885249.0,KOSDAQ
2022-09-16,770.04,2,-11.34,-0.0144999999999999,776.49,780.25,768.7,889032927,7489955778453,351206467014077.0,KOSDAQ
2022-09-19,751.91,2,-18.13,-0.0235,771.52,772.45,750.64,882637519,6345056564320,342941150664492.0,KOSDAQ
2022-09-20,760.35,1,8.44,0.0112,758.35,764.4,757.33,804841295,5303730426645,346902229765285.0,KOSDAQ
2022-09-21,754.89,2,-5.46,-0.0072,757.13,761.35,750.14,941673094,5677077543107,344388093098324.0,KOSDAQ
2022-09-22,751.41,2,-3.48,-0.0046,746.82,751.58,736.11,978686081,6314292805713,342873656717270.0,KOSDAQ
2022-09-23,729.36,2,-22.05,-0.0293,749.87,749.87,728.29,883278240,6545898184692,332903849021057.0,KOSDAQ
2022-09-26,692.37,2,-36.99,-0.0507,719.6,719.6,690.6,943308421,6277767776593,316331852898914.0,KOSDAQ
2022-09-27,698.11,1,5.74,0.0083,694.53,700.38,681.59,947763603,6033946972722,319026174809118.0,KOSDAQ
2022-09-28,673.87,2,-24.24,-0.0347,696.38,702.72,668.3,911992699,6368439377590,307807311543755.0,KOSDAQ
2022-09-29,675.07,1,1.2,0.0018,686.63,695.49,675.07,803932117,5674039072163,308456807526915.0,KOSDAQ
2022-09-30,672.65,2,-2.42,-0.0036,668.26,677.68,661.65,786870711,5495664055001,308863848074064.0,KOSDAQ
2022-10-04,696.79,1,24.14,0.0359,685.19,696.79,683.63,667595845,4625879085491,319854569308748.0,KOSDAQ
2022-10-05,685.34,2,-11.45,-0.0163999999999999,706.76,707.59,683.15,813665900,5380244008825,314630995837645.0,KOSDAQ
2022-10-06,706.01,1,20.67,0.0302,690.48,706.43,690.48,1139543185,5020144209825,324168976674628.0,KOSDAQ
2022-10-07,698.49,2,-7.52,-0.0107,700.71,707.42,697.59,1149848739,5316309128691,320796814736296.0,KOSDAQ
2022-10-11,669.5,2,-28.99,-0.0415,685.3,685.3,667.63,1155753433,5117909492211,307440392544691.0,KOSDAQ
2022-10-12,671.67,1,2.17,0.0032,669.59,673.42,663.6,1140923747,5053657331658,308456485369120.0,KOSDAQ
2022-10-13,651.59,2,-20.08,-0.0299,669.36,669.71,650.39,1051922998,5482305321288,299052153282201.0,KOSDAQ
2022-10-14,678.24,1,26.65,0.0409,665.17,679.92,665.17,893524616,5253140472393,311385917006843.0,KOSDAQ
2022-10-17,682.0,1,3.76,0.0055,667.61,682.39,664.83,814417917,5447791275607,313338561588753.0,KOSDAQ
2022-10-18,697.09,1,15.09,0.0220999999999999,692.39,697.37,685.9,1068476942,7041626884921,320639761189027.0,KOSDAQ
2022-10-19,690.56,2,-6.53,-0.0093999999999999,697.94,705.84,689.67,1050551878,6485036333475,318156853326346.0,KOSDAQ
2022-10-20,680.44,2,-10.12,-0.0147,688.44,693.14,675.89,1052781101,5294037158128,313890313408496.0,KOSDAQ
2022-10-21,674.48,2,-5.96,-0.0088,678.16,682.49,674.48,1034393626,5149617792061,311224518989651.0,KOSDAQ
2022-10-24,688.5,1,14.02,0.0208,686.43,693.44,686.43,817958809,4941481904821,317589693390857.0,KOSDAQ
2022-10-25,688.85,1,0.35,0.0005,690.77,695.95,686.21,973740886,5479512364351,318350425727172.0,KOSDAQ
2022-10-26,683.17,2,-5.68,-0.0081999999999999,690.67,691.13,683.14,963244682,5482860273411,315561721211910.0,KOSDAQ
2022-10-27,695.09,1,11.92,0.0174,686.41,695.22,686.41,852166039,4815443226092,321179890132186.0,KOSDAQ
2022-10-28,687.63,2,-7.46,-0.0107,690.71,695.51,687.19,847494729,5273824833794,317743013246559.0,KOSDAQ
2022-10-31,695.33,1,7.7,0.0112,694.69,695.62,689.97,751259296,4111222630091,321315139825250.0,KOSDAQ
2022-11-01,700.05,1,4.72,0.0068,695.45,700.07,693.92,920257235,4783324583452,323475937778169.0,KOSDAQ
2022-11-02,697.37,2,-2.68,-0.0038,697.4,699.24,694.94,858230297,5906554180973,322379755989022.0,KOSDAQ
2022-11-03,694.13,2,-3.24,-0.0046,685.42,695.63,683.74,707278181,4750449084800,319615919318102.0,KOSDAQ
2022-11-04,693.89,2,-0.24,-0.0003,691.69,694.17,684.99,737321589,5424942898745,319806801284679.0,KOSDAQ
2022-11-07,700.48,1,6.59,0.0095,696.22,700.49,695.1,722344492,4651070928412,322884894550289.0,KOSDAQ
2022-11-08,713.33,1,12.85,0.0183,703.36,713.33,703.36,846229977,5810476966421,328769979001164.0,KOSDAQ
2022-11-09,714.6,1,1.27,0.0018,715.19,717.09,711.15,931480127,5824931684302,329414677068255.0,KOSDAQ
2022-11-10,707.78,2,-6.82,-0.0095,708.49,712.48,705.7,1041901657,6157827810608,326431031187154.0,KOSDAQ
2022-11-11,731.22,1,23.44,0.0331,727.22,732.12,724.53,1079376887,7471802014687,337264814235686.0,KOSDAQ
2022-11-14,729.54,2,-1.68,-0.0023,732.29,734.73,728.81,1100846011,6717777424053,337140902387706.0,KOSDAQ
2022-11-15,744.96,1,15.42,0.0210999999999999,730.33,744.96,730.33,1130885553,6639306699465,344193558659399.0,KOSDAQ
2022-11-16,743.1,2,-1.86,-0.0025,746.55,746.62,737.87,1186546228,6517654800287,343209334494209.0,KOSDAQ
2022-11-17,737.54,2,-5.56,-0.0075,740.62,742.29,735.04,978990600,5746481992732,340965031533293.0,KOSDAQ
2022-11-18,731.92,2,-5.62,-0.0076,738.34,742.17,731.53,1297151301,6078255258263,338951690005533.0,KOSDAQ
2022-11-21,718.57,2,-13.35,-0.0182,733.0,733.65,717.55,981797456,5315208041133,332699337394302.0,KOSDAQ
2022-11-22,712.26,2,-6.31,-0.0088,716.24,719.8,711.92,895809089,5004877586727,329829714579478.0,KOSDAQ
2022-11-23,725.59,1,13.33,0.0187,718.29,725.64,718.29,830056173,5035913098123,335667394857994.0,KOSDAQ
2022-11-24,738.22,1,12.63,0.0174,729.41,738.7,729.41,793573958,5222187019960,341717146968777.0,KOSDAQ
2022-11-25,733.56,2,-4.66,-0.0063,737.46,737.53,732.48,710328850,4723353329704,339637553238086.0,KOSDAQ
2022-11-28,717.9,2,-15.66,-0.0213,731.81,731.81,717.13,878676916,5419027909882,332414215094245.0,KOSDAQ
2022-11-29,727.54,1,9.64,0.0134,715.02,727.6,713.26,794007803,4828375894525,336927388299632.0,KOSDAQ
2022-11-30,729.54,1,2.0,0.0027,726.56,729.54,722.4,813568793,5003807646157,337947065677640.0,KOSDAQ
2022-12-01,740.6,1,11.06,0.0152,740.97,744.56,739.16,825110488,5758034113830,343075080230538.0,KOSDAQ
2022-12-02,732.95,2,-7.65,-0.0103,740.13,740.18,732.41,856591397,6105784023168,339643001144892.0,KOSDAQ
2022-12-05,733.32,1,0.37,0.0005,736.45,739.77,731.07,1058482673,5258240835790,339917270391513.0,KOSDAQ
2022-12-06,719.44,2,-13.88,-0.0189,726.32,727.34,719.29,926869131,5019200256718,333769906652176.0,KOSDAQ
2022-12-07,718.14,2,-1.3,-0.0018,715.63,722.62,711.63,982850616,5033008873398,333420326905253.0,KOSDAQ
2022-12-08,712.52,2,-5.62,-0.0078,718.37,719.69,711.08,1069811230,5819829414081,330917120166935.0,KOSDAQ
2022-12-09,719.49,1,6.97,0.0098,717.24,721.14,712.4,1278548475,6153962230900,334174610218005.0,KOSDAQ
2022-12-12,715.22,2,-4.27,-0.0059,716.88,718.31,714.26,964001067,4713130416393,332248030270132.0,KOSDAQ
2022-12-13,715.16,2,-0.06,-0.0001,717.64,719.33,712.21,1191298483,4878762164837,332194007303160.0,KOSDAQ
2022-12-14,729.0,1,13.84,0.0194,718.17,729.17,718.17,1082237656,5359244088087,338621742436927.0,KOSDAQ
2022-12-15,722.68,2,-6.32,-0.0087,725.32,730.51,721.46,957408065,4765903194878,335706650690362.0,KOSDAQ
2022-12-16,717.41,2,-5.27,-0.0073,711.33,720.48,710.2,889444273,4729865927302,333728481678709.0,KOSDAQ
2022-12-19,717.22,2,-0.19,-0.0003,716.8,722.42,714.63,776382980,4424672451571,333338382026031.0,KOSDAQ
2022-12-20,703.13,2,-14.09,-0.0196,715.13,715.29,701.44,977951443,5388784442362,326822623464700.0,KOSDAQ
2022-12-21,705.7,1,2.57,0.0037,708.13,709.95,701.61,938032477,5181366913552,327971511518424.0,KOSDAQ
2022-12-22,715.02,1,9.32,0.0132,710.47,715.35,709.52,851987960,4454190720079,332311677394446.0,KOSDAQ
2022-12-23,691.25,2,-23.77,-0.0332,704.93,704.93,691.25,1107302430,5147797944521,321813279703994.0,KOSDAQ
2022-12-26,694.68,1,3.43,0.005,691.94,696.96,686.8,797707556,4331951164904,323390640890782.0,KOSDAQ
2022-12-27,704.19,1,9.51,0.0137,697.25,704.21,697.25,901437356,5092351194343,327910002219152.0,KOSDAQ
2022-12-28,692.37,2,-11.82,-0.0168,699.24,699.39,691.01,834832047,5137454012918,321475844186489.0,KOSDAQ
2022-12-29,679.29,2,-13.08,-0.0189,691.35,693.12,675.8,952158164,4811065003230,315498720104122.0,KOSDAQ
2023-01-02,671.51,2,-7.78,-0.0115,683.84,688.77,670.38,742766883,4368090675028,311897723962202.0,KOSDAQ
2023-01-03,674.95,1,3.44,0.0051,672.18,675.75,660.32,935983853,5089081840536,313443983727042.0,KOSDAQ
2023-01-04,683.67,1,8.72,0.0129,670.18,683.67,667.3,901765440,5078751515147,317540886338069.0,KOSDAQ
2023-01-05,679.92,2,-3.75,-0.0055,685.78,688.35,677.77,885279201,5386582895251,315902966634724.0,KOSDAQ
2023-01-06,688.94,1,9.02,0.0133,677.28,691.17,676.4,818505863,5526770459644,320090411554481.0,KOSDAQ
2023-01-09,701.21,1,12.27,0.0178,695.02,701.21,695.02,1008250417,5133008656994,325718026654199.0,KOSDAQ
2023-01-10,696.05,2,-5.16,-0.0074,700.16,704.6,694.92,1158010390,6117171540235,323644848790326.0,KOSDAQ
2023-01-11,709.77,1,13.72,0.0197,701.29,710.29,701.29,1247665887,5513943719806,329777375205274.0,KOSDAQ
2023-01-12,710.82,1,1.05,0.0015,713.56,714.1,707.54,1246163428,5282576216473,330354754662007.0,KOSDAQ
2023-01-13,711.82,1,1.0,0.0014,712.24,714.75,709.26,1082281898,5228817012586,330987809068553.0,KOSDAQ
2023-01-16,716.89,1,5.07,0.0070999999999999,714.71,718.15,713.19,1230665863,5646744491823,333362222147532.0,KOSDAQ
2023-01-17,709.71,2,-7.18,-0.01,716.7,718.9,708.54,1162082903,6282539324111,330058542928887.0,KOSDAQ
2023-01-18,711.75,1,2.04,0.0029,711.12,713.28,708.79,1175236186,6534155029258,331005187288778.0,KOSDAQ
2023-01-19,712.89,1,1.14,0.0016,707.66,712.94,705.76,1008732586,6275312810268,331969248601759.0,KOSDAQ
2023-01-20,717.97,1,5.08,0.0070999999999999,712.32,718.03,712.32,1006210961,6147616035795,334506823768744.0,KOSDAQ
2023-01-25,732.35,1,14.38,0.02,725.23,732.42,725.23,1016337377,7703890930377,341163277030754.0,KOSDAQ
2023-01-26,738.94,1,6.59,0.009,734.37,740.99,733.23,1207458460,9151210987978,344416794892032.0,KOSDAQ
2023-01-27,741.25,1,2.31,0.0031,741.2,742.07,737.9,1135404760,7465456180852,345741980309055.0,KOSDAQ
2023-01-30,738.62,2,-2.63,-0.0034999999999999,743.73,746.33,736.9,1050895012,7484991890565,344704325436817.0,KOSDAQ
2023-01-31,740.49,1,1.87,0.0025,735.19,740.98,732.33,975258796,8044582854225,345558866757648.0,KOSDAQ
2023-02-01,750.96,1,10.47,0.0141,744.9,752.5,744.03,1065396559,8786552313425,350460923570265.0,KOSDAQ
2023-02-02,764.62,1,13.66,0.0182,759.53,764.84,758.72,1220834721,8757933896696,356981668435985.0,KOSDAQ
2023-02-03,766.79,1,2.17,0.0028,765.37,768.03,761.82,1136574420,9265712633432,358449971540544.0,KOSDAQ
2023-02-06,761.33,2,-5.46,-0.0070999999999999,763.66,766.23,760.65,1185407618,8029937901748,355964477004747.0,KOSDAQ
2023-02-07,772.79,1,11.46,0.0151,762.47,773.79,762.3,1261551684,9579662960807,361544964041108.0,KOSDAQ
2023-02-08,779.98,1,7.19,0.0093,777.43,779.98,776.3,1461520222,9573057233799,364938932575631.0,KOSDAQ
2023-02-09,784.58,1,4.6,0.0059,776.6,784.64,776.26,1411565323,9920451537909,367173795818580.0,KOSDAQ
2023-02-10,772.44,2,-12.14,-0.0155,783.07,784.52,771.62,1309834875,10589209653850,361579872170428.0,KOSDAQ
2023-02-13,772.55,1,0.11,0.0001,771.5,774.08,767.64,1198564825,9602981944224,361652493885227.0,KOSDAQ
2023-02-14,779.58,1,7.03,0.0091,778.05,780.13,774.61,1273741863,9632666955757,364997188932796.0,KOSDAQ
2023-02-15,765.46,2,-14.12,-0.0181,782.55,784.38,763.81,1416003278,10724452319144,358813760540798.0,KOSDAQ
2023-02-16,784.71,1,19.25,0.0250999999999999,772.17,784.71,772.16,1242737840,9390497539425,368439501627773.0,KOSDAQ
2023-02-17,775.62,2,-9.09,-0.0116,775.03,780.78,772.96,862495804,8911920587474,364469232408772.0,KOSDAQ
2023-02-20,788.89,1,13.27,0.0171,777.68,789.26,773.86,889521303,8887053338794,370746475379803.0,KOSDAQ
2023-02-21,793.42,1,4.53,0.0056999999999999,789.45,793.42,786.48,1020994847,9639630272262,372841940875971.0,KOSDAQ
2023-02-22,778.51,2,-14.91,-0.0187999999999999,782.83,787.85,774.54,1125363718,10019625958257,365904573571717.0,KOSDAQ
2023-02-23,783.28,1,4.77,0.0060999999999999,782.18,784.59,774.1,927833109,9911740145966,368151719875675.0,KOSDAQ
2023-02-24,778.88,2,-4.4,-0.0056,784.94,786.09,774.21,1192537980,10444720873784,366037810529367.0,KOSDAQ
2023-02-27,780.3,1,1.42,0.0018,775.01,781.54,769.75,1146531764,10516965244726,366628524556680.0,KOSDAQ
2023-02-28,791.6,1,11.3,0.0144999999999999,784.23,793.65,783.66,1005903187,10411152630191,371912984933647.0,KOSDAQ
2023-03-02,787.19,2,-4.41,-0.0056,793.63,797.01,786.52,1020089923,10853202033853,370075760790550.0,KOSDAQ
2023-03-03,802.42,1,15.23,0.0192999999999999,792.9,802.45,792.61,1102273010,11038716785758,378059877027936.0,KOSDAQ
2023-03-06,816.51,1,14.09,0.0176,810.61,816.62,804.47,1110188043,12501426767453,384639511424349.0,KOSDAQ
2023-03-07,815.76,2,-0.75,-0.0009,814.27,818.56,810.47,1387403737,13160788244787,384474106386699.0,KOSDAQ
2023-03-08,813.95,2,-1.81,-0.0022,809.14,817.17,807.95,1261649247,12564614444845,383607754458222.0,KOSDAQ
2023-03-09,809.22,2,-4.73,-0.0058,817.03,817.12,801.1,1367967960,11685234349063,381522431004330.0,KOSDAQ
2023-03-10,788.6,2,-20.62,-0.0255,796.57,798.96,785.66,1204572401,10596319347695,371906517641291.0,KOSDAQ
2023-03-13,788.89,1,0.29,0.0004,784.02,789.18,771.03,1178495051,10709010999333,372176398769848.0,KOSDAQ
2023-03-14,758.05,2,-30.84,-0.0391,788.44,789.22,758.05,1140138741,10903713293362,357461172609841.0,KOSDAQ
2023-03-15,781.17,1,23.12,0.0305,774.53,784.59,773.65,1030708174,10695497522005,368139424343113.0,KOSDAQ
2023-03-16,781.98,1,0.81,0.001,780.53,785.54,767.11,1109314318,12290180356964,367720334540747.0,KOSDAQ
2023-03-17,797.39,1,15.41,0.0197,791.18,798.62,785.98,1146052772,14408936955743,374945162115715.0,KOSDAQ
2023-03-20,802.2,1,4.81,0.006,793.04,803.42,791.45,1097773310,11521937840437,377052534644858.0,KOSDAQ
2023-03-21,802.53,1,0.33,0.0004,806.51,809.33,802.42,1062910296,11841971249509,377289756737026.0,KOSDAQ
2023-03-22,813.43,1,10.9,0.0136,811.17,813.43,807.91,1117238787,12635103045628,382341032320615.0,KOSDAQ
2023-03-23,812.19,2,-1.24,-0.0015,807.53,824.2,806.4,1177436814,17941127148489,381704111823252.0,KOSDAQ
2023-03-24,824.11,1,11.92,0.0147,820.16,824.11,814.07,1292725293,13796536815740,386895184121892.0,KOSDAQ
2023-03-27,827.69,1,3.58,0.0043,827.95,829.18,817.81,1176552750,13400561434542,388588093717020.0,KOSDAQ
2023-03-28,833.51,1,5.82,0.0069999999999999,831.07,833.68,825.4,1222376505,13869710258035,391491400113686.0,KOSDAQ
2023-03-29,843.94,1,10.43,0.0125,833.9,843.94,832.44,1309614395,14690132558379,396799314710996.0,KOSDAQ
2023-03-30,850.48,1,6.54,0.0077,850.78,852.59,846.1,1502135159,15325502771118,400365537565452.0,KOSDAQ
2023-03-31,847.52,2,-2.96,-0.0034999999999999,849.98,851.13,842.61,1282318439,13809848648802,399097446427679.0,KOSDAQ
2023-04-03,854.96,1,7.44,0.0088,850.86,855.2,847.7,1145928489,13203018060184,402741110536531.0,KOSDAQ
2023-04-04,857.18,1,2.22,0.0026,853.92,861.13,852.02,1310437645,13297190656343,403961765614704.0,KOSDAQ
2023-04-05,872.36,1,15.18,0.0177,857.54,872.44,856.15,1500672632,13396403443642,411050883520240.0,KOSDAQ
2023-04-06,865.58,2,-6.78,-0.0078,869.65,869.94,859.13,1418014429,12406329224599,408022459534572.0,KOSDAQ
2023-04-07,880.07,1,14.49,0.0167,871.83,880.07,866.58,1669012618,14090088087819,414870489420584.0,KOSDAQ
2023-04-10,887.78,1,7.71,0.0088,882.75,890.96,877.31,1590085779,17822665408444,418754179964574.0,KOSDAQ
2023-04-11,898.94,1,11.16,0.0126,893.2,899.37,879.73,1555495545,16842487400613,425634975713436.0,KOSDAQ
2023-04-12,890.62,2,-8.32,-0.0093,897.11,900.83,888.63,1987419195,17250515448378,421877162148019.0,KOSDAQ
2023-04-13,894.25,1,3.63,0.0040999999999999,885.5,895.29,875.42,1698995237,16889537267849,423574251022428.0,KOSDAQ
2023-04-14,903.84,1,9.59,0.0107,902.56,906.69,900.7,1463219786,13980550011471,428656711360164.0,KOSDAQ
2023-04-17,909.5,1,5.66,0.0063,905.35,909.5,898.84,1543775299,13443511061462,431395913487050.0,KOSDAQ
2023-04-18,909.02,2,-0.48,-0.0005,910.75,910.75,902.9,1973947340,16619154094369,431287161226592.0,KOSDAQ
2023-04-19,909.2,1,0.18,0.0002,908.87,913.97,907.59,1878192262,14839360491784,430184410576079.0,KOSDAQ
2023-04-20,885.71,2,-23.49,-0.0258,905.81,906.0,884.33,2324112321,13974830133200,419231110265497.0,KOSDAQ
2023-04-21,868.82,2,-16.89,-0.0191,884.27,888.21,868.36,2021045955,13125995750077,411902039051204.0,KOSDAQ
2023-04-24,855.23,2,-13.59,-0.0156,867.38,870.08,852.48,1308672542,10547590468540,405538682580775.0,KOSDAQ
2023-04-25,838.71,2,-16.52,-0.0192999999999999,857.54,858.91,828.25,1540091899,11771864758043,397824367613523.0,KOSDAQ
2023-04-26,830.44,2,-8.27,-0.0098999999999999,835.94,846.42,829.19,1260644962,9968275309691,394071418199052.0,KOSDAQ
2023-04-27,850.21,1,19.77,0.0237999999999999,831.89,850.88,823.19,1461893463,10760729470630,403491546416466.0,KOSDAQ
2023-04-28,842.83,2,-7.38,-0.0087,860.11,860.11,839.67,1157792081,12059368535500,401309247871832.0,KOSDAQ
2023-05-02,855.61,1,12.78,0.0152,845.18,855.61,844.68,1031526536,9361705366742,406823810826825.0,KOSDAQ
2023-05-03,843.18,2,-12.43,-0.0144999999999999,848.05,852.23,841.81,1172736399,9278434480185,401047065132996.0,KOSDAQ
2023-05-04,845.06,1,1.88,0.0022,842.13,847.69,839.08,1185031376,8820723883788,402231442046667.0,KOSDAQ
2023-05-08,842.28,2,-2.78,-0.0033,851.52,854.32,842.07,1267793826,9012187564880,400978834907052.0,KOSDAQ
2023-05-09,835.85,2,-6.43,-0.0076,841.41,843.4,827.78,1176449933,9281836897549,397912770736515.0,KOSDAQ
2023-05-10,829.74,2,-6.11,-0.0073,836.02,839.86,827.88,1319935509,8033545016176,395234782269020.0,KOSDAQ
2023-05-11,824.54,2,-5.2,-0.0063,836.6,840.66,821.94,1751057901,9489239369523,392851021963899.0,KOSDAQ
2023-05-12,822.43,2,-2.11,-0.0026,824.11,828.14,820.24,1689715968,8856679949064,391877219766128.0,KOSDAQ
2023-05-15,814.53,2,-7.9,-0.0096,820.5,820.5,806.47,1279890362,9782681530871,388206484427628.0,KOSDAQ
2023-05-16,816.75,1,2.22,0.0027,818.96,822.64,813.32,1373516422,9642552831108,389297675536962.0,KOSDAQ
2023-05-17,834.19,1,17.44,0.0214,815.58,834.2,814.65,1270384258,8988008350479,397733210799111.0,KOSDAQ
2023-05-18,835.89,1,1.7,0.002,839.27,841.1,833.73,1324825944,8967180906308,398516466299375.0,KOSDAQ
2023-05-19,841.72,1,5.83,0.0069999999999999,839.56,842.21,836.68,1310478449,10360407975534,401619667898589.0,KOSDAQ
2023-05-22,852.04,1,10.32,0.0123,840.97,852.33,837.49,1093157114,8473090601489,406363100428462.0,KOSDAQ
2023-05-23,859.16,1,7.12,0.0084,853.57,861.3,853.57,1270087198,9609898273798,409997583196510.0,KOSDAQ
2023-05-24,855.46,2,-3.7,-0.0043,856.25,857.84,853.0,1150652782,8377743615308,409368563614244.0,KOSDAQ
2023-05-25,847.72,2,-7.74,-0.009,857.3,860.01,845.84,1253501257,7822284012069,405817262001947.0,KOSDAQ
2023-05-26,843.23,2,-4.49,-0.0053,849.8,853.06,842.17,1181354772,8079179393245,404185880967502.0,KOSDAQ
2023-05-30,851.5,1,8.27,0.0098,850.0,851.53,844.48,1226447934,7854306769558,408184728304838.0,KOSDAQ
2023-05-31,856.94,1,5.44,0.0064,851.37,860.3,850.88,1074919531,8105781998329,410762791557526.0,KOSDAQ
2023-06-01,863.78,1,6.84,0.008,855.95,863.86,855.46,982023283,7202518016543,414191912523594.0,KOSDAQ
2023-06-02,868.06,1,4.28,0.005,866.16,868.17,864.97,1112160220,7616450583636,416464845548968.0,KOSDAQ
2023-06-05,870.28,1,2.22,0.0026,871.05,872.95,865.13,1049549658,6970226548105,417523271282702.0,KOSDAQ
2023-06-07,880.72,1,10.44,0.012,872.1,880.81,872.1,1093663073,8890240570016,422517053595658.0,KOSDAQ
2023-06-08,876.13,2,-4.59,-0.0052,878.86,879.44,871.5,1123246616,9008146310954,421092952327398.0,KOSDAQ
2023-06-09,883.71,1,7.58,0.0087,882.11,886.52,880.76,1068151786,9546943342458,424756543749504.0,KOSDAQ
2023-06-12,885.76,1,2.05,0.0023,887.2,887.2,881.76,1008594343,9019577046745,425893644281940.0,KOSDAQ
2023-06-13,896.81,1,11.05,0.0125,890.81,898.28,889.58,1117251805,10586020590719,431291955086062.0,KOSDAQ
2023-06-14,871.83,2,-24.98,-0.0279,899.35,899.85,870.48,1336224834,12864526941055,419369212191680.0,KOSDAQ
2023-06-15,878.04,1,6.21,0.0070999999999999,877.62,884.55,865.48,1122318243,10229845236190,422504860760674.0,KOSDAQ
2023-06-16,887.95,1,9.91,0.0113,882.45,888.27,878.99,949462148,8563052418754,427288976709558.0,KOSDAQ
2023-06-19,888.61,1,0.66,0.0007,888.52,889.49,881.14,1153900000,8640472533924,427630918821185.0,KOSDAQ
2023-06-20,886.41,2,-2.2,-0.0025,886.47,891.0,883.09,1301283713,9662579558943,425695312580482.0,KOSDAQ
2023-06-21,875.7,2,-10.71,-0.0121,887.26,890.94,875.33,1216521534,9389170738503,420589876465360.0,KOSDAQ
2023-06-22,876.38,1,0.68,0.0008,870.79,880.12,869.79,1339789200,8569944364185,420999395898834.0,KOSDAQ
2023-06-23,874.84,2,-1.54,-0.0018,880.37,880.46,872.28,1287180970,8428578901317,420135043459337.0,KOSDAQ
2023-06-26,879.5,1,4.66,0.0053,874.31,881.24,869.29,1293505724,8706697495459,422225553318677.0,KOSDAQ
2023-06-27,874.14,2,-5.36,-0.0060999999999999,877.88,878.43,867.68,1220801453,8984996257499,419653192029387.0,KOSDAQ
2023-06-28,866.97,2,-7.17,-0.0081999999999999,879.61,880.23,866.7,1164022550,9622908094376,416385717099030.0,KOSDAQ
2023-06-29,861.79,2,-5.18,-0.006,868.65,870.75,859.77,1173907181,9264784435756,414020562323732.0,KOSDAQ
2023-06-30,868.24,1,6.45,0.0075,862.7,869.24,853.68,1000068755,9203747446624,417824127926909.0,KOSDAQ
2023-07-03,889.29,1,21.05,0.0242,873.91,889.29,873.66,884082214,10603651052559,427893116022242.0,KOSDAQ
2023-07-04,890.0,1,0.71,0.0008,890.94,894.7,883.41,972953790,11545129929440,428161725511757.0,KOSDAQ
2023-07-05,891.18,1,1.18,0.0013,890.49,895.63,889.23,918615508,10531837749987,428780437481783.0,KOSDAQ
2023-07-06,870.53,2,-20.65,-0.0232,889.3,889.77,869.46,1134506228,11130338336470,419190995639896.0,KOSDAQ
2023-07-07,867.27,2,-3.26,-0.0037,868.08,872.29,861.2,1035427219,8009251371917,417718584854565.0,KOSDAQ
2023-07-10,860.35,2,-6.92,-0.008,868.0,870.18,857.35,1014982128,9721572767552,414366972436263.0,KOSDAQ
2023-07-11,878.73,1,18.38,0.0214,866.55,878.76,865.65,935391511,9082924297629,423229062701988.0,KOSDAQ
2023-07-12,879.88,1,1.15,0.0013,878.97,880.53,873.91,1043118519,10595066049150,423618918101672.0,KOSDAQ
2023-07-13,893.07,1,13.19,0.015,885.21,895.23,884.33,1122333065,12568445693662,430068141680691.0,KOSDAQ
2023-07-14,896.28,1,3.21,0.0036,898.17,899.68,890.21,1056686324,12330830601818,432702966197944.0,KOSDAQ
2023-07-17,898.29,1,2.01,0.0022,894.75,899.44,891.18,1119416578,10494368668897,433666352790006.0,KOSDAQ
2023-07-18,914.14,1,15.85,0.0176,901.43,914.18,901.12,1139854017,14311263004082,441367892486646.0,KOSDAQ
2023-07-19,923.72,1,9.58,0.0105,917.51,923.9,910.25,1016893563,15723854281309,446179346656537.0,KOSDAQ
2023-07-20,931.6,1,7.88,0.0085,918.27,931.79,913.98,978780675,14070930953102,450317137849340.0,KOSDAQ
2023-07-21,934.58,1,2.98,0.0032,918.51,937.29,918.19,992316458,13390189537646,451830150446042.0,KOSDAQ
2023-07-24,929.9,2,-4.68,-0.005,934.99,935.55,920.89,966471740,15065765051016,449613086398779.0,KOSDAQ
2023-07-25,939.96,1,10.06,0.0108,932.17,945.47,924.31,932865875,14807760560656,454570559190489.0,KOSDAQ
2023-07-26,900.63,2,-39.33,-0.0418,945.57,956.4,886.14,1236849184,26481196768146,435360980324054.0,KOSDAQ
2023-07-27,883.79,2,-16.84,-0.0187,897.44,912.57,878.8,892726452,16018967148825,427799727761563.0,KOSDAQ
2023-07-28,913.74,1,29.95,0.0339,880.23,914.6,877.96,677661358,11997142808582,442183475626650.0,KOSDAQ
2023-07-31,935.97,1,22.23,0.0243,923.01,938.43,921.39,691575579,10891085105633,453032138636820.0,KOSDAQ
2023-08-01,939.67,1,3.7,0.004,944.71,952.12,926.75,924066636,14537384611931,454817075945774.0,KOSDAQ
2023-08-02,909.76,2,-29.91,-0.0318,931.17,940.06,907.87,951132825,11809032273269,440343830637426.0,KOSDAQ
2023-08-03,920.32,1,10.56,0.0116,911.28,920.41,897.89,1149308726,13189339893286,445604063527432.0,KOSDAQ
2023-08-04,918.43,2,-1.89,-0.0021,921.16,922.89,914.3,1059449436,11110784464821,445124361055303.0,KOSDAQ
2023-08-07,898.22,2,-20.21,-0.022,913.25,913.25,894.48,1097671474,13572939610576,436603247933806.0,KOSDAQ
2023-08-08,892.34,2,-5.88,-0.0065,901.76,903.78,889.25,1152204796,12944716388906,433028307783190.0,KOSDAQ
2023-08-09,908.98,1,16.64,0.0186,891.08,912.94,889.94,1008549151,10654751734490,441076164676548.0,KOSDAQ
2023-08-10,911.29,1,2.31,0.0025,904.68,912.65,899.01,1260880165,11837433980853,442526218430911.0,KOSDAQ
2023-08-11,912.2,1,0.91,0.001,913.97,918.18,908.27,1393876361,12114987929856,443015508574880.0,KOSDAQ
2023-08-14,901.68,2,-10.52,-0.0115,907.43,908.13,894.08,1181117277,10959792266814,434975779332580.0,KOSDAQ
2023-08-16,878.29,2,-23.39,-0.0259,893.93,895.42,877.85,1218844755,11871578403621,423722659451219.0,KOSDAQ
2023-08-17,886.04,1,7.75,0.0088,875.15,887.67,863.32,1108792128,12366249413879,427494238868875.0,KOSDAQ
2023-08-18,877.32,2,-8.72,-0.0098,878.52,882.08,874.27,1122467744,10118534840757,423332043652265.0,KOSDAQ
2023-08-21,888.71,1,11.39,0.013,881.09,894.58,879.8,1057472367,10331387410916,429635002358685.0,KOSDAQ
2023-08-22,893.33,1,4.62,0.0052,898.4,899.21,889.71,1230524856,12045691549361,432030558011584.0,KOSDAQ
2023-08-23,882.87,2,-10.46,-0.0116999999999999,892.65,892.65,881.4,1436368175,12719265998466,427031001522470.0,KOSDAQ
2023-08-24,901.74,1,18.87,0.0214,893.46,902.64,892.12,1277063374,12336262388525,436356997642281.0,KOSDAQ
2023-08-25,899.38,2,-2.36,-0.0026,891.21,902.81,890.08,1163466806,10987193580868,435370241626392.0,KOSDAQ
2023-08-28,909.38,1,10.0,0.0111,907.53,909.48,901.84,1072274426,9798808110500,440166085727053.0,KOSDAQ
2023-08-29,916.24,1,6.86,0.0075,911.94,918.39,907.82,1312285387,12119876513592,443514841224954.0,KOSDAQ
2023-08-30,923.81,1,7.57,0.0083,925.08,926.44,921.05,1275514494,12229250051505,447220311649114.0,KOSDAQ
2023-08-31,928.4,1,4.59,0.005,925.57,930.42,923.4,1277534743,17037702276490,449317149907098.0,KOSDAQ
2023-09-01,919.74,2,-8.66,-0.0093,926.37,928.0,919.74,1071432398,14041354798243,445146060262928.0,KOSDAQ
2023-09-04,919.16,2,-0.58,-0.0006,918.12,921.63,913.04,1113978179,13183976920231,444921502645236.0,KOSDAQ
2023-09-05,921.48,1,2.32,0.0025,918.85,922.65,913.02,1084503924,12885819207284,446045836292084.0,KOSDAQ
2023-09-06,917.95,2,-3.53,-0.0038,923.61,927.28,916.08,1091540956,13524715656220,444379723550669.0,KOSDAQ
2023-09-07,906.36,2,-11.59,-0.0126,914.63,921.79,902.95,1282928651,14635136391307,438903708396168.0,KOSDAQ
2023-09-08,914.18,1,7.82,0.0086,908.08,914.18,902.77,1252895043,12406452820114,442804786933213.0,KOSDAQ
2023-09-11,912.55,2,-1.63,-0.0018,918.43,918.43,907.9,975185905,12312929562055,442065156842420.0,KOSDAQ
2023-09-12,898.04,2,-14.51,-0.0159,918.1,918.96,895.96,1178572090,13214420107040,435289563130455.0,KOSDAQ
2023-09-13,882.72,2,-15.32,-0.0171,895.94,899.8,882.27,1077222122,10593923166041,427779339434136.0,KOSDAQ
2023-09-14,899.47,1,16.75,0.019,888.19,899.47,886.46,1020175628,10239898986832,435744846795615.0,KOSDAQ
2023-09-15,899.03,2,-0.44,-0.0005,900.62,902.4,897.11,941816269,9637188906601,435690978647815.0,KOSDAQ
2023-09-18,891.29,2,-7.74,-0.0086,892.18,896.37,889.99,906664638,8284956174836,432560040384961.0,KOSDAQ
2023-09-19,883.89,2,-7.4,-0.0083,891.57,894.26,882.42,1045779155,8723086713441,429135295907356.0,KOSDAQ
2023-09-20,882.72,2,-1.17,-0.0013,883.74,886.65,874.92,1015725765,8814260998398,428558685865818.0,KOSDAQ
2023-09-21,860.68,2,-22.04,-0.025,875.52,879.82,859.51,1046442413,9560388701961,417773828305269.0,KOSDAQ
2023-09-22,857.35,2,-3.33,-0.0039,851.93,860.68,847.56,1029356352,8521320755251,416270899616597.0,KOSDAQ
2023-09-25,839.17,2,-18.18,-0.0212,856.79,859.04,839.17,869428222,8324833078139,407862919775921.0,KOSDAQ
2023-09-26,827.82,2,-11.35,-0.0135,841.8,845.3,827.82,1122471901,7865138888455,402456733401798.0,KOSDAQ
2023-09-27,841.02,1,13.2,0.0159,823.2,841.97,821.71,844483850,7303345736826,408940675177800.0,KOSDAQ
2023-10-04,807.4,2,-33.62,-0.04,832.3,832.3,806.47,816987613,7405860799076,392910795423150.0,KOSDAQ
2023-10-05,801.02,2,-6.38,-0.0079,817.89,820.06,800.36,874561729,6864715425179,389801454612856.0,KOSDAQ
2023-10-06,816.39,1,15.37,0.0192,803.88,818.37,803.88,776644942,5803548847689,397696147011453.0,KOSDAQ
2023-10-10,795.0,2,-21.39,-0.0262,821.22,823.27,792.91,978040985,7609404014661,387316819638019.0,KOSDAQ
2023-10-11,817.12,1,22.12,0.0278,805.03,821.83,805.03,856188114,6752783042807,398258712587184.0,KOSDAQ
2023-10-12,835.49,1,18.37,0.0225,822.27,835.79,822.27,1040121117,7385408709164,407243123910342.0,KOSDAQ
2023-10-13,822.78,2,-12.71,-0.0152,831.21,834.66,817.66,1060106942,7235300891607,401114166692247.0,KOSDAQ
2023-10-16,810.54,2,-12.24,-0.0149,812.57,813.19,800.62,1049948703,6859239777626,395207401475388.0,KOSDAQ
2023-10-17,820.38,1,9.84,0.0121,817.47,825.33,817.29,948110924,6949075407195,400045072789920.0,KOSDAQ
2023-10-18,808.89,2,-11.49,-0.0139999999999999,816.92,820.09,807.45,864011792,6920168791398,394765329268523.0,KOSDAQ
2023-10-19,784.04,2,-24.85,-0.0306999999999999,796.15,796.36,782.63,878334776,6394936423147,383117618035398.0,KOSDAQ
2023-10-20,769.25,2,-14.79,-0.0189,775.81,779.92,759.4,980560186,7114302122354,376280739671974.0,KOSDAQ
2023-10-23,763.69,2,-5.56,-0.0072,766.56,774.36,762.51,762343882,5227424187063,373761247614238.0,KOSDAQ
2023-10-24,784.86,1,21.17,0.0277,771.03,784.86,750.32,951759212,7004292442847,384030224853614.0,KOSDAQ
2023-10-25,770.84,2,-14.02,-0.0179,788.01,788.01,770.84,1015507373,6623146800814,377272631075685.0,KOSDAQ
2023-10-26,743.85,2,-26.99,-0.035,751.64,756.43,740.51,839569016,6594877325540,364097301031312.0,KOSDAQ
2023-10-27,748.49,1,4.64,0.0062,749.87,760.51,738.92,665631834,5753194045411,365644484217477.0,KOSDAQ
2023-10-30,757.12,1,8.63,0.0115,747.24,760.87,744.63,648823172,4759448788914,369973882749552.0,KOSDAQ
2023-10-31,736.1,2,-21.02,-0.0278,758.65,759.24,734.2,868119072,5797427225320,359870029631241.0,KOSDAQ
2023-11-01,739.23,1,3.13,0.0043,742.98,749.65,737.52,753917385,5100036513141,361406917718397.0,KOSDAQ
2023-11-02,772.84,1,33.61,0.0455,753.37,773.39,753.37,794255847,7067105328807,377971180090034.0,KOSDAQ
2023-11-03,782.05,1,9.21,0.0118999999999999,779.28,782.53,768.38,810108904,6726856710026,382563192241877.0,KOSDAQ
2023-11-06,839.45,1,57.4,0.0733999999999999,794.49,839.45,793.72,849326310,11332271146669,410526334336536.0,KOSDAQ
2023-11-07,824.37,2,-15.08,-0.018,842.16,847.37,805.81,928085957,11589232467473,403415638740242.0,KOSDAQ
2023-11-08,811.02,2,-13.35,-0.0162,821.98,831.45,810.15,884415628,8307781164576,396950367777154.0,KOSDAQ
2023-11-09,802.87,2,-8.15,-0.01,813.89,814.92,797.44,921924711,7618954243014,392553959323665.0,KOSDAQ
2023-11-10,789.31,2,-13.56,-0.0169,792.86,794.73,785.45,863204580,6321994417130,385805211467449.0,KOSDAQ
2023-11-13,774.42,2,-14.89,-0.0189,796.41,798.15,774.33,998048078,6776885828825,378636125609200.0,KOSDAQ
2023-11-14,794.19,1,19.77,0.0255,779.47,794.91,779.47,841492448,6027749856457,388255637460621.0,KOSDAQ
2023-11-15,809.36,1,15.17,0.0191,808.68,813.06,805.27,816588156,7793756775930,395818434792009.0,KOSDAQ
2023-11-16,811.11,1,1.75,0.0022,809.12,815.82,804.74,905406930,6698681416524,396747876077641.0,KOSDAQ
2023-11-17,799.06,2,-12.05,-0.0149,807.61,807.62,795.66,804590769,5959948596949,390975932221284.0,KOSDAQ
2023-11-20,813.08,1,14.02,0.0175,797.83,815.27,797.51,786862534,6525301064867,398291726402113.0,KOSDAQ
2023-11-21,817.01,1,3.93,0.0048,816.34,819.14,811.24,897451667,7487096336385,400925813172224.0,KOSDAQ
2023-11-22,814.61,2,-2.4,-0.0029,811.2,817.28,809.83,842425267,7028404530888,399781373957833.0,KOSDAQ
2023-11-23,815.98,1,1.37,0.0017,816.16,819.91,813.25,909847416,7294415537629,400519326332160.0,KOSDAQ
2023-11-24,815.0,2,-0.98,-0.0012,817.02,818.74,814.22,741072449,7576859647662,401042266895043.0,KOSDAQ
2023-11-27,810.25,2,-4.75,-0.0058,816.55,816.6,809.26,793999086,7898997114386,398598848757303.0,KOSDAQ
2023-11-28,816.44,1,6.19,0.0076,811.76,816.62,811.06,933903190,8985735290782,402155801721691.0,KOSDAQ
2023-11-29,822.44,1,6.0,0.0073,817.9,823.81,812.95,916373964,8954166530674,404935896232367.0,KOSDAQ
2023-11-30,831.68,1,9.24,0.0112,819.23,831.68,819.23,774887614,8064192453995,409505275920919.0,KOSDAQ
2023-12-01,827.24,2,-4.44,-0.0053,826.3,831.03,822.03,997870134,8841801708866,409283557270978.0,KOSDAQ
2023-12-04,828.52,1,1.28,0.0015,828.66,837.95,823.99,1009243076,10498736890668,409935238534081.0,KOSDAQ
2023-12-05,813.38,2,-15.14,-0.0183,823.86,828.25,810.52,1058500321,9209908792657,402801220567134.0,KOSDAQ
2023-12-06,819.54,1,6.16,0.0076,816.66,822.39,814.0,882764259,8478611028925,406152913501448.0,KOSDAQ
2023-12-07,813.2,2,-6.34,-0.0077,820.46,820.46,810.9,794863708,7508853058843,403050653416789.0,KOSDAQ
2023-12-08,830.37,1,17.17,0.0210999999999999,818.71,830.99,818.5,862256339,8258782903553,411561684858623.0,KOSDAQ
2023-12-11,835.25,1,4.88,0.0059,831.83,839.15,831.64,930374425,7034637970487,414215250778726.0,KOSDAQ
2023-12-12,839.53,1,4.28,0.0051,835.41,842.56,833.67,1217323007,9462123852071,418033770244538.0,KOSDAQ
2023-12-13,829.31,2,-10.22,-0.0121999999999999,837.55,838.25,828.72,1071809015,10192342204535,413323756989962.0,KOSDAQ
2023-12-14,840.59,1,11.28,0.0136,841.75,845.54,834.66,1037462174,11695701638294,418931902190699.0,KOSDAQ
2023-12-15,838.31,2,-2.28,-0.0027,844.76,846.7,834.94,1082325627,9586610750095,417973079092298.0,KOSDAQ
2023-12-18,850.96,1,12.65,0.0151,844.78,854.07,843.61,802089047,8628218117924,424150156590754.0,KOSDAQ
2023-12-19,858.3,1,7.34,0.0086,850.36,858.65,849.33,1068049562,11741043751369,427781325532824.0,KOSDAQ
2023-12-20,862.98,1,4.68,0.0055,861.96,865.02,860.56,1117583658,9847807297767,430262572827308.0,KOSDAQ
2023-12-21,859.44,2,-3.54,-0.0040999999999999,855.76,867.33,851.82,1145618422,11087457458968,428449213970818.0,KOSDAQ
2023-12-22,854.62,2,-4.82,-0.0056,863.35,864.79,853.49,1212763839,11079843311407,426333060285533.0,KOSDAQ
2023-12-26,848.34,2,-6.28,-0.0073,855.75,857.24,846.32,1078585688,9647321193195,423097874011523.0,KOSDAQ
2023-12-27,859.79,1,11.45,0.0135,851.49,860.29,851.21,1221463001,10660357859864,428391090402708.0,KOSDAQ
2023-12-28,866.57,1,6.78,0.0079,860.42,866.57,856.53,1251153574,8470236424538,431792284696650.0,KOSDAQ
2024-01-02,878.93,1,12.36,0.0143,866.08,878.93,865.26,1154417882,9016382379513,426084860439733.0,KOSDAQ
2024-01-03,871.57,2,-7.36,-0.0084,872.21,872.44,865.12,1259145225,10346856799119,422560464617857.0,KOSDAQ
2024-01-04,866.25,2,-5.32,-0.0060999999999999,865.35,872.79,860.45,1224264897,10152118117016,420014902125688.0,KOSDAQ
2024-01-05,878.33,1,12.08,0.0139,866.81,878.98,864.86,1047923558,10173764925209,426191476679294.0,KOSDAQ
2024-01-08,879.34,1,1.01,0.0011,880.24,882.88,875.34,1162383415,10281017671776,426868672552920.0,KOSDAQ
2024-01-09,884.64,1,5.3,0.006,886.1,890.06,881.97,1170608223,10994850175241,429749865145220.0,KOSDAQ
2024-01-10,875.46,2,-9.18,-0.0104,884.08,884.08,872.68,1270510842,10677245441859,425459540707299.0,KOSDAQ
2024-01-11,882.53,1,7.07,0.0081,878.12,885.75,878.12,1476595168,10271731802615,428957219476629.0,KOSDAQ
2024-01-12,868.08,2,-14.45,-0.0163999999999999,878.69,880.3,865.81,1107335306,9817956878209,410148736041156.0,KOSDAQ
2024-01-15,859.71,2,-8.37,-0.0096,865.45,869.69,855.0,996410652,8814756004556,406390818141181.0,KOSDAQ
2024-01-16,854.83,2,-4.88,-0.0056999999999999,857.39,864.9,846.47,1032822195,9427894353885,403879277342545.0,KOSDAQ
2024-01-17,833.05,2,-21.78,-0.0255,856.61,856.97,832.7,1106275262,9112267875860,393681860340762.0,KOSDAQ
2024-01-18,840.33,1,7.28,0.0087,834.01,848.63,830.06,1167940492,9516586886511,397229288077207.0,KOSDAQ
2024-01-19,842.67,1,2.34,0.0028,848.66,856.05,837.87,1220560704,11330008924272,398160126936472.0,KOSDAQ
2024-01-22,839.69,2,-2.98,-0.0034999999999999,848.87,849.32,836.89,1320572642,12853804835041,396689616318072.0,KOSDAQ
2024-01-23,840.11,1,0.42,0.0005,840.62,848.65,833.24,1248018390,11778754822620,396984730255445.0,KOSDAQ
2024-01-24,836.21,2,-3.9,-0.0046,841.45,842.9,828.12,1417438154,10670434214130,395557643219167.0,KOSDAQ
2024-01-25,823.74,2,-12.47,-0.0149,833.34,833.34,820.64,1565969491,12874009155884,390353310452432.0,KOSDAQ
2024-01-26,837.24,1,13.5,0.0163999999999999,818.76,839.52,817.06,1238780423,11242548125217,398079081213062.0,KOSDAQ
2024-01-29,819.14,2,-18.1,-0.0216,841.21,841.21,815.54,1246813222,13191517578360,384137204369443.0,KOSDAQ
2024-01-30,818.86,2,-0.28,-0.0003,826.0,828.54,811.57,1097207246,9727934440282,383976054539469.0,KOSDAQ
2024-01-31,799.24,2,-19.62,-0.024,813.8,818.9,799.24,1137249797,8642360135086,374861916613184.0,KOSDAQ
2024-02-01,798.73,2,-0.51,-0.0006,796.26,800.91,786.28,1124844785,8978321425595,375252532726266.0,KOSDAQ
2024-02-02,814.77,1,16.04,0.0200999999999999,803.71,817.74,803.71,1096190538,8618911062683,382771284007782.0,KOSDAQ
2024-02-05,807.99,2,-6.78,-0.0083,812.28,813.83,807.36,974415250,7775026603080,379742624320544.0,KOSDAQ
2024-02-06,807.03,2,-0.96,-0.0012,804.36,808.39,795.37,1065542735,9727051601170,379490521402460.0,KOSDAQ
2024-02-07,811.92,1,4.89,0.0060999999999999,811.51,820.06,809.18,827984256,9325176029736,381548030041766.0,KOSDAQ
2024-02-08,826.58,1,14.66,0.0181,816.82,828.03,816.27,912499052,9579201514705,388825224165147.0,KOSDAQ
2024-02-13,845.15,1,18.57,0.0225,831.14,846.58,830.66,896289730,11292053996603,397516310558390.0,KOSDAQ
2024-02-14,853.3,1,8.15,0.0096,833.24,854.44,831.56,1086775918,11435373890607,401324744348004.0,KOSDAQ
2024-02-15,859.21,1,5.91,0.0069,860.13,861.37,852.79,1222187510,11203385441976,404623030938354.0,KOSDAQ
2024-02-16,857.6,2,-1.61,-0.0019,863.69,864.24,854.72,1339167323,11690978646367,403874229640531.0,KOSDAQ
2024-02-19,858.47,1,0.87,0.001,854.28,862.08,853.52,1272095442,11285246481581,404544728704770.0,KOSDAQ
2024-02-20,866.17,1,7.7,0.009,858.08,866.17,854.58,1394893803,11980946563838,408188873512280.0,KOSDAQ
2024-02-21,864.07,2,-2.1,-0.0024,861.58,872.38,860.91,1725464787,14794255236392,407078074686839.0,KOSDAQ
2024-02-22,870.11,1,6.04,0.0069999999999999,868.22,871.46,864.56,1482220235,13534556564643,410057237761465.0,KOSDAQ
2024-02-23,868.57,2,-1.54,-0.0018,873.21,875.58,866.22,1490439010,14804334693081,410504407921475.0,KOSDAQ
2024-02-26,867.4,2,-1.17,-0.0013,869.08,872.52,866.43,1219639452,10721420985986,410041400279230.0,KOSDAQ
2024-02-27,853.75,2,-13.65,-0.0157,870.1,870.1,850.77,1190362944,11046065536383,403626145391387.0,KOSDAQ
2024-02-28,863.39,1,9.64,0.0113,859.78,868.71,858.56,1102228439,11873586247691,407720652818802.0,KOSDAQ
2024-02-29,862.96,2,-0.43,-0.0005,862.55,865.88,858.3,1371169761,10859125300334,407740050432001.0,KOSDAQ
2024-03-04,872.97,1,10.01,0.0116,869.36,875.3,869.36,1138979262,11042246583664,412454545421270.0,KOSDAQ
2024-03-05,866.37,2,-6.6,-0.0076,869.36,869.36,863.4,1214968007,11740940868911,409359773875014.0,KOSDAQ
2024-03-06,870.67,1,4.3,0.005,861.67,872.06,859.71,1112038813,11395838825505,411132718480225.0,KOSDAQ
2024-03-07,863.37,2,-7.3,-0.0084,874.3,874.53,860.01,1142628897,12198653870356,408056247369613.0,KOSDAQ
2024-03-08,873.18,1,9.81,0.0113999999999999,869.18,873.18,866.18,1270638021,12751303417453,412693945032967.0,KOSDAQ
2024-03-11,875.93,1,2.75,0.0031,870.41,875.93,868.48,1076998269,11219824702863,414043080903195.0,KOSDAQ
2024-03-12,889.71,1,13.78,0.0157,877.37,889.71,876.62,1056987563,11572840586636,420464094646659.0,KOSDAQ
2024-03-13,889.93,1,0.22,0.0002,892.41,894.39,881.33,1207088059,13226875241673,421190651134097.0,KOSDAQ
2024-03-14,887.52,2,-2.41,-0.0027,889.53,892.31,881.95,1073829911,10621404057471,420175475244887.0,KOSDAQ
2024-03-15,880.46,2,-7.06,-0.008,882.67,884.6,875.87,1106771785,9667731062753,416940444434001.0,KOSDAQ
2024-03-18,894.48,1,14.02,0.0159,882.58,894.48,882.58,973184054,9027309386933,423616009966886.0,KOSDAQ
2024-03-19,891.91,2,-2.57,-0.0029,893.49,893.49,884.45,1104514231,9613691090770,422378340879205.0,KOSDAQ
2024-03-20,891.45,2,-0.46,-0.0005,894.34,896.44,890.0,1053005260,9692220933440,422153103145616.0,KOSDAQ
2024-03-21,904.29,1,12.84,0.0144,900.46,906.26,899.24,1066401786,10668754283536,429151069389985.0,KOSDAQ
2024-03-22,903.98,2,-0.31,-0.0003,902.7,905.64,900.84,1075161967,9982250423062,429265060287089.0,KOSDAQ
2024-03-25,913.69,1,9.71,0.0107,906.45,916.01,905.7,961278468,9321800664109,434141685509001.0,KOSDAQ
2024-03-26,916.09,1,2.4,0.0026,915.49,922.57,910.86,1041934854,13452124683478,436174066372717.0,KOSDAQ
2024-03-27,911.25,2,-4.84,-0.0053,914.33,918.49,905.26,1138180570,12664349741061,433806535353528.0,KOSDAQ
2024-03-28,910.05,2,-1.2,-0.0013,912.33,914.38,908.98,1095621429,12312957383477,433258803118451.0,KOSDAQ
2024-03-29,905.5,2,-4.55,-0.005,912.31,914.25,903.61,946867591,11675532452047,431430814339863.0,KOSDAQ
2024-04-01,912.45,1,6.95,0.0077,909.62,920.05,907.48,914266500,10050371163564,434746969233992.0,KOSDAQ
2024-04-02,891.59,2,-20.86,-0.0229,912.07,913.79,888.88,1037752687,12348933930894,424737292031838.0,KOSDAQ
2024-04-03,879.96,2,-11.63,-0.013,883.22,883.95,874.77,994522707,12269823284174,419811193268135.0,KOSDAQ
2024-04-04,882.9,1,2.94,0.0033,885.53,889.7,878.12,979416341,11502171482762,421152663985379.0,KOSDAQ
2024-04-05,872.29,2,-10.61,-0.012,872.47,879.34,867.45,1075572471,11298371525901,415969204787863.0,KOSDAQ
2024-04-08,860.57,2,-11.72,-0.0134,873.76,873.76,859.09,1056845550,10485550114905,410224840738518.0,KOSDAQ
2024-04-09,859.33,2,-1.24,-0.0014,864.0,871.18,856.49,976468114,9018900603827,410048513791140.0,KOSDAQ
2024-04-11,858.1,2,-1.23,-0.0014,850.8,860.83,847.54,661659827,6661340842895,409477614871889.0,KOSDAQ
2024-04-12,860.47,1,2.37,0.0028,863.16,867.01,858.24,740523249,8172048326999,410770379390485.0,KOSDAQ
2024-04-15,852.42,2,-8.05,-0.0093999999999999,850.21,854.51,842.84,837138348,8174896588498,406964937626281.0,KOSDAQ
2024-04-16,832.81,2,-19.61,-0.023,845.54,848.24,829.76,931165665,8423064101492,397477242483208.0,KOSDAQ
2024-04-17,833.03,1,0.22,0.0003,839.3,845.45,833.03,930975879,7958566104952,397619667254642.0,KOSDAQ
2024-04-18,855.65,1,22.62,0.0272,833.38,856.05,833.38,956763489,7774116062897,408372865971662.0,KOSDAQ
2024-04-19,841.91,2,-13.74,-0.0161,849.99,850.07,824.99,1100743042,9020717028669,402220419239978.0,KOSDAQ
2024-04-22,845.82,1,3.91,0.0046,844.95,854.16,840.29,898755915,8014043820006,404137812735307.0,KOSDAQ
2024-04-23,845.44,2,-0.38,-0.0004,848.88,853.62,844.5,886593400,7393250528685,404562798591266.0,KOSDAQ
2024-04-24,862.23,1,16.79,0.0199,856.37,863.12,855.79,957921894,7930463876911,412527718373546.0,KOSDAQ
2024-04-25,853.26,2,-8.97,-0.0104,855.78,865.15,853.13,811574905,8018436622819,408543273284626.0,KOSDAQ
2024-04-26,856.82,1,3.56,0.0042,860.0,862.8,852.8,704655856,8089482216636,410420659948729.0,KOSDAQ
2024-04-29,869.72,1,12.9,0.0151,860.53,869.73,860.53,772592926,7575250451944,416568643489746.0,KOSDAQ
2024-04-30,868.93,2,-0.79,-0.0009,872.08,875.64,867.32,792642796,8036165395409,416784439542328.0,KOSDAQ
2024-05-02,867.48,2,-1.45,-0.0017,865.78,870.33,864.98,854449816,7919463012204,416544774263651.0,KOSDAQ
2024-05-03,865.59,2,-1.89,-0.0022,872.27,875.11,865.21,843085137,8669936578304,416261038862808.0,KOSDAQ
2024-05-07,871.26,1,5.67,0.0066,874.69,876.94,869.75,802229139,8043080940733,419337853171662.0,KOSDAQ
2024-05-08,872.42,1,1.16,0.0013,870.11,873.65,862.81,967419140,8407169934014,419922163322925.0,KOSDAQ
2024-05-09,870.15,2,-2.27,-0.0026,871.17,873.53,869.0,1019040873,9789655564600,418824645242297.0,KOSDAQ
2024-05-10,864.16,2,-5.99,-0.0069,873.56,875.21,864.03,961248333,9692426294992,416224870109076.0,KOSDAQ
2024-05-13,854.43,2,-9.73,-0.0113,866.67,867.08,852.75,907147508,8586624608777,411638741725778.0,KOSDAQ
2024-05-14,862.15,1,7.72,0.009,857.44,865.43,856.88,978602246,9606201162156,415674773820312.0,KOSDAQ
2024-05-16,870.37,1,8.22,0.0095,872.31,874.86,868.51,956088791,9870179730942,419640336083835.0,KOSDAQ
2024-05-17,855.06,2,-15.31,-0.0176,869.06,869.6,854.47,938501648,9247285001086,412645497794751.0,KOSDAQ
2024-05-20,847.08,2,-7.98,-0.0093,856.22,857.51,843.22,1017956271,8345055428621,409036804663475.0,KOSDAQ
2024-05-21,846.51,2,-0.57,-0.0007,849.32,849.32,843.62,1070889760,9568918373268,408693912250196.0,KOSDAQ
2024-05-22,845.72,2,-0.79,-0.0009,850.4,850.59,844.97,914521669,9034343724969,408440572281950.0,KOSDAQ
2024-05-23,846.58,1,0.86,0.001,846.5,849.32,839.16,1011600274,10684061830782,409466823343756.0,KOSDAQ
2024-05-24,839.41,2,-7.17,-0.0085,840.7,845.48,836.95,816024807,9135537423933,405965263547974.0,KOSDAQ
2024-05-27,847.99,1,8.58,0.0102,843.76,848.13,836.65,981440807,9340390857378,410165214676148.0,KOSDAQ
2024-05-28,851.01,1,3.02,0.0036,847.46,852.42,846.9,1148225055,9960641370582,411677608483342.0,KOSDAQ
2024-05-29,838.45,2,-12.56,-0.0148,849.6,849.93,838.08,1384716711,10766971151000,405647854868224.0,KOSDAQ
2024-05-30,831.99,2,-6.46,-0.0077,835.63,840.74,831.02,1405317114,8496990950289,402631724588134.0,KOSDAQ
2024-05-31,839.98,1,7.99,0.0096,835.01,840.02,829.81,1450490944,10007816964183,406681137954135.0,KOSDAQ
2024-06-03,844.72,1,4.74,0.0056,840.33,847.07,839.58,976797379,8191973620701,409063344101680.0,KOSDAQ
2024-06-04,845.84,1,1.12,0.0013,844.62,851.49,841.81,911007481,9236772575223,409581104366279.0,KOSDAQ
2024-06-05,850.75,1,4.91,0.0058,849.33,852.18,844.13,904879338,8887982371635,411865372966478.0,KOSDAQ
2024-06-07,866.18,1,15.43,0.0181,856.17,866.48,855.06,848540748,9437829678479,419264242261538.0,KOSDAQ
2024-06-10,864.71,2,-1.47,-0.0017,862.21,867.6,860.9,907182555,8973179558983,418549156755761.0,KOSDAQ
2024-06-11,868.36,1,3.65,0.0042,866.88,872.36,865.91,1038631016,10531409778429,420619690832371.0,KOSDAQ
2024-06-12,870.67,1,2.31,0.0027,871.36,876.45,867.32,1216392791,10069103447690,421737670030455.0,KOSDAQ
2024-06-13,871.33,1,0.66,0.0008,879.52,879.52,871.12,928797135,10463216347346,422139582391471.0,KOSDAQ
2024-06-14,862.19,2,-9.14,-0.0105,872.69,873.37,859.69,975480817,9726959121242,418141571468150.0,KOSDAQ
2024-06-17,858.96,2,-3.23,-0.0037,860.13,864.1,857.11,820229604,8502476722570,416859823539871.0,KOSDAQ
2024-06-18,858.95,2,-0.01,0.0,863.32,864.81,855.35,1040183311,8654997358135,416903210087625.0,KOSDAQ
2024-06-19,861.17,1,2.22,0.0026,860.66,866.21,856.16,1034309030,10450918240213,418432679641769.0,KOSDAQ
2024-06-20,857.51,2,-3.66,-0.0043,861.44,864.7,854.94,637742101,7003567573303,416819925535105.0,KOSDAQ
2024-06-21,852.67,2,-4.84,-0.0056,853.48,856.02,848.5,772539603,8751413705672,414383700647201.0,KOSDAQ
2024-06-24,841.52,2,-11.15,-0.0131,852.27,852.48,841.43,670004479,7955141869617,407991203631732.0,KOSDAQ
2024-06-25,841.99,1,0.47,0.0006,839.5,844.54,836.12,663208108,7339612913534,408597094131118.0,KOSDAQ
2024-06-26,842.12,1,0.13,0.0002,845.91,846.76,839.34,704558912,7617321555847,408442645415793.0,KOSDAQ
2024-06-27,838.65,2,-3.47,-0.0040999999999999,841.12,844.62,837.8,814034565,7937287191522,407397656618860.0,KOSDAQ
2024-06-28,840.44,1,1.79,0.0021,840.11,842.36,838.29,706932845,7321536603476,408441870824854.0,KOSDAQ
2024-07-01,847.15,1,6.71,0.008,840.59,847.97,840.4,620756906,6929624138187,411604081198769.0,KOSDAQ
2024-07-02,829.91,2,-17.24,-0.0204,846.86,847.39,828.49,710212435,8107543293457,403618973094456.0,KOSDAQ
2024-07-03,836.1,1,6.19,0.0075,832.98,838.89,829.5,788691572,9529990500122,406824513118905.0,KOSDAQ
2024-07-04,840.81,1,4.71,0.0056,838.9,844.1,838.9,744760897,9354583327555,409102397857569.0,KOSDAQ
2024-07-05,847.49,1,6.68,0.0079,842.5,849.25,841.98,780462523,9384499215019,412398593991687.0,KOSDAQ
2024-07-08,859.27,1,11.78,0.0139,848.59,859.27,848.59,742509474,8179747977284,418234996505161.0,KOSDAQ
2024-07-09,860.42,1,1.15,0.0013,860.18,864.11,857.6,1054271596,8484198563008,418971828381828.0,KOSDAQ
2024-07-10,858.55,2,-1.87,-0.0022,859.01,860.82,854.6,896435778,8565232761544,418121330487575.0,KOSDAQ
2024-07-11,852.42,2,-6.13,-0.0070999999999999,861.73,862.61,851.72,835015840,8169459144758,415164382922215.0,KOSDAQ
2024-07-12,850.37,2,-2.05,-0.0024,848.04,855.03,845.03,764433527,7235503380357,414596604716717.0,KOSDAQ
2024-07-15,852.88,1,2.51,0.003,852.62,852.93,847.68,785845593,6486599651664,416237188378745.0,KOSDAQ
2024-07-16,839.61,2,-13.27,-0.0156,850.96,851.2,837.29,874489482,7429451763590,409797183696528.0,KOSDAQ
2024-07-17,829.41,2,-10.2,-0.0121,841.28,843.1,829.09,828952049,7550079588231,404871434066473.0,KOSDAQ
2024-07-18,822.48,2,-6.93,-0.0084,820.14,824.96,812.9,869763288,6962993877483,401340814371848.0,KOSDAQ
2024-07-19,828.72,1,6.24,0.0076,820.29,828.82,819.13,871199222,6829503353816,404476690034930.0,KOSDAQ
2024-07-22,809.96,2,-18.76,-0.0226,827.98,828.09,806.79,906825881,6672158671514,395473474975784.0,KOSDAQ
2024-07-23,812.12,1,2.16,0.0027,816.3,821.93,808.79,939604507,7337302776210,396591999419808.0,KOSDAQ
2024-07-24,814.25,1,2.13,0.0026,809.45,819.81,807.55,837075545,6592744769081,397953150296098.0,KOSDAQ
2024-07-25,797.29,2,-16.96,-0.0208,802.28,803.55,794.23,1028813371,7279396749359,389656454953215.0,KOSDAQ
2024-07-26,797.56,1,0.27,0.0003,799.97,802.06,795.02,777351033,5633297429607,389782787010577.0,KOSDAQ
2024-07-29,807.99,1,10.43,0.0131,800.64,808.73,800.39,652991784,5369235256500,395001489276168.0,KOSDAQ
2024-07-30,803.78,2,-4.21,-0.0052,805.17,807.38,800.36,842014161,6262355850075,392989281839238.0,KOSDAQ
2024-07-31,803.15,2,-0.63,-0.0008,802.0,804.17,795.18,798865690,6721266011495,392874559959322.0,KOSDAQ
2024-08-01,813.53,1,10.38,0.0129,807.52,815.28,807.5,644080648,6080752756837,398072444104279.0,KOSDAQ
2024-08-02,779.33,2,-34.2,-0.042,799.45,799.97,778.39,845791135,6546468714529,381414823377601.0,KOSDAQ
2024-08-05,691.28,2,-88.05,-0.113,765.57,765.57,672.57,1173846825,9066223782493,338426509024749.0,KOSDAQ
2024-08-06,732.87,1,41.59,0.0602,709.04,738.77,707.72,1075212515,8382026162702,358723663797159.0,KOSDAQ
2024-08-07,748.54,1,15.67,0.0214,731.82,754.41,731.44,947156032,7334433918703,366522462543246.0,KOSDAQ
2024-08-08,745.28,2,-3.26,-0.0044,738.29,751.51,732.74,1012600626,7169986316501,364930928587311.0,KOSDAQ
2024-08-09,764.43,1,19.15,0.0256999999999999,759.91,768.21,759.91,843851627,7392824528898,374306000593340.0,KOSDAQ
2024-08-12,772.72,1,8.29,0.0108,767.21,775.31,767.21,885107713,6850311923367,378459539805823.0,KOSDAQ
2024-08-13,764.86,2,-7.86,-0.0102,771.98,773.9,757.19,1170514267,7661966415523,374521308064886.0,KOSDAQ
2024-08-14,776.83,1,11.97,0.0156,775.11,778.66,774.17,1111020235,7691492106390,380339149089802.0,KOSDAQ
2024-08-16,786.33,1,9.5,0.0121999999999999,787.34,788.86,783.88,1080401764,8000416337923,385133345751765.0,KOSDAQ
2024-08-19,777.47,2,-8.86,-0.0113,787.32,788.79,776.71,1135628349,7653033410478,380846103315782.0,KOSDAQ
2024-08-20,787.44,1,9.97,0.0128,783.73,787.95,783.35,997055956,7990594028319,386033655141317.0,KOSDAQ
2024-08-21,779.87,2,-7.57,-0.0096,783.98,784.92,775.3,1073925725,8370581514289,382646545233872.0,KOSDAQ
2024-08-22,773.47,2,-6.4,-0.0081999999999999,782.59,783.89,768.48,950992244,9216819054789,379694443123581.0,KOSDAQ
2024-08-23,773.26,2,-0.21,-0.0003,765.49,774.2,764.83,904335444,7946182072114,379786318576817.0,KOSDAQ
2024-08-26,766.79,2,-6.47,-0.0084,776.94,777.91,764.46,828774218,6632079806024,376585625383632.0,KOSDAQ
2024-08-27,764.95,2,-1.84,-0.0024,765.1,767.37,757.08,833341263,6795551848116,375886355147186.0,KOSDAQ
2024-08-28,762.5,2,-2.45,-0.0032,766.32,767.28,761.06,868583609,7021101423362,374666856319622.0,KOSDAQ
2024-08-29,756.04,2,-6.46,-0.0085,756.33,758.99,754.0,837869661,7335104154370,371491367301772.0,KOSDAQ
2024-08-30,767.66,1,11.62,0.0154,758.19,768.31,757.87,823296386,7401837254629,377597189627282.0,KOSDAQ
2024-09-02,769.21,1,1.55,0.002,769.85,770.01,764.15,742707830,7178329375308,378542486884402.0,KOSDAQ
2024-09-03,760.37,2,-8.84,-0.0115,769.68,773.15,760.07,849513737,6831746427407,374349720452725.0,KOSDAQ
2024-09-04,731.75,2,-28.62,-0.0375999999999999,738.59,741.52,729.32,1011497616,6941247399067,360422449720641.0,KOSDAQ
2024-09-05,725.28,2,-6.47,-0.0088,736.96,740.23,718.25,950492046,7047558203629,357244944058860.0,KOSDAQ
2024-09-06,706.59,2,-18.69,-0.0258,725.88,726.48,705.67,861738473,6232228791441,348066399454239.0,KOSDAQ
2024-09-09,714.46,1,7.87,0.0111,696.25,716.11,693.86,784076383,5374290400915,351964616233758.0,KOSDAQ
2024-09-10,706.2,2,-8.26,-0.0116,717.97,719.4,706.12,910266279,5812453459787,347842441472249.0,KOSDAQ
2024-09-11,709.42,1,3.22,0.0046,709.5,718.65,706.93,1046880881,6411247080649,349448575951733.0,KOSDAQ
2024-09-12,731.03,1,21.61,0.0305,719.29,733.81,719.29,870759113,6224173201511,360078539496711.0,KOSDAQ
2024-09-13,733.2,1,2.17,0.003,733.36,734.35,726.37,1015094209,5241893024711,361113744152190.0,KOSDAQ
2024-09-19,739.51,1,6.31,0.0086,738.41,740.31,729.93,1104713184,5852796768629,364213087023903.0,KOSDAQ
2024-09-20,748.33,1,8.82,0.0118999999999999,746.13,750.75,745.32,864232911,6642000709719,368620725651208.0,KOSDAQ
2024-09-23,755.12,1,6.79,0.0091,749.24,757.85,747.83,723263987,5978100653432,372042180925147.0,KOSDAQ
2024-09-24,767.35,1,12.23,0.0162,757.37,767.37,757.23,908833234,6332936938471,377301335257242.0,KOSDAQ
2024-09-25,759.3,2,-8.05,-0.0105,769.87,771.77,758.02,1239693063,6818902521944,373403979367048.0,KOSDAQ
2024-09-26,779.18,1,19.88,0.0262,764.33,779.18,764.15,1070078259,6874862659916,383119886882096.0,KOSDAQ
2024-09-27,774.49,2,-4.69,-0.006,777.72,780.91,773.36,985778612,5970065518350,381129003094355.0,KOSDAQ
2024-09-30,763.88,2,-10.61,-0.0137,777.06,777.2,762.67,961429825,6126551608381,376266135890499.0,KOSDAQ
2024-10-02,762.13,2,-1.75,-0.0023,757.3,769.69,754.38,1041588862,5499174228225,375376357838372.0,KOSDAQ
2024-10-04,768.98,1,6.85,0.009,763.73,775.05,763.2,891994580,5427141675602,378727810047572.0,KOSDAQ
2024-10-07,781.01,1,12.03,0.0156,774.77,781.56,771.11,822064062,5491460691742,384639523335588.0,KOSDAQ
2024-10-08,778.24,2,-2.77,-0.0034999999999999,776.37,782.85,776.2,1000287018,6752484664152,383221441214400.0,KOSDAQ
2024-10-10,775.48,2,-2.76,-0.0034999999999999,781.91,784.03,772.7,747790755,5758806740086,381941751593466.0,KOSDAQ
2024-10-11,770.98,2,-4.5,-0.0058,779.0,781.12,769.68,921390476,6655515362141,379833392779896.0,KOSDAQ
2024-10-14,770.26,2,-0.72,-0.0009,770.85,771.75,765.27,787258917,5834049296676,379526896886690.0,KOSDAQ
2024-10-15,773.81,1,3.55,0.0046,773.37,777.0,768.13,971991613,7026231714261,381311547245669.0,KOSDAQ
2024-10-16,765.79,2,-8.02,-0.0104,769.19,769.69,764.97,874300776,6998439442406,377579830762627.0,KOSDAQ
2024-10-17,765.06,2,-0.73,-0.001,768.15,769.69,763.21,918805154,6298048944264,376976699832372.0,KOSDAQ
2024-10-18,753.22,2,-11.84,-0.0155,765.71,765.71,749.53,898075755,7344861960890,371759993471567.0,KOSDAQ
2024-10-21,759.95,1,6.73,0.0089,754.35,761.62,749.64,825151985,6276459380926,375364685519445.0,KOSDAQ
2024-10-22,738.34,2,-21.61,-0.0283999999999999,758.72,758.72,738.33,1077034557,7458340017657,364922539820471.0,KOSDAQ
2024-10-23,745.19,1,6.85,0.0093,740.93,748.33,729.28,1099898407,6763312375771,368274028324207.0,KOSDAQ
2024-10-24,734.59,2,-10.6,-0.0141999999999999,742.7,742.7,734.26,856784917,5737873376509,363333319451093.0,KOSDAQ
2024-10-25,727.41,2,-7.18,-0.0098,739.05,739.62,725.27,764951488,5551809780311,360178604748124.0,KOSDAQ
2024-10-28,740.48,1,13.07,0.018,729.75,740.67,729.75,644668385,4984503301434,366764719166869.0,KOSDAQ
2024-10-29,744.18,1,3.7,0.005,740.05,744.18,733.28,789978376,5334265561105,368691119852643.0,KOSDAQ
2024-10-30,738.19,2,-5.99,-0.008,743.53,746.23,738.13,841964326,4720424146438,365698265866818.0,KOSDAQ
2024-10-31,743.06,1,4.87,0.0066,734.25,743.22,728.34,792644652,5683626101895,368522161802707.0,KOSDAQ
2024-11-01,729.05,2,-14.01,-0.0189,735.67,736.26,729.05,747067063,5452481185437,362027106221612.0,KOSDAQ
2024-11-04,754.08,1,25.03,0.0343,730.5,755.0,728.11,765672895,6272447583324,374349970006001.0,KOSDAQ
2024-11-05,751.81,2,-2.27,-0.003,752.17,756.6,750.17,935204031,5351281243161,373462455226134.0,KOSDAQ
2024-11-06,743.31,2,-8.5,-0.0113,757.23,761.01,737.77,1091761605,7631433759071,369270529205191.0,KOSDAQ
2024-11-07,733.52,2,-9.79,-0.0132,743.47,743.47,727.1,812895086,6599193632501,363599257422616.0,KOSDAQ
2024-11-08,743.38,1,9.86,0.0134,739.91,746.89,739.66,766825742,7206375001249,368601865649690.0,KOSDAQ
2024-11-11,728.84,2,-14.54,-0.0196,744.86,745.42,727.04,836837402,6923344519053,361384974660820.0,KOSDAQ
2024-11-12,710.52,2,-18.32,-0.0250999999999999,728.72,729.07,707.96,896081914,7412262473039,352463070918797.0,KOSDAQ
2024-11-13,689.65,2,-20.87,-0.0294,708.52,712.83,689.64,866788364,6992215388406,342405059931883.0,KOSDAQ
2024-11-14,681.56,2,-8.09,-0.0116999999999999,694.16,702.08,681.3,819600512,6860249693773,338637722884866.0,KOSDAQ
2024-11-15,685.42,1,3.86,0.0056999999999999,675.64,688.91,668.38,895145861,6502381408489,340667852541439.0,KOSDAQ
2024-11-18,689.55,1,4.13,0.006,683.53,697.45,681.0,875258497,7423156327106,342895307782871.0,KOSDAQ
2024-11-19,686.12,2,-3.43,-0.005,690.45,691.13,682.5,894680566,7236652546264,341449563588267.0,KOSDAQ
2024-11-20,682.91,2,-3.21,-0.0046999999999999,689.03,691.0,682.03,934123936,7851775599983,340156641630358.0,KOSDAQ
2024-11-21,680.67,2,-2.24,-0.0033,683.1,685.91,672.83,1016299158,8522049909150,339015335169215.0,KOSDAQ
2024-11-22,677.01,2,-3.66,-0.0054,682.37,689.99,676.06,849327115,7996712119879,336919514460270.0,KOSDAQ
2024-11-25,696.83,1,19.82,0.0293,683.37,698.51,683.37,784507220,6906383418655,346788622200437.0,KOSDAQ
2024-11-26,693.15,2,-3.68,-0.0053,697.59,699.7,689.53,835545191,6729522619311,345034795098541.0,KOSDAQ
2024-11-27,692.0,2,-1.15,-0.0017,693.8,696.15,686.37,942775549,7276408857725,344410620789086.0,KOSDAQ
2024-11-28,694.39,1,2.39,0.0034999999999999,694.96,697.91,691.61,927237663,6934065344028,345651361602403.0,KOSDAQ
2024-11-29,678.19,2,-16.2,-0.0233,694.24,694.24,677.08,888674468,6295163802026,337777688264228.0,KOSDAQ
2024-12-02,675.84,2,-2.35,-0.0034999999999999,684.15,687.7,675.78,735007138,6353293970211,336808236092623.0,KOSDAQ
2024-12-03,690.8,1,14.96,0.0220999999999999,678.98,692.81,678.98,834908008,6235507051348,344255247272481.0,KOSDAQ
2024-12-04,677.15,2,-13.65,-0.0197999999999999,677.59,687.94,671.6,912110518,6402835500835,337768663789392.0,KOSDAQ
2024-12-05,670.94,2,-6.21,-0.0092,679.79,680.02,669.27,746440194,5992285180249,334928549613995.0,KOSDAQ
2024-12-06,661.33,2,-9.61,-0.0143,670.7,671.34,644.39,899216483,6791257309310,330204155887834.0,KOSDAQ
2024-12-09,627.01,2,-34.32,-0.0519,649.35,649.35,627.01,890861301,6511899873856,313015003789608.0,KOSDAQ
2024-12-10,661.59,1,34.58,0.0552,635.94,661.6,635.94,917262005,7497533013397,330190415159065.0,KOSDAQ
2024-12-11,675.92,1,14.33,0.0217,661.71,677.55,661.71,971320515,6392782148565,337681554355491.0,KOSDAQ
2024-12-12,683.35,1,7.43,0.011,680.97,687.0,674.31,1035142447,8235306824240,341391137883317.0,KOSDAQ
2024-12-13,693.73,1,10.38,0.0152,684.25,695.76,683.3,901945850,6787042166717,346943091592353.0,KOSDAQ
2024-12-16,698.53,1,4.8,0.0069,699.81,701.67,695.67,1001731892,6984401139011,349452247183742.0,KOSDAQ
2024-12-17,694.47,2,-4.06,-0.0058,699.52,699.52,691.58,981787202,7201106404792,347336209928400.0,KOSDAQ
2024-12-18,697.57,1,3.1,0.0045,694.94,699.18,690.4,858876686,7245591833949,348901870316724.0,KOSDAQ
2024-12-19,684.36,2,-13.21,-0.0189,682.53,688.29,679.85,761648258,6536914472666,342502492206707.0,KOSDAQ
2024-12-20,668.31,2,-16.05,-0.0235,684.79,685.1,667.0,870059923,6513537903235,334828026988434.0,KOSDAQ
2024-12-23,679.24,1,10.93,0.0163999999999999,674.26,683.16,671.09,657713640,5344653426478,340290856473099.0,KOSDAQ
2024-12-24,680.11,1,0.87,0.0013,683.02,685.87,679.23,645103801,6070198709390,341005131321276.0,KOSDAQ
2024-12-26,675.64,2,-4.47,-0.0066,684.21,684.36,674.81,829286499,6704724150325,338975146382255.0,KOSDAQ
2024-12-27,665.97,2,-9.67,-0.0143,674.3,677.5,661.24,814127292,6228975394160,333874166918579.0,KOSDAQ
2024-12-30,678.19,1,12.22,0.0183,662.68,679.68,661.92,644554166,4846907016071,340145082908613.0,KOSDAQ
2025-01-02,686.63,1,8.44,0.0124,678.98,687.25,675.96,741587124,5912360145938,344423635810547.0,KOSDAQ
2025-01-03,705.76,1,19.13,0.0279,688.04,706.46,687.73,871626030,7988209959039,353817405553060.0,KOSDAQ
2025-01-06,717.96,1,12.2,0.0173,707.87,718.86,707.87,1109992880,8258064748146,360017098034976.0,KOSDAQ
2025-01-07,718.29,1,0.33,0.0005,719.68,723.09,717.07,1230039625,8174853992098,360367857019386.0,KOSDAQ
2025-01-08,719.63,1,1.34,0.0019,713.78,720.21,712.62,1124301750,6913236534847,361070265502191.0,KOSDAQ
2025-01-09,723.52,1,3.89,0.0054,718.89,723.7,712.35,992523922,7502223198476,363118431218266.0,KOSDAQ
2025-01-10,717.89,2,-5.63,-0.0078,722.21,723.47,715.68,914398003,6601204072715,360309762116239.0,KOSDAQ
2025-01-13,708.21,2,-9.68,-0.0135,713.98,718.96,707.6,770836664,5638973154335,356078608341734.0,KOSDAQ
2025-01-14,718.04,1,9.83,0.0139,712.03,718.6,709.11,911711452,6801057772805,361067651008505.0,KOSDAQ
2025-01-15,711.61,2,-6.43,-0.009,722.16,722.34,709.82,982777494,6595897658814,357796530372816.0,KOSDAQ
2025-01-16,724.24,1,12.63,0.0177,720.35,725.78,720.35,822196863,6683933349897,364133995938266.0,KOSDAQ
2025-01-17,724.69,1,0.45,0.0006,723.05,725.54,722.28,844070196,6992862771104,364479404798641.0,KOSDAQ
2025-01-20,727.66,1,2.97,0.0040999999999999,727.59,728.51,722.77,756376851,6339532887147,365874385853105.0,KOSDAQ
2025-01-21,726.07,2,-1.59,-0.0022,728.57,733.91,720.73,860868642,7132228371381,365280195075588.0,KOSDAQ
2025-01-22,732.31,1,6.24,0.0086,731.17,733.89,729.46,917737627,7475319364269,368360207434957.0,KOSDAQ
2025-01-23,724.01,2,-8.3,-0.0113,731.69,731.72,723.49,921233004,7015212042796,364441865611068.0,KOSDAQ
2025-01-24,728.74,1,4.73,0.0065,725.78,731.7,722.82,763299520,6343842337858,367274172545405.0,KOSDAQ
2025-01-31,728.29,2,-0.45,-0.0006,724.96,728.41,723.3,687448836,6531726911469,367126940213354.0,KOSDAQ
2025-02-03,703.8,2,-24.49,-0.0336,718.26,718.26,700.57,843786203,7440589706733,355305744954193.0,KOSDAQ
2025-02-04,719.92,1,16.12,0.0229,713.55,726.28,713.55,996620510,8417510783751,363587949463097.0,KOSDAQ
2025-02-05,730.98,1,11.06,0.0154,724.6,731.92,724.6,815898537,8097572917090,368943222732921.0,KOSDAQ
2025-02-06,740.32,1,9.34,0.0128,735.94,740.32,734.91,858061283,8515712965704,373633475899069.0,KOSDAQ
2025-02-07,742.9,1,2.58,0.0034999999999999,739.88,744.68,737.61,973353714,9929371402136,375077397728902.0,KOSDAQ
2025-02-10,749.67,1,6.77,0.0091,740.12,750.46,735.71,1005599352,10816609918803,378488631738113.0,KOSDAQ
2025-02-11,749.59,2,-0.08,-0.0001,751.25,754.62,749.36,987198406,10013921895477,378570153375273.0,KOSDAQ
2025-02-12,745.18,2,-4.41,-0.0059,748.65,748.65,742.85,895422568,8611339860094,376565036587962.0,KOSDAQ
2025-02-13,749.28,1,4.1,0.0055,748.69,751.83,744.83,815852418,8391742906978,378870539511192.0,KOSDAQ
2025-02-14,756.32,1,7.04,0.0093999999999999,752.08,758.72,752.04,901114792,10084980780532,382900831746409.0,KOSDAQ
2025-02-17,768.48,1,12.16,0.0161,759.21,768.48,757.77,885361507,9312985299233,389416156462502.0,KOSDAQ
2025-02-18,773.65,1,5.17,0.0067,769.93,773.77,765.99,1064611034,10121234693865,392037051618906.0,KOSDAQ
2025-02-19,778.27,1,4.62,0.006,774.12,778.98,772.63,939913640,10913313669393,394243294233280.0,KOSDAQ
2025-02-20,768.27,2,-10.0,-0.0128,777.78,781.54,766.83,1045130301,10415463533760,389640020603937.0,KOSDAQ
2025-02-21,774.65,1,6.38,0.0083,768.39,774.78,767.18,881243487,8182601802642,392602420154611.0,KOSDAQ
2025-02-24,773.33,2,-1.32,-0.0017,766.94,773.51,764.48,904411705,7924512242876,392294112296850.0,KOSDAQ
2025-02-25,769.43,2,-3.9,-0.005,766.85,773.91,765.26,962424381,8757281474050,390764703025874.0,KOSDAQ
2025-02-26,771.41,1,1.98,0.0026,769.0,774.2,766.69,909127367,7969806149515,391744101242164.0,KOSDAQ
2025-02-27,770.85,2,-0.56,-0.0007,774.13,776.57,769.6,806160338,7469652252807,391416417741301.0,KOSDAQ
2025-02-28,743.96,2,-26.89,-0.0349,760.1,760.1,743.95,860877844,7789832800055,377926445581963.0,KOSDAQ
2025-03-04,737.9,2,-6.06,-0.0081,739.68,739.68,730.96,622276869,5493892282378,375108425479583.0,KOSDAQ
2025-03-05,746.95,1,9.05,0.0123,743.35,748.82,740.69,684374715,6466086116660,379834268125984.0,KOSDAQ
2025-03-06,734.92,2,-12.03,-0.0161,750.43,750.43,733.49,766879796,7505323280070,373981104772291.0,KOSDAQ
2025-03-07,727.7,2,-7.22,-0.0098,729.43,738.1,725.97,731378055,7183593305606,370358758385096.0,KOSDAQ
2025-03-10,725.82,2,-1.88,-0.0026,724.78,732.62,720.13,622760098,5834615967181,369529949656492.0,KOSDAQ
2025-03-11,721.5,2,-4.32,-0.006,710.2,721.7,706.96,757611773,7149826854989,367633889516135.0,KOSDAQ
2025-03-12,729.49,1,7.99,0.0111,724.58,734.14,723.52,687840839,6558097776494,371989156127139.0,KOSDAQ
2025-03-13,722.8,2,-6.69,-0.0092,735.75,737.29,722.28,774839374,7485492681845,368874805611599.0,KOSDAQ
2025-03-14,734.26,1,11.46,0.0159,723.75,736.84,723.71,668141670,6493140821396,374871759865668.0,KOSDAQ
2025-03-17,743.51,1,9.25,0.0126,740.14,743.77,735.32,693669930,7112442322831,379331543750418.0,KOSDAQ
2025-03-18,745.54,1,2.03,0.0027,747.71,748.07,742.29,677134375,6779991571401,380885280774773.0,KOSDAQ
2025-03-19,738.35,2,-7.19,-0.0096,743.21,747.53,737.52,721061736,6943065173394,377235277140899.0,KOSDAQ
2025-03-20,725.15,2,-13.2,-0.0179,743.06,743.39,725.1,749018294,8338383504585,370651144256744.0,KOSDAQ
2025-03-21,719.41,2,-5.74,-0.0079,724.94,727.15,713.82,735721739,7672927584981,368143842842415.0,KOSDAQ
2025-03-24,720.22,1,0.81,0.0011,721.39,725.34,718.67,678079652,5310038114044,368835429966832.0,KOSDAQ
2025-03-25,711.26,2,-8.96,-0.0124,725.34,725.84,709.67,729735132,6016568417764,364227032661785.0,KOSDAQ
2025-03-26,716.48,1,5.22,0.0073,714.36,717.3,705.38,706699242,5368345496857,366971161183674.0,KOSDAQ
2025-03-27,707.49,2,-8.99,-0.0125,710.98,718.2,706.86,766088993,5658041994382,362229714703401.0,KOSDAQ
2025-03-28,693.76,2,-13.73,-0.0194,708.97,709.33,691.76,964194525,5325467408913,355501975376710.0,KOSDAQ
2025-03-31,672.85,2,-20.91,-0.0301,683.42,686.17,671.91,895517699,5025704537947,344695152100374.0,KOSDAQ
2025-04-01,691.45,1,18.6,0.0276,681.58,695.73,677.86,769528538,5379658338006,354163014064436.0,KOSDAQ
2025-04-02,684.85,2,-6.6,-0.0095,695.37,696.48,683.3,799717067,6400352823048,350645716199293.0,KOSDAQ
2025-04-03,683.49,2,-1.36,-0.002,670.75,685.16,669.85,716602765,5795628263064,350194364332347.0,KOSDAQ
2025-04-04,687.39,1,3.9,0.0056999999999999,677.23,697.72,674.66,976563377,7767886290180,352303146538945.0,KOSDAQ
2025-04-07,651.3,2,-36.09,-0.0525,667.02,667.02,651.29,914731766,6282222864292,333848533856062.0,KOSDAQ
2025-04-08,658.45,1,7.15,0.011,666.01,668.82,656.07,872171575,6117697148248,337482406628544.0,KOSDAQ
2025-04-09,643.39,2,-15.06,-0.0229,653.84,657.45,637.55,826310248,5626385140304,329853682351908.0,KOSDAQ
2025-04-10,681.79,1,38.4,0.0596999999999999,670.12,681.79,669.99,925254115,6008922102424,349599359110092.0,KOSDAQ
2025-04-11,695.59,1,13.8,0.0202,673.09,695.59,672.74,1049944175,6624999997223,356820804997226.0,KOSDAQ
2025-04-14,708.98,1,13.39,0.0192,699.99,709.05,699.21,1050254443,6640277031266,363751092585110.0,KOSDAQ
2025-04-15,711.92,1,2.94,0.0040999999999999,709.51,712.69,704.61,894426632,6878709344578,365359186143303.0,KOSDAQ
2025-04-16,699.11,2,-12.81,-0.018,710.38,711.38,698.58,978750260,6740808880865,358744662832503.0,KOSDAQ
2025-04-17,711.75,1,12.64,0.0181,700.11,711.91,700.11,1082187431,6248955537445,365177306355649.0,KOSDAQ
2025-04-18,717.77,1,6.02,0.0085,713.52,717.77,708.2,1156924183,7216567131041,368396651941493.0,KOSDAQ
2025-04-21,715.45,2,-2.32,-0.0032,717.25,722.18,714.05,1164432863,6334850713013,366929167886205.0,KOSDAQ
2025-04-22,716.12,1,0.67,0.0009,711.42,717.86,711.03,1277015428,7315553729975,367616914755586.0,KOSDAQ
2025-04-23,726.08,1,9.96,0.0139,724.33,726.1,720.42,1050347212,6678332362823,372670965642156.0,KOSDAQ
2025-04-24,726.08,3,0.0,0.0,726.95,729.49,723.33,1150836607,5979132035110,372750730245767.0,KOSDAQ
2025-04-25,729.69,1,3.61,0.005,729.56,732.8,728.21,1010312750,5622573638907,374623951934461.0,KOSDAQ
2025-04-28,719.41,2,-10.28,-0.0141,730.58,732.44,718.14,990322714,6087840084161,369248306440116.0,KOSDAQ
2025-04-29,726.46,1,7.05,0.0098,722.94,727.8,721.42,943333984,5609256482055,372832258499543.0,KOSDAQ
2025-04-30,717.24,2,-9.22,-0.0127,726.19,727.27,715.33,850397796,5527164620062,367992750727586.0,KOSDAQ
2025-05-02,721.86,1,4.62,0.0064,716.6,723.77,714.07,735178377,4623685254778,370205863100350.0,KOSDAQ
2025-05-07,722.81,1,0.95,0.0013,722.41,722.81,714.8,744459684,5570137102166,370735467396545.0,KOSDAQ
2025-05-08,729.59,1,6.78,0.0093999999999999,725.81,730.72,725.81,730302443,6284969296737,373994910225526.0,KOSDAQ
2025-05-09,722.52,2,-7.07,-0.0097,731.01,731.01,719.83,852590197,7469599597962,370766640465496.0,KOSDAQ
2025-05-12,725.4,1,2.88,0.004,724.47,727.56,719.23,1016087913,7045877105131,372386306107579.0,KOSDAQ
2025-05-13,731.88,1,6.48,0.0089,731.11,735.85,730.76,1151961554,7061497171778,375358254179205.0,KOSDAQ
2025-05-14,739.05,1,7.17,0.0098,732.2,739.05,726.51,970914062,7405953012646,379042059281306.0,KOSDAQ
2025-05-15,733.23,2,-5.82,-0.0079,738.15,738.28,732.59,1108973249,7872970047904,376438057123392.0,KOSDAQ
2025-05-16,725.07,2,-8.16,-0.0111,734.38,734.38,722.99,1124173729,7437026337141,372366817903622.0,KOSDAQ
2025-05-19,713.75,2,-11.32,-0.0156,721.27,721.31,710.47,1319286832,6971426892158,367387892720001.0,KOSDAQ
2025-05-20,715.55,1,1.8,0.0025,719.36,722.17,715.12,1018198005,7034016821292,368918950965291.0,KOSDAQ
2025-05-21,723.62,1,8.07,0.0113,720.64,726.68,719.96,846438915,6446231626441,372965129173416.0,KOSDAQ
2025-05-22,717.67,2,-5.95,-0.0081999999999999,720.96,720.96,714.71,1068236847,5874547207292,369991002238903.0,KOSDAQ
2025-05-23,715.98,2,-1.69,-0.0024,720.5,720.5,713.22,985285124,5817305593086,369764319394201.0,KOSDAQ
2025-05-26,725.27,1,9.29,0.013,718.48,726.93,716.86,825198990,5404346268886,374422698229100.0,KOSDAQ
2025-05-27,727.11,1,1.84,0.0025,727.0,727.16,723.66,848891345,6068267737234,375543912252837.0,KOSDAQ
2025-05-28,728.79,1,1.68,0.0023,731.06,733.48,727.6,974171867,6815890807006,376609767324941.0,KOSDAQ
2025-05-29,736.29,1,7.5,0.0103,733.22,736.29,731.64,886682511,5369458939464,380346510455772.0,KOSDAQ
2025-05-30,734.35,2,-1.94,-0.0026,735.26,737.43,732.55,907815111,5351146799537,379575280943270.0,KOSDAQ
2025-06-02,740.29,1,5.94,0.0081,735.14,741.41,733.97,846169410,5761400658447,382652654685762.0,KOSDAQ
2025-06-04,750.21,1,9.92,0.0134,749.13,752.75,747.35,853355064,6775068555050,387727008874316.0,KOSDAQ
2025-06-05,756.23,1,6.02,0.008,751.59,761.17,750.17,861273588,7462281349786,390727941502873.0,KOSDAQ
2025-06-09,764.21,1,7.98,0.0106,759.27,764.92,757.29,1055301118,7595454385707,394883443614929.0,KOSDAQ
2025-06-10,771.2,1,6.99,0.0091,767.91,771.2,761.36,1351927648,7121352601026,398574952166925.0,KOSDAQ
2025-06-11,786.29,1,15.09,0.0196,775.43,787.06,774.84,1566716471,7799685122891,406716567162800.0,KOSDAQ
2025-06-12,789.45,1,3.16,0.004,786.27,793.2,784.96,1288365758,7668782861001,408333205142564.0,KOSDAQ
2025-06-13,768.86,2,-20.59,-0.0260999999999999,792.68,792.68,761.42,1096004622,7858865210477,397652315522130.0,KOSDAQ
2025-06-16,777.26,1,8.4,0.0109,767.64,777.68,763.81,1111396074,6898142866488,401912894070874.0,KOSDAQ
2025-06-17,775.65,2,-1.61,-0.0021,780.08,785.76,766.56,1136678019,7429307104002,401040121308611.0,KOSDAQ
2025-06-18,779.73,1,4.08,0.0053,772.6,781.35,772.6,1006940370,7105541802781,403012416063106.0,KOSDAQ
2025-06-19,782.51,1,2.78,0.0036,783.29,783.3,776.21,1103659388,7609431198982,405230473135391.0,KOSDAQ
2025-06-20,791.53,1,9.02,0.0115,783.63,791.53,780.65,1110932295,7858722693000,409847065976716.0,KOSDAQ
2025-06-23,784.79,2,-6.74,-0.0085,779.67,784.79,772.91,991615723,7554336981761,406406467551672.0,KOSDAQ
2025-06-24,800.93,1,16.14,0.0206,796.06,801.34,794.87,1076177220,8337504695530,414507549486704.0,KOSDAQ
2025-06-25,798.21,2,-2.72,-0.0034,802.92,803.93,793.03,1165502459,7017991736666,413235742853345.0,KOSDAQ
2025-06-26,787.95,2,-10.26,-0.0129,799.21,799.21,779.72,938619650,6238641599781,407828274546070.0,KOSDAQ
2025-06-27,781.56,2,-6.39,-0.0081,789.93,790.67,778.6,888662093,5628451025141,404552311581698.0,KOSDAQ
2025-06-30,781.5,2,-0.06,-0.0001,783.53,784.65,778.58,801110446,6296279603464,404628236195796.0,KOSDAQ
2025-07-01,783.67,1,2.17,0.0028,783.65,788.38,783.29,971142670,6091748860723,405777886639185.0,KOSDAQ
2025-07-02,782.17,2,-1.5,-0.0019,784.73,787.11,769.91,945635774,5436628436550,405139268560991.0,KOSDAQ
2025-07-03,793.33,1,11.16,0.0143,785.77,793.61,783.53,1087732758,5825862072411,411003106864950.0,KOSDAQ
2025-07-04,775.8,2,-17.53,-0.0220999999999999,792.65,793.77,775.58,1131389159,6036753149461,402180338713320.0,KOSDAQ
2025-07-07,778.46,1,2.66,0.0034,774.19,779.98,771.46,1416111646,5815931639482,403786447167252.0,KOSDAQ
2025-07-08,784.24,1,5.78,0.0074,779.28,784.37,775.57,1205277647,5367654549578,406768236699190.0,KOSDAQ
2025-07-09,790.36,1,6.12,0.0078,786.33,790.36,783.48,860876616,5635547762419,409957714497181.0,KOSDAQ
2025-07-10,797.7,1,7.34,0.0093,794.64,798.73,792.05,905082870,6602315699125,413859795815992.0,KOSDAQ
2025-07-11,800.47,1,2.77,0.0034999999999999,799.96,805.9,798.83,976326744,7133020580564,415278855950929.0,KOSDAQ
2025-07-14,799.37,2,-1.1,-0.0014,802.73,803.1,795.57,939783192,6149456850332,414781167547396.0,KOSDAQ
2025-07-15,812.88,1,13.51,0.0169,800.24,812.91,798.83,816034316,7488117046904,422170177095579.0,KOSDAQ
2025-07-16,812.23,2,-0.65,-0.0008,810.09,813.19,805.13,946532947,7094680242258,421867632269658.0,KOSDAQ
2025-07-17,818.27,1,6.04,0.0074,814.92,818.27,806.63,951612291,6121447340560,425108707235813.0,KOSDAQ
2025-07-18,820.67,1,2.4,0.0029,821.58,822.83,815.45,827138343,5998546385385,426552731386398.0,KOSDAQ
2025-07-21,821.69,1,1.02,0.0012,819.84,822.76,817.34,866807250,5249525296192,426778495796614.0,KOSDAQ
2025-07-22,812.97,2,-8.72,-0.0106,822.33,827.82,808.81,993451581,6191670492780,422194288945095.0,KOSDAQ
2025-07-23,813.56,1,0.59,0.0007,815.88,815.88,802.3,909010533,5592866277405,422991786936738.0,KOSDAQ
2025-07-24,809.89,2,-3.67,-0.0045,816.94,819.95,809.26,889008115,6114227577655,420539410713145.0,KOSDAQ
2025-07-25,806.95,2,-2.94,-0.0036,809.43,810.67,805.83,714505962,5209063211398,419278499128287.0,KOSDAQ
2025-07-28,804.4,2,-2.55,-0.0032,811.26,811.49,800.76,727049937,5279086288376,418537193223346.0,KOSDAQ
2025-07-29,804.45,1,0.05,0.0001,803.38,807.09,795.67,620970466,5116176933274,418748612045516.0,KOSDAQ
2025-07-30,803.67,2,-0.78,-0.001,804.76,809.27,803.34,770147386,5218914708468,418309411054897.0,KOSDAQ
2025-07-31,805.24,1,1.57,0.002,806.21,809.03,799.51,831711599,5066428416846,419188764655325.0,KOSDAQ
2025-08-01,772.79,2,-32.45,-0.0403,796.24,796.24,772.66,835015170,4750887070057,402395592586705.0,KOSDAQ
2025-08-04,784.06,1,11.27,0.0146,773.83,786.35,770.35,705682917,4047911515061,408456725405992.0,KOSDAQ
2025-08-05,798.6,1,14.54,0.0185,791.94,801.63,791.94,689089323,4812376158839,415976573129459.0,KOSDAQ
2025-08-06,803.49,1,4.89,0.0060999999999999,796.48,803.55,793.85,696604882,4775881174320,418855553862851.0,KOSDAQ
2025-08-07,805.81,1,2.32,0.0029,805.27,806.47,801.7,765440400,4803969295670,420293283683713.0,KOSDAQ
2025-08-08,809.27,1,3.46,0.0043,806.43,812.48,806.43,848042613,5164784930383,422078572579433.0,KOSDAQ
2025-08-11,811.85,1,2.58,0.0032,810.51,813.52,805.9,928260067,5301235294411,423414436908295.0,KOSDAQ
2025-08-12,807.19,2,-4.66,-0.0056999999999999,813.12,820.27,806.84,1106879507,5946180259674,421101693939217.0,KOSDAQ
2025-08-13,814.1,1,6.91,0.0086,816.54,816.66,806.26,979563280,5768337971576,424724973998490.0,KOSDAQ
2025-08-14,815.26,1,1.16,0.0014,814.48,817.22,812.38,912584241,5816974171108,426312531735779.0,KOSDAQ
2025-08-18,798.05,2,-17.21,-0.0210999999999999,811.52,812.49,798.05,764722908,4936251584960,418014549617396.0,KOSDAQ
2025-08-19,787.96,2,-10.09,-0.0126,799.54,800.07,785.95,866727946,5659873336874,413133973148462.0,KOSDAQ
2025-08-20,777.61,2,-10.35,-0.0131,778.63,778.63,766.57,877724027,5028116190169,407962412811871.0,KOSDAQ
2025-08-21,777.24,2,-0.37,-0.0005,780.32,784.73,776.31,894577484,4662554536552,407867192145023.0,KOSDAQ
2025-08-22,782.51,1,5.27,0.0068,778.77,785.55,778.73,833027192,4633017246286,410673679866490.0,KOSDAQ
2025-08-25,798.02,1,15.51,0.0197999999999999,791.66,798.57,791.66,770617645,4882412241874,418845734133131.0,KOSDAQ
2025-08-26,801.66,1,3.64,0.0046,793.99,802.84,793.37,784245468,5226897642369,420924840202677.0,KOSDAQ
2025-08-27,801.72,1,0.06,0.0001,802.57,803.19,797.6,729017215,4723439324430,420910036518983.0,KOSDAQ
2025-08-28,798.43,2,-3.29,-0.0040999999999999,800.49,801.37,797.37,787080503,4684239050298,419656795163829.0,KOSDAQ
2025-08-29,796.91,2,-1.52,-0.0019,801.96,805.94,795.56,855305612,5042896502939,418982507059390.0,KOSDAQ
2025-09-01,785.0,2,-11.91,-0.0149,795.3,796.23,782.54,1093852709,6001661810464,412783926198496.0,KOSDAQ
2025-09-02,794.0,1,9.0,0.0115,789.35,794.0,785.3,1039046890,6435888727441,417585126096603.0,KOSDAQ
2025-09-03,796.81,1,2.81,0.0034999999999999,793.28,796.92,789.27,1189073685,5532534625330,419025121335677.0,KOSDAQ
2025-09-04,805.42,1,8.61,0.0108,799.53,806.78,799.53,1252331330,5990196983937,423716298836882.0,KOSDAQ
2025-09-05,811.4,1,5.98,0.0074,809.09,811.71,807.2,1013622146,5850369506650,427121554125661.0,KOSDAQ
2025-09-08,818.6,1,7.2,0.0089,815.9,818.61,813.43,886185504,5789989857107,431012297249256.0,KOSDAQ
2025-09-09,824.82,1,6.22,0.0076,820.75,824.82,817.4,1282471139,7485095396014,434427141976511.0,KOSDAQ
2025-09-10,833.0,1,8.18,0.0098999999999999,828.4,833.21,827.57,895071232,7663580551758,438485075018986.0,KOSDAQ
2025-09-11,834.76,1,1.76,0.0021,834.68,836.55,831.23,960433626,7911832190817,439651373023848.0,KOSDAQ
2025-09-12,847.08,1,12.32,0.0148,839.73,847.36,839.56,954437631,8289262731226,446419302686867.0,KOSDAQ
2025-09-15,852.69,1,5.61,0.0066,849.64,852.69,843.43,944742939,8082127232287,449409719084167.0,KOSDAQ
2025-09-16,851.84,2,-0.85,-0.001,854.4,855.5,850.15,1035618140,7789298553453,448806558820284.0,KOSDAQ
2025-09-17,845.53,2,-6.31,-0.0074,850.15,850.15,844.16,1004374095,6999014413113,445386996611439.0,KOSDAQ
2025-09-18,857.11,1,11.58,0.0137,851.94,857.12,850.23,968140998,8220813087903,451441760067381.0,KOSDAQ
2025-09-19,863.11,1,6.0,0.0069999999999999,858.08,863.11,854.0,951397580,10864457361532,454860816756249.0,KOSDAQ
2025-09-22,874.36,1,11.25,0.013,869.06,875.27,867.11,956058154,9841417665664,460854759412449.0,KOSDAQ
2025-09-23,872.21,2,-2.15,-0.0025,877.18,877.56,866.65,964171331,10104817488818,460296764056738.0,KOSDAQ
2025-09-24,860.94,2,-11.27,-0.0129,870.54,871.82,851.38,1036233329,10119373368080,454521785202778.0,KOSDAQ
2025-09-25,852.48,2,-8.46,-0.0098,858.45,862.08,850.13,871793699,9035460145211,450029907718211.0,KOSDAQ
2025-09-26,835.19,2,-17.29,-0.0203,847.67,847.73,829.47,749241693,7979792322718,440970921409888.0,KOSDAQ
2025-09-29,846.71,1,11.52,0.0138,840.62,847.57,837.89,663695639,6300735197773,446927916811372.0,KOSDAQ
2025-09-30,841.99,2,-4.72,-0.0056,847.52,849.18,841.65,839740111,6921741293044,444562528239405.0,KOSDAQ
2025-10-01,845.34,1,3.35,0.004,846.32,849.8,844.0,620014129,6344081986865,446292675601101.0,KOSDAQ
2025-10-02,854.25,1,8.91,0.0105,853.4,854.87,848.75,820879618,7228645884271,451016377835878.0,KOSDAQ
2025-10-10,859.49,1,5.24,0.0060999999999999,858.86,859.98,849.64,773577211,8649180783645,452811180837144.0,KOSDAQ
2025-10-13,860.49,1,1.0,0.0012,845.76,861.79,840.28,698531892,8162012365137,453266077303103.0,KOSDAQ
2025-10-14,847.96,2,-12.53,-0.0146,865.37,870.72,839.27,996539183,11139101347380,446736670394092.0,KOSDAQ
2025-10-15,864.72,1,16.76,0.0197999999999999,853.17,864.77,850.3,879761725,8869030231428,455485879590306.0,KOSDAQ
2025-10-16,865.41,1,0.69,0.0008,866.82,868.36,862.63,899457604,9441707236763,455846661257057.0,KOSDAQ
2025-10-17,859.54,2,-5.87,-0.0068,862.71,871.06,859.19,859531946,9555838618592,452797471844974.0,KOSDAQ
2025-10-20,875.77,1,16.23,0.0189,864.98,876.47,862.01,846812813,9107603181155,461433098519204.0,KOSDAQ
2025-10-21,872.5,2,-3.27,-0.0037,881.53,882.1,867.62,1118285139,10231050397481,459628042881798.0,KOSDAQ
2025-10-22,879.15,1,6.65,0.0076,872.51,879.31,866.21,871961429,8328241950459,463248403522903.0,KOSDAQ
2025-10-23,872.03,2,-7.12,-0.0081,874.13,880.33,868.74,1060355971,7801886962067,459365807344522.0,KOSDAQ
2025-10-24,883.08,1,11.05,0.0127,880.61,884.06,876.38,961806778,9011845787475,465327498625623.0,KOSDAQ
2025-10-27,902.7,1,19.62,0.0222,890.23,902.72,888.87,997294118,9904002788580,475870061644809.0,KOSDAQ
2025-10-28,903.3,1,0.6,0.0007,902.82,906.71,896.36,842074817,8286274110858,476085845343431.0,KOSDAQ
2025-10-29,901.59,2,-1.71,-0.0019,906.5,906.5,896.11,976841443,9268119599768,475071096613992.0,KOSDAQ
2025-10-30,890.86,2,-10.73,-0.0118999999999999,903.24,904.34,883.68,1214715904,9170647249329,469487193445190.0,KOSDAQ
2025-10-31,900.42,1,9.56,0.0107,894.54,901.8,891.32,895005986,9426947374128,474718249634299.0,KOSDAQ
2025-11-03,914.55,1,14.13,0.0157,906.19,914.91,902.29,1037137247,12841681820761,483235386241308.0,KOSDAQ
2025-11-04,926.57,1,12.02,0.0131,914.87,932.15,912.78,931506224,12132779748732,489799766047101.0,KOSDAQ
2025-11-05,901.89,2,-24.68,-0.0266,919.28,919.28,871.79,1130176701,10963273434248,476118851919264.0,KOSDAQ
2025-11-06,898.17,2,-3.72,-0.0040999999999999,915.43,921.22,890.58,981007229,11066228478204,474288580077564.0,KOSDAQ
2025-11-07,876.81,2,-21.36,-0.0237999999999999,882.94,894.83,864.67,1041127667,9676816630776,463421451721770.0,KOSDAQ
2025-11-10,888.35,1,11.54,0.0132,882.44,889.08,872.13,727289624,8192320158769,469630113157849.0,KOSDAQ
2025-11-11,884.27,2,-4.08,-0.0046,893.91,903.09,876.56,966120767,10401685560108,467285751200636.0,KOSDAQ
2025-11-12,906.51,1,22.24,0.0252,890.99,906.59,887.2,1001471641,9290427569556,479193408430614.0,KOSDAQ
2025-11-13,918.37,1,11.86,0.0131,904.36,920.13,902.34,911086896,9636657196759,483411483415357.0,KOSDAQ
2025-11-14,897.9,2,-20.47,-0.0223,900.42,910.04,897.09,831830184,10631908048786,473282856989902.0,KOSDAQ
2025-11-17,902.67,1,4.77,0.0053,904.15,905.42,895.69,715016164,8185193119729,476071084155696.0,KOSDAQ
2025-11-18,878.7,2,-23.97,-0.0266,899.62,900.73,873.04,849174335,9414569957498,463949887926264.0,KOSDAQ
2025-11-19,871.32,2,-7.38,-0.0084,881.49,881.81,854.23,748690365,7905340530963,459986312975967.0,KOSDAQ
2025-11-20,891.94,1,20.62,0.0237,884.1,894.87,884.1,636594701,7883584667136,472521019511155.0,KOSDAQ
2025-11-21,863.95,2,-27.99,-0.0314,867.45,870.51,860.17,752170109,8174598580763,458706522322794.0,KOSDAQ
2025-11-24,856.44,2,-7.51,-0.0087,873.3,873.3,850.09,707039268,7617319500697,454259553670366.0,KOSDAQ
2025-11-25,856.03,2,-0.41,-0.0005,867.84,871.68,851.41,679351904,7560630482848,455091448009773.0,KOSDAQ
2025-11-26,877.32,1,21.29,0.0249,863.28,877.58,859.32,623313155,7655117642955,466850596908751.0,KOSDAQ
2025-11-27,880.06,1,2.74,0.0031,879.44,884.0,878.04,721126512,8610287779742,468723962913122.0,KOSDAQ
2025-11-28,912.67,1,32.61,0.0371,888.75,912.67,888.1,802794496,11749565431796,487358344850909.0,KOSDAQ
2025-12-01,922.38,1,9.71,0.0106,920.69,933.26,917.18,847837459,11816138642333,492998628504584.0,KOSDAQ
2025-12-02,928.42,1,6.04,0.0065,921.37,928.42,914.67,783738636,10175318423989,495835164471199.0,KOSDAQ
2025-12-03,932.01,1,3.59,0.0039,931.49,932.98,926.08,816178315,9830865957190,497621924464485.0,KOSDAQ
2025-12-04,929.83,2,-2.18,-0.0023,934.01,937.88,924.62,754373225,12371869468538,499241591213125.0,KOSDAQ
2025-12-05,924.74,2,-5.09,-0.0055,930.75,933.06,916.11,699773919,12778902994253,499595789043797.0,KOSDAQ
2025-12-08,927.79,1,3.05,0.0033,928.52,929.92,922.17,702958391,11844423719705,501026975755703.0,KOSDAQ
2025-12-09,931.35,1,3.56,0.0038,926.93,932.57,924.55,711665879,10118606861976,503851518812286.0,KOSDAQ
2025-12-10,935.0,1,3.65,0.0039,932.37,936.75,927.36,770849791,10240181827515,505095410830341.0,KOSDAQ
2025-12-11,934.64,2,-0.36,-0.0004,940.59,943.19,929.56,912428273,10944398201410,505070694113694.0,KOSDAQ
2025-12-12,937.34,1,2.7,0.0029,933.99,938.11,930.21,1012037244,12548791564888,506740847424764.0,KOSDAQ
2025-12-15,938.83,1,1.49,0.0016,925.6,939.42,921.09,991670245,11342621170141,507476151030299.0,KOSDAQ
2025-12-16,916.11,2,-22.72,-0.0242,938.23,938.23,915.49,933444140,13198345760146,495712178661559.0,KOSDAQ
2025-12-17,911.07,2,-5.04,-0.0055,922.03,922.74,907.24,1005567478,12225835180744,493135373279600.0,KOSDAQ
2025-12-18,901.33,2,-9.74,-0.0107,899.3,907.54,895.19,900506774,10091584040442,489255541618737.0,KOSDAQ
2025-12-19,915.27,1,13.94,0.0155,909.7,922.1,899.25,973702578,11519713607616,496854683132562.0,KOSDAQ
2025-12-22,929.14,1,13.87,0.0152,923.97,929.83,923.2,986661769,12426243717625,504618202666855.0,KOSDAQ
2025-12-23,919.56,2,-9.58,-0.0103,932.48,932.48,918.54,956469284,11974077594698,499568763110517.0,KOSDAQ
2025-12-24,915.2,2,-4.36,-0.0046999999999999,921.01,921.01,913.21,833834632,11450572177569,498536727361424.0,KOSDAQ
2025-12-26,919.67,1,4.47,0.0049,920.9,923.61,913.85,829359264,11348264363182,500989120222614.0,KOSDAQ
2025-12-29,932.59,1,12.92,0.0139999999999999,923.22,932.64,921.12,913419388,11853731601396,509275603324523.0,KOSDAQ
2025-12-30,925.47,2,-7.12,-0.0076,928.99,929.95,920.56,818897041,10557101430634,505926194386465.0,KOSDAQ
2026-01-02,945.57,1,20.1,0.0217,930.35,945.57,930.35,884030881,10781845213902,516105109376347.0,KOSDAQ
2026-01-05,957.5,1,11.93,0.0126,948.56,957.59,945.27,1096668410,12062092284415,522545651079382.0,KOSDAQ
2026-01-06,955.97,2,-1.53,-0.0016,959.38,960.35,950.07,1042711479,10453956910330,521515919461810.0,KOSDAQ
2026-01-07,947.39,2,-8.58,-0.009,957.74,957.93,937.95,1072220568,11446455164057,516941007340295.0,KOSDAQ
2026-01-08,944.06,2,-3.33,-0.0034999999999999,950.71,951.77,943.08,971004082,10098032715486,515288203176604.0,KOSDAQ
2026-01-09,947.92,1,3.86,0.0040999999999999,944.74,948.06,935.54,924588719,9033037337677,517435086314098.0,KOSDAQ
2026-01-12,949.81,1,1.89,0.002,948.48,957.37,939.33,1083537449,10314586030271,518460647051043.0,KOSDAQ
2026-01-13,948.98,2,-0.83,-0.0009,954.75,954.75,941.34,1107522098,10189858922043,517871337759194.0,KOSDAQ
2026-01-14,942.18,2,-6.8,-0.0072,951.03,951.03,937.72,948432868,8855308926666,514341259913477.0,KOSDAQ
2026-01-15,951.16,1,8.98,0.0095,940.66,951.48,937.74,951959685,10731298240488,519333922033928.0,KOSDAQ
2026-01-16,954.59,1,3.43,0.0036,950.83,956.23,943.43,1222179961,14245556031944,521544690222286.0,KOSDAQ
2026-01-19,968.36,1,13.77,0.0144,952.93,969.09,950.63,1281388093,13103317825409,529133808997498.0,KOSDAQ
2026-01-20,976.37,1,8.01,0.0083,973.17,986.23,954.64,1390665542,15318247561963,533575818783884.0,KOSDAQ
2026-01-21,951.29,2,-25.08,-0.0256999999999999,958.05,962.13,933.31,1565806774,20902489981379,519953546507037.0,KOSDAQ
2026-01-22,970.35,1,19.06,0.02,963.77,972.38,956.09,1444825171,16583508229214,530746071011820.0,KOSDAQ
2026-01-23,993.93,1,23.58,0.0243,977.15,998.32,975.25,1452895451,17227263262595,544013862587709.0,KOSDAQ
2026-01-26,1064.41,1,70.48,0.0709,1003.9,1064.44,1003.85,1547814024,25334068506807,582878032691374.0,KOSDAQ
2026-01-27,1082.59,1,18.18,0.0171,1054.19,1082.59,1054.16,1322259251,17691598180564,593012287709592.0,KOSDAQ
2026-01-28,1133.52,1,50.93,0.047,1093.47,1133.52,1092.62,1596894428,23237825872108,620312911943858.0,KOSDAQ
2026-01-29,1164.41,1,30.89,0.0273,1153.43,1167.57,1108.43,1540155965,22676589639925,637540228122045.0,KOSDAQ
2026-01-30,1149.44,2,-14.97,-0.0129,1166.23,1180.87,1146.34,1465197613,22869949516846,630522540400013.0,KOSDAQ
2026-02-02,1098.36,2,-51.08,-0.0444,1128.57,1151.17,1089.89,1243911015,17492841166865,602855752047311.0,KOSDAQ
2026-02-03,1144.33,1,45.97,0.0419,1135.94,1144.4,1119.65,1166572714,14808754555546,627843575425121.0,KOSDAQ
2026-02-04,1149.43,1,5.1,0.0045,1139.02,1158.74,1136.73,1179457276,13676678433558,630262936357408.0,KOSDAQ
2026-02-05,1108.41,2,-41.02,-0.0356999999999999,1137.08,1143.21,1104.63,1370412413,14122636405365,608227766671486.0,KOSDAQ
2026-02-06,1080.77,2,-27.64,-0.0249,1077.08,1096.16,1048.28,1476135941,14241070603216,592931397726286.0,KOSDAQ
2026-02-09,1127.55,1,46.78,0.0433,1109.91,1131.72,1106.07,1134870798,12500556225534,618383080624421.0,KOSDAQ
2026-02-10,1115.2,2,-12.35,-0.011,1132.24,1141.67,1109.44,1341864113,12119151159180,611442391948338.0,KOSDAQ
2026-02-11,1114.87,2,-0.33,-0.0003,1120.62,1126.1,1110.53,1313253319,11189172205571,611359348482832.0,KOSDAQ
2026-02-12,1125.99,1,11.12,0.01,1122.55,1127.8,1110.18,1576134148,12791804633408,617381773549814.0,KOSDAQ
2026-02-13,1106.08,2,-19.91,-0.0177,1113.53,1117.91,1099.62,1466898939,11251179798558,606576528052759.0,KOSDAQ
2026-02-19,1160.71,1,54.63,0.0494,1122.2,1163.66,1111.28,1351784869,14423649983970,636311714197953.0,KOSDAQ
2026-02-20,1154.0,2,-6.71,-0.0058,1161.4,1162.62,1147.72,1331918368,12405282768296,632352781730336.0,KOSDAQ
2026-02-23,1151.99,2,-2.01,-0.0017,1166.94,1174.66,1143.38,1433817308,14444363849207,631945962192601.0,KOSDAQ
2026-02-24,1165.0,1,13.01,0.0113,1159.76,1165.32,1146.22,1335411719,13719901052065,639023316920986.0,KOSDAQ
2026-02-25,1165.25,1,0.25,0.0002,1174.27,1174.27,1158.18,1512980951,13456090753076,639180692053918.0,KOSDAQ
2026-02-26,1188.15,1,22.9,0.0197,1176.15,1190.85,1161.4,1449494980,17973527856743,652471095608939.0,KOSDAQ
2026-02-27,1192.78,1,4.63,0.0039,1175.4,1201.89,1173.16,1262964320,14846572431837,655298804502556.0,KOSDAQ
2026-03-03,1137.7,2,-55.08,-0.0462,1169.82,1215.67,1137.7,1290763152,16896564290303,625379254653995.0,KOSDAQ
2026-03-04,978.44,2,-159.26,-0.14,1112.08,1112.08,976.54,1454919596,16587060253211,538113885657956.0,KOSDAQ
2026-03-05,1116.41,1,137.97,0.141,1023.84,1149.54,1023.84,1044636795,15594889001086,613598130896289.0,KOSDAQ
2026-03-06,1154.67,1,38.26,0.0343,1117.49,1154.67,1092.43,1033229763,14491478372914,635667825498125.0,KOSDAQ
2026-03-09,1102.28,2,-52.39,-0.0454,1096.48,1113.56,1067.24,1044169811,12382996852440,606878043013297.0,KOSDAQ
2026-03-10,1137.68,1,35.4,0.0321,1147.99,1157.2,1123.79,984763423,15061589167087,625883590801663.0,KOSDAQ
2026-03-11,1136.83,2,-0.85,-0.0007,1155.48,1167.26,1121.45,1307016993,16592471610892,625398886336669.0,KOSDAQ
2026-03-12,1148.4,1,11.57,0.0102,1132.0,1150.65,1128.22,1268602707,14019354354740,631893260208703.0,KOSDAQ
2026-03-13,1152.96,1,4.56,0.004,1122.28,1158.01,1119.74,1343544115,14396933392945,634518216626887.0,KOSDAQ
2026-03-16,1138.29,2,-14.67,-0.0127,1156.5,1157.32,1124.98,1177918386,13439171856739,627235824919632.0,KOSDAQ
2026-03-17,1136.94,2,-1.35,-0.0012,1156.83,1160.12,1136.94,1244517670,12933988363514,626458479219555.0,KOSDAQ
2026-03-18,1164.38,1,27.44,0.0241,1156.46,1164.38,1149.88,1298537550,14433288316341,641128655512400.0,KOSDAQ
2026-03-19,1143.48,2,-20.9,-0.0179,1139.12,1153.84,1138.8,1210669118,11802880972337,629708370376569.0,KOSDAQ
2026-03-20,1161.52,1,18.04,0.0158,1153.67,1165.96,1144.37,1251344650,14143306243848,641093086538057.0,KOSDAQ
2026-03-23,1096.89,2,-64.63,-0.0556,1129.86,1130.44,1095.56,1059626626,11100703838271,605547360694796.0,KOSDAQ
2026-03-24,1121.44,1,24.55,0.0224,1134.16,1135.71,1094.67,1237346806,12459576406673,617824388697268.0,KOSDAQ
2026-03-25,1159.55,1,38.11,0.034,1133.31,1160.06,1131.77,1133745818,13972414208390,639697908929129.0,KOSDAQ
2026-03-26,1136.64,2,-22.91,-0.0197999999999999,1159.61,1169.46,1135.33,1158121589,13822660819732,628951976087843.0,KOSDAQ
2026-03-27,1141.51,1,4.87,0.0043,1119.77,1146.07,1101.93,1463267686,12523734226426,632247429582745.0,KOSDAQ
2026-03-30,1107.05,2,-34.46,-0.0302,1101.77,1113.79,1094.48,1133949656,9896777177902,612792865226712.0,KOSDAQ
2026-03-31,1052.39,2,-54.66,-0.0494,1099.08,1099.08,1049.76,1228503799,11367431214549,582561125364799.0,KOSDAQ
2026-04-01,1116.18,1,63.79,0.0605999999999999,1090.36,1122.8,1089.31,1055086094,11242978803114,617468644568762.0,KOSDAQ
2026-04-02,1056.34,2,-59.84,-0.0536,1130.16,1132.4,1040.07,1530433833,15690194662058,584475537446468.0,KOSDAQ
2026-04-03,1063.75,1,7.41,0.0069999999999999,1079.17,1083.24,1054.12,953913331,9933263480478,588614872147610.0,KOSDAQ
2026-04-06,1047.37,2,-16.38,-0.0154,1068.33,1077.04,1044.85,1176730535,10099541779303,579676700642483.0,KOSDAQ
2026-04-07,1036.73,2,-10.64,-0.0102,1060.25,1068.86,1026.95,1154251349,10100140132294,573940668475069.0,KOSDAQ
2026-04-08,1089.85,1,53.12,0.0512,1084.57,1090.04,1071.35,1198291065,13091398681907,603114478851788.0,KOSDAQ
2026-04-09,1076.0,2,-13.85,-0.0127,1083.4,1091.38,1068.82,1223574096,9927107350485,595710827010340.0,KOSDAQ
2026-04-10,1093.63,1,17.63,0.0163999999999999,1089.14,1098.43,1082.92,1516075185,13361912993233,604998495600870.0,KOSDAQ
2026-04-13,1099.84,1,6.21,0.0056999999999999,1076.85,1101.11,1074.84,1282994264,11789104541300,609163010383522.0,KOSDAQ
2026-04-14,1121.88,1,22.04,0.02,1120.61,1125.92,1118.05,1429628407,14485006522002,621379788922053.0,KOSDAQ
2026-04-15,1152.43,1,30.55,0.0272,1140.62,1156.02,1135.35,1533311949,15890061669009,638916947906494.0,KOSDAQ
2026-04-16,1162.97,1,10.54,0.0091,1163.0,1168.77,1156.31,1902506000,16846988191463,645053229984670.0,KOSDAQ
2026-04-17,1170.04,1,7.07,0.0060999999999999,1166.78,1170.63,1156.02,1836660144,15880436755047,648844386003391.0,KOSDAQ
2026-04-20,1174.85,1,4.81,0.0040999999999999,1167.1,1186.2,1161.0,1488714924,14486811218478,651585334230494.0,KOSDAQ
2026-04-21,1179.03,1,4.18,0.0036,1186.23,1187.0,1172.18,1571861077,15994197934466,653303881344446.0,KOSDAQ
2026-04-22,1181.12,1,2.09,0.0018,1176.83,1181.12,1160.5,1427239416,14713096947513,654310293542610.0,KOSDAQ
2026-04-23,1174.31,2,-6.81,-0.0058,1189.1,1189.49,1152.34,1687848649,16266422135007,650661628659449.0,KOSDAQ
2026-04-24,1203.84,1,29.53,0.0250999999999999,1176.42,1203.84,1172.32,1402973126,17393579089455,666921567884391.0,KOSDAQ
2026-04-27,1226.18,1,22.34,0.0186,1213.13,1229.42,1209.28,1523708483,17600375043950,679545242807203.0,KOSDAQ
2026-04-28,1215.58,2,-10.6,-0.0086,1226.76,1226.76,1207.47,1527371596,13872152782438,673948281274638.0,KOSDAQ
2026-04-29,1220.26,1,4.68,0.0039,1213.28,1220.94,1206.11,1255886449,15791970883741,677626706864879.0,KOSDAQ
2026-04-30,1192.35,2,-27.91,-0.0229,1224.75,1225.26,1189.52,1386410174,15290292450454,661991784934690.0,KOSDAQ
